Action,FileName,Role,State,Posture,Weather,TimeOfDay,TimeRemaining,RoundDuration,Capacity,Military,HRA,Scientist,Medic,GameNumber,RoundNumber,GameInstanceID,StartTimestamp,OperatorName,PlayerName
skip,data/data/test_images/injured/p_0194_n_r_i_cropped.png,police,injured,injured,rain,night,112,120,0,500,500,500,500,1,1,826fe26e-5966-4f7e-b052-3e06702fd9e7,2025-07-28 14:04:37.122,Ayaan,Subject 100
skip,data/data/test_images/injured/do_0028_d_i_cropped.png,doctor,injured,injured,sunny,day,108,120,0,500,480,500,460,1,1,826fe26e-5966-4f7e-b052-3e06702fd9e7,2025-07-28 14:04:37.122,Ayaan,Subject 100
save,data/data/test_images/zombie/m_z_0068_d_s_cropped.png,business,zombie,standing,sunny,day,103,120,0,500,480,500,420,1,1,826fe26e-5966-4f7e-b052-3e06702fd9e7,2025-07-28 14:04:37.122,Ayaan,Subject 100
skip,data/data/test_images/healthy/m_0013_d_s_cropped.png,business,healthy,standing,sunny,day,100,120,1,460,520,580,380,1,1,826fe26e-5966-4f7e-b052-3e06702fd9e7,2025-07-28 14:04:37.122,Ayaan,Subject 100
skip,data/data/test_images/corpse/m_c_0087_n_r_cropped.png,business,corpse,injured,rain,night,97,120,1,440,520,580,380,1,1,826fe26e-5966-4f7e-b052-3e06702fd9e7,2025-07-28 14:04:37.122,Ayaan,Subject 100
save,data/data/test_images/healthy/m_0132_n_r_s_cropped.png,business,healthy,standing,rain,night,56,120,1,420,520,580,380,1,1,826fe26e-5966-4f7e-b052-3e06702fd9e7,2025-07-28 14:04:37.122,Ayaan,Subject 100
skip,data/data/test_images/corpse/g_c_0055_n_r_cropped.png,elderly,corpse,injured,rain,night,53,120,2,460,560,600,380,1,1,826fe26e-5966-4f7e-b052-3e06702fd9e7,2025-07-28 14:04:37.122,Ayaan,Subject 100
skip,data/data/test_images/injured/g_0091_d_i_cropped.png,elderly,injured,injured,sunny,day,51,120,2,440,560,600,380,1,1,826fe26e-5966-4f7e-b052-3e06702fd9e7,2025-07-28 14:04:37.122,Ayaan,Subject 100
squish,data/data/test_images/zombie/m_z_0145_n_r_s_cropped.png,business,zombie,standing,rain,night,45,120,2,440,560,600,320,1,1,826fe26e-5966-4f7e-b052-3e06702fd9e7,2025-07-28 14:04:37.122,Ayaan,Subject 100
skip,data/data/test_images/corpse/do_c_0163_d_cropped.png,doctor,corpse,injured,sunny,day,41,120,2,480,520,580,320,1,1,826fe26e-5966-4f7e-b052-3e06702fd9e7,2025-07-28 14:04:37.122,Ayaan,Subject 100
save,data/data/test_images/healthy/do_0016_d_s_cropped.png,doctor,healthy,standing,sunny,day,37,120,2,460,520,580,320,1,1,826fe26e-5966-4f7e-b052-3e06702fd9e7,2025-07-28 14:04:37.122,Ayaan,Subject 100
skip,data/data/test_images/corpse/m_c_0106_n_r_cropped.png,business,corpse,injured,rain,night,34,120,3,500,560,580,360,1,1,826fe26e-5966-4f7e-b052-3e06702fd9e7,2025-07-28 14:04:37.122,Ayaan,Subject 100
save,data/data/test_images/healthy/p_0003_n_r_s_cropped.png,police,healthy,standing,rain,night,30,120,3,480,560,580,360,1,1,826fe26e-5966-4f7e-b052-3e06702fd9e7,2025-07-28 14:04:37.122,Ayaan,Subject 100
save,data/data/test_images/healthy/do_0165_d_s_cropped.png,doctor,healthy,standing,sunny,day,25,120,4,560,580,580,360,1,1,826fe26e-5966-4f7e-b052-3e06702fd9e7,2025-07-28 14:04:37.122,Ayaan,Subject 100
skip,data/data/test_images/corpse/m_c_0149_d_cropped.png,business,corpse,injured,sunny,day,22,120,5,600,620,580,400,1,1,826fe26e-5966-4f7e-b052-3e06702fd9e7,2025-07-28 14:04:37.122,Ayaan,Subject 100
skip,data/data/test_images/corpse/p_c_0144_d_cropped.png,police,corpse,injured,sunny,day,20,120,5,580,620,580,400,1,1,826fe26e-5966-4f7e-b052-3e06702fd9e7,2025-07-28 14:04:37.122,Ayaan,Subject 100
skip,data/data/test_images/healthy/p_0012_d_s_cropped.png,police,healthy,standing,sunny,day,17,120,5,560,620,580,400,1,1,826fe26e-5966-4f7e-b052-3e06702fd9e7,2025-07-28 14:04:37.122,Ayaan,Subject 100
skip,data/data/test_images/injured/p_0117_d_i_cropped.png,police,injured,injured,sunny,day,15,120,5,540,600,580,400,1,1,826fe26e-5966-4f7e-b052-3e06702fd9e7,2025-07-28 14:04:37.122,Ayaan,Subject 100
squish,data/data/test_images/zombie/z_0171_n_r_s_cropped.png,default,zombie,standing,rain,night,11,120,5,540,580,580,360,1,1,826fe26e-5966-4f7e-b052-3e06702fd9e7,2025-07-28 14:04:37.122,Ayaan,Subject 100
squish,data/data/test_images/zombie/p_z_0120_n_r_s_cropped.png,police,zombie,standing,rain,night,9,120,5,580,540,560,360,1,1,826fe26e-5966-4f7e-b052-3e06702fd9e7,2025-07-28 14:04:37.122,Ayaan,Subject 100
save,data/data/test_images/healthy/p_0066_n_r_s_cropped.png,police,healthy,standing,rain,night,5,120,5,620,500,540,360,1,1,826fe26e-5966-4f7e-b052-3e06702fd9e7,2025-07-28 14:04:37.122,Ayaan,Subject 100
skip,data/data/test_images/corpse/m_c_0167_n_r_cropped.png,business,corpse,injured,rain,night,2,120,6,700,520,540,360,1,1,826fe26e-5966-4f7e-b052-3e06702fd9e7,2025-07-28 14:04:37.122,Ayaan,Subject 100
skip,data/data/test_images/injured/p_0061_n_r_i_cropped.png,police,injured,injured,rain,night,0,120,6,680,520,540,360,1,1,826fe26e-5966-4f7e-b052-3e06702fd9e7,2025-07-28 14:04:37.122,Ayaan,Subject 100
skip,data/data/test_images/healthy/g_0126_n_r_s_cropped.png,elderly,healthy,standing,rain,night,72,76,0,500,500,500,500,2,1,826fe26e-5966-4f7e-b052-3e06702fd9e7,2025-07-28 14:04:37.122,Ayaan,Subject 100
save,data/data/test_images/injured/p_0178_d_i_cropped.png,police,injured,injured,sunny,day,68,76,0,480,500,500,480,2,1,826fe26e-5966-4f7e-b052-3e06702fd9e7,2025-07-28 14:04:37.122,Ayaan,Subject 100
squish,data/data/test_images/zombie/p_z_0050_n_r_s_cropped.png,police,zombie,standing,rain,night,65,76,1,500,520,500,520,2,1,826fe26e-5966-4f7e-b052-3e06702fd9e7,2025-07-28 14:04:37.122,Ayaan,Subject 100
skip,data/data/test_images/healthy/h_0148_d_s_cropped.png,default,healthy,standing,sunny,day,59,76,1,540,480,480,520,2,1,826fe26e-5966-4f7e-b052-3e06702fd9e7,2025-07-28 14:04:37.122,Ayaan,Subject 100
squish,data/data/test_images/corpse/do_c_0061_d_cropped.png,doctor,corpse,injured,sunny,day,55,76,1,520,480,480,520,2,1,826fe26e-5966-4f7e-b052-3e06702fd9e7,2025-07-28 14:04:37.122,Ayaan,Subject 100
skip,data/data/test_images/injured/p_0085_d_i_cropped.png,police,injured,injured,sunny,day,51,76,1,520,460,480,520,2,1,826fe26e-5966-4f7e-b052-3e06702fd9e7,2025-07-28 14:04:37.122,Ayaan,Subject 100
skip,data/data/test_images/injured/h_0072_d_i_cropped.png,default,injured,injured,sunny,day,48,76,1,520,440,480,480,2,1,826fe26e-5966-4f7e-b052-3e06702fd9e7,2025-07-28 14:04:37.122,Ayaan,Subject 100
skip,data/data/test_images/zombie/g_z_0158_d_s_cropped.png,elderly,zombie,standing,sunny,day,44,76,1,500,440,480,480,2,1,826fe26e-5966-4f7e-b052-3e06702fd9e7,2025-07-28 14:04:37.122,Ayaan,Subject 100
skip,data/data/test_images/zombie/g_z_0005_d_s_cropped.png,elderly,zombie,standing,sunny,day,42,76,1,480,440,480,480,2,1,826fe26e-5966-4f7e-b052-3e06702fd9e7,2025-07-28 14:04:37.122,Ayaan,Subject 100
save,data/data/test_images/injured/h_0120_d_i_cropped.png,default,injured,injured,sunny,day,32,76,1,460,440,480,480,2,1,826fe26e-5966-4f7e-b052-3e06702fd9e7,2025-07-28 14:04:37.122,Ayaan,Subject 100
save,data/data/test_images/injured/m_0043_d_i_cropped.png,business,injured,injured,sunny,day,25,76,2,420,480,560,440,2,1,826fe26e-5966-4f7e-b052-3e06702fd9e7,2025-07-28 14:04:37.122,Ayaan,Subject 100
save,data/data/test_images/healthy/do_0051_n_r_s_cropped.png,doctor,healthy,standing,rain,night,22,76,3,400,520,580,480,2,1,826fe26e-5966-4f7e-b052-3e06702fd9e7,2025-07-28 14:04:37.122,Ayaan,Subject 100
squish,data/data/test_images/healthy/m_0150_n_r_s_cropped.png,business,healthy,standing,rain,night,19,76,4,440,560,580,520,2,1,826fe26e-5966-4f7e-b052-3e06702fd9e7,2025-07-28 14:04:37.122,Ayaan,Subject 100
squish,data/data/test_images/zombie/m_z_0081_n_r_s_cropped.png,business,zombie,standing,rain,night,16,76,4,420,520,640,480,2,1,826fe26e-5966-4f7e-b052-3e06702fd9e7,2025-07-28 14:04:37.122,Ayaan,Subject 100
skip,data/data/test_images/corpse/do_c_0040_d_cropped.png,doctor,corpse,injured,sunny,day,11,76,4,460,480,620,480,2,1,826fe26e-5966-4f7e-b052-3e06702fd9e7,2025-07-28 14:04:37.122,Ayaan,Subject 100
skip,data/data/test_images/injured/g_0149_d_i_cropped.png,elderly,injured,injured,sunny,day,7,76,4,440,480,620,480,2,1,826fe26e-5966-4f7e-b052-3e06702fd9e7,2025-07-28 14:04:37.122,Ayaan,Subject 100
save,data/data/test_images/injured/p_0115_d_i_cropped.png,police,injured,injured,sunny,day,4,76,4,440,480,620,420,2,1,826fe26e-5966-4f7e-b052-3e06702fd9e7,2025-07-28 14:04:37.122,Ayaan,Subject 100
skip,data/data/test_images/healthy/m_0009_d_s_cropped.png,business,healthy,standing,sunny,day,63,72,0,460,500,620,460,2,2,826fe26e-5966-4f7e-b052-3e06702fd9e7,2025-07-28 14:04:37.122,Ayaan,Subject 100
skip,data/data/test_images/zombie/g_z_0190_d_s_cropped.png,elderly,zombie,standing,sunny,day,59,72,0,440,500,620,460,2,2,826fe26e-5966-4f7e-b052-3e06702fd9e7,2025-07-28 14:04:37.122,Ayaan,Subject 100
skip,data/data/test_images/healthy/g_0043_d_s_cropped.png,elderly,healthy,standing,sunny,day,54,72,0,420,500,620,460,2,2,826fe26e-5966-4f7e-b052-3e06702fd9e7,2025-07-28 14:04:37.122,Ayaan,Subject 100
skip,data/data/test_images/injured/g_0120_d_i_cropped.png,elderly,injured,injured,sunny,day,50,72,0,400,500,620,440,2,2,826fe26e-5966-4f7e-b052-3e06702fd9e7,2025-07-28 14:04:37.122,Ayaan,Subject 100
save,data/data/test_images/corpse/do_c_0195_d_cropped.png,doctor,corpse,injured,sunny,day,47,72,0,400,500,620,380,2,2,826fe26e-5966-4f7e-b052-3e06702fd9e7,2025-07-28 14:04:37.122,Ayaan,Subject 100
save,data/data/test_images/injured/m_0161_d_i_cropped.png,business,injured,injured,sunny,day,43,72,1,400,500,620,360,2,2,826fe26e-5966-4f7e-b052-3e06702fd9e7,2025-07-28 14:04:37.122,Ayaan,Subject 100
save,data/data/test_images/healthy/p_0179_n_r_s_cropped.png,police,healthy,standing,rain,night,39,72,2,380,540,640,400,2,2,826fe26e-5966-4f7e-b052-3e06702fd9e7,2025-07-28 14:04:37.122,Ayaan,Subject 100
save,data/data/test_images/corpse/do_c_0062_d_cropped.png,doctor,corpse,injured,sunny,day,27,72,3,460,560,640,400,2,2,826fe26e-5966-4f7e-b052-3e06702fd9e7,2025-07-28 14:04:37.122,Ayaan,Subject 100
skip,data/data/test_images/corpse/g_c_0093_n_r_cropped.png,elderly,corpse,injured,rain,night,23,72,4,460,560,640,380,2,2,826fe26e-5966-4f7e-b052-3e06702fd9e7,2025-07-28 14:04:37.122,Ayaan,Subject 100
skip,data/data/test_images/corpse/g_c_0192_d_cropped.png,elderly,corpse,injured,sunny,day,19,72,4,440,560,640,380,2,2,826fe26e-5966-4f7e-b052-3e06702fd9e7,2025-07-28 14:04:37.122,Ayaan,Subject 100
skip,data/data/test_images/zombie/m_z_0142_n_r_s_cropped.png,business,zombie,standing,rain,night,12,72,4,420,560,640,380,2,2,826fe26e-5966-4f7e-b052-3e06702fd9e7,2025-07-28 14:04:37.122,Ayaan,Subject 100
save,data/data/test_images/corpse/p_c_0046_n_r_cropped.png,police,corpse,injured,rain,night,8,72,4,400,560,640,380,2,2,826fe26e-5966-4f7e-b052-3e06702fd9e7,2025-07-28 14:04:37.122,Ayaan,Subject 100
save,data/data/test_images/healthy/p_0102_n_r_s_cropped.png,police,healthy,standing,rain,night,4,72,5,400,560,640,360,2,2,826fe26e-5966-4f7e-b052-3e06702fd9e7,2025-07-28 14:04:37.122,Ayaan,Subject 100
squish,data/data/test_images/zombie/m_z_0189_n_r_s_cropped.png,business,zombie,standing,rain,night,0,72,6,480,580,640,360,2,2,826fe26e-5966-4f7e-b052-3e06702fd9e7,2025-07-28 14:04:37.122,Ayaan,Subject 100
skip,data/data/test_images/healthy/g_0199_n_r_s_cropped.png,elderly,healthy,standing,rain,night,75,81,0,520,540,620,360,2,3,826fe26e-5966-4f7e-b052-3e06702fd9e7,2025-07-28 14:04:37.122,Ayaan,Subject 100
save,data/data/test_images/healthy/g_0147_n_r_s_cropped.png,elderly,healthy,standing,rain,night,72,81,0,500,540,620,340,2,3,826fe26e-5966-4f7e-b052-3e06702fd9e7,2025-07-28 14:04:37.122,Ayaan,Subject 100
save,data/data/test_images/injured/do_0038_d_i_cropped.png,doctor,injured,injured,sunny,day,69,81,1,460,580,620,360,2,3,826fe26e-5966-4f7e-b052-3e06702fd9e7,2025-07-28 14:04:37.122,Ayaan,Subject 100
squish,data/data/test_images/zombie/z_0074_n_r_s_cropped.png,default,zombie,standing,rain,night,66,81,2,440,620,620,440,2,3,826fe26e-5966-4f7e-b052-3e06702fd9e7,2025-07-28 14:04:37.122,Ayaan,Subject 100
save,data/data/test_images/injured/m_0163_n_r_i_cropped.png,business,injured,injured,rain,night,63,81,2,480,580,600,440,2,3,826fe26e-5966-4f7e-b052-3e06702fd9e7,2025-07-28 14:04:37.122,Ayaan,Subject 100
skip,data/data/test_images/healthy/m_0118_n_r_s_cropped.png,business,healthy,standing,rain,night,59,81,3,460,620,620,480,2,3,826fe26e-5966-4f7e-b052-3e06702fd9e7,2025-07-28 14:04:37.122,Ayaan,Subject 100
save,data/data/test_images/healthy/do_0115_n_r_s_cropped.png,doctor,healthy,standing,rain,night,56,81,3,440,620,620,480,2,3,826fe26e-5966-4f7e-b052-3e06702fd9e7,2025-07-28 14:04:37.122,Ayaan,Subject 100
squish,data/data/test_images/corpse/c_0088_n_r_cropped.png,default,corpse,injured,rain,night,53,81,4,480,660,620,520,2,3,826fe26e-5966-4f7e-b052-3e06702fd9e7,2025-07-28 14:04:37.122,Ayaan,Subject 100
squish,data/data/test_images/healthy/p_0079_d_s_cropped.png,police,healthy,standing,sunny,day,51,81,4,480,640,620,520,2,3,826fe26e-5966-4f7e-b052-3e06702fd9e7,2025-07-28 14:04:37.122,Ayaan,Subject 100
squish,data/data/test_images/corpse/p_c_0096_n_r_cropped.png,police,corpse,injured,rain,night,48,81,4,440,600,620,480,2,3,826fe26e-5966-4f7e-b052-3e06702fd9e7,2025-07-28 14:04:37.122,Ayaan,Subject 100
save,data/data/test_images/healthy/do_0197_d_s_cropped.png,doctor,healthy,standing,sunny,day,46,81,4,440,580,620,480,2,3,826fe26e-5966-4f7e-b052-3e06702fd9e7,2025-07-28 14:04:37.122,Ayaan,Subject 100
squish,data/data/test_images/zombie/m_z_0196_d_s_cropped.png,business,zombie,standing,sunny,day,44,81,5,480,620,620,520,2,3,826fe26e-5966-4f7e-b052-3e06702fd9e7,2025-07-28 14:04:37.122,Ayaan,Subject 100
squish,data/data/test_images/injured/h_0059_n_r_i_cropped.png,default,injured,injured,rain,night,41,81,5,520,580,600,520,2,3,826fe26e-5966-4f7e-b052-3e06702fd9e7,2025-07-28 14:04:37.122,Ayaan,Subject 100
save,data/data/test_images/corpse/p_c_0115_d_cropped.png,police,corpse,injured,sunny,day,37,81,5,560,540,580,520,2,3,826fe26e-5966-4f7e-b052-3e06702fd9e7,2025-07-28 14:04:37.122,Ayaan,Subject 100
squish,data/data/test_images/corpse/c_0047_n_r_cropped.png,default,corpse,injured,rain,night,30,81,6,560,540,580,500,2,3,826fe26e-5966-4f7e-b052-3e06702fd9e7,2025-07-28 14:04:37.122,Ayaan,Subject 100
squish,data/data/test_images/corpse/c_0153_d_cropped.png,default,corpse,injured,sunny,day,27,81,6,560,520,580,500,2,3,826fe26e-5966-4f7e-b052-3e06702fd9e7,2025-07-28 14:04:37.122,Ayaan,Subject 100
squish,data/data/test_images/zombie/z_0059_d_s_cropped.png,default,zombie,standing,sunny,day,25,81,6,560,500,580,500,2,3,826fe26e-5966-4f7e-b052-3e06702fd9e7,2025-07-28 14:04:37.122,Ayaan,Subject 100
save,data/data/test_images/injured/p_0004_n_r_i_cropped.png,police,injured,injured,rain,night,23,81,6,600,460,560,500,2,3,826fe26e-5966-4f7e-b052-3e06702fd9e7,2025-07-28 14:04:37.122,Ayaan,Subject 100
save,data/data/test_images/corpse/g_c_0117_n_r_cropped.png,elderly,corpse,injured,rain,night,17,81,7,620,480,560,540,2,3,826fe26e-5966-4f7e-b052-3e06702fd9e7,2025-07-28 14:04:37.122,Ayaan,Subject 100
skip,data/data/test_images/injured/g_0041_n_r_i_cropped.png,elderly,injured,injured,rain,night,13,81,8,620,480,560,520,2,3,826fe26e-5966-4f7e-b052-3e06702fd9e7,2025-07-28 14:04:37.122,Ayaan,Subject 100
save,data/data/test_images/healthy/do_0183_d_s_cropped.png,doctor,healthy,standing,sunny,day,10,81,8,620,480,560,460,2,3,826fe26e-5966-4f7e-b052-3e06702fd9e7,2025-07-28 14:04:37.122,Ayaan,Subject 100
squish,data/data/test_images/zombie/z_do_0001_n_r_s_cropped.png,default,zombie,standing,rain,night,8,81,9,660,520,560,500,2,3,826fe26e-5966-4f7e-b052-3e06702fd9e7,2025-07-28 14:04:37.122,Ayaan,Subject 100
squish,data/data/test_images/corpse/p_c_0053_d_cropped.png,police,corpse,injured,sunny,day,5,81,9,700,480,540,500,2,3,826fe26e-5966-4f7e-b052-3e06702fd9e7,2025-07-28 14:04:37.122,Ayaan,Subject 100
skip,data/data/test_images/healthy/p_0126_n_r_s_cropped.png,police,healthy,standing,rain,night,1,81,9,700,460,540,500,2,3,826fe26e-5966-4f7e-b052-3e06702fd9e7,2025-07-28 14:04:37.122,Ayaan,Subject 100
save,data/data/test_images/healthy/do_0021_d_s_cropped.png,doctor,healthy,standing,sunny,day,67,70,0,500,500,500,500,3,1,826fe26e-5966-4f7e-b052-3e06702fd9e7,2025-07-28 14:04:37.122,Ayaan,Subject 100
squish,data/data/test_images/healthy/h_0148_d_s_cropped.png,default,healthy,standing,sunny,day,64,70,1,540,540,500,540,3,1,826fe26e-5966-4f7e-b052-3e06702fd9e7,2025-07-28 14:04:37.122,Ayaan,Subject 100
save,data/data/test_images/injured/do_0091_n_r_i_cropped.png,doctor,injured,injured,rain,night,62,70,1,580,500,480,540,3,1,826fe26e-5966-4f7e-b052-3e06702fd9e7,2025-07-28 14:04:37.122,Ayaan,Subject 100
squish,data/data/test_images/corpse/p_c_0115_n_r_cropped.png,police,corpse,injured,rain,night,60,70,2,560,540,480,620,3,1,826fe26e-5966-4f7e-b052-3e06702fd9e7,2025-07-28 14:04:37.122,Ayaan,Subject 100
save,data/data/test_images/injured/h_0144_n_r_i_cropped.png,default,injured,injured,rain,night,58,70,2,560,520,480,620,3,1,826fe26e-5966-4f7e-b052-3e06702fd9e7,2025-07-28 14:04:37.122,Ayaan,Subject 100
skip,data/data/test_images/healthy/g_0002_n_r_s_cropped.png,elderly,healthy,standing,rain,night,47,70,3,520,560,560,580,3,1,826fe26e-5966-4f7e-b052-3e06702fd9e7,2025-07-28 14:04:37.122,Ayaan,Subject 100
save,data/data/test_images/healthy/do_0094_n_r_s_cropped.png,doctor,healthy,standing,rain,night,45,70,3,500,560,560,560,3,1,826fe26e-5966-4f7e-b052-3e06702fd9e7,2025-07-28 14:04:37.122,Ayaan,Subject 100
squish,data/data/test_images/zombie/z_0136_n_r_s_cropped.png,default,zombie,standing,rain,night,36,70,4,540,600,560,600,3,1,826fe26e-5966-4f7e-b052-3e06702fd9e7,2025-07-28 14:04:37.122,Ayaan,Subject 100
squish,data/data/test_images/corpse/do_c_0049_d_cropped.png,doctor,corpse,injured,sunny,day,34,70,4,580,560,540,600,3,1,826fe26e-5966-4f7e-b052-3e06702fd9e7,2025-07-28 14:04:37.122,Ayaan,Subject 100
squish,data/data/test_images/injured/h_0029_d_i_cropped.png,default,injured,injured,sunny,day,32,70,4,580,540,540,600,3,1,826fe26e-5966-4f7e-b052-3e06702fd9e7,2025-07-28 14:04:37.122,Ayaan,Subject 100
squish,data/data/test_images/corpse/p_c_0119_d_cropped.png,police,corpse,injured,sunny,day,28,70,4,620,500,520,600,3,1,826fe26e-5966-4f7e-b052-3e06702fd9e7,2025-07-28 14:04:37.122,Ayaan,Subject 100
skip,data/data/test_images/injured/g_0011_d_i_cropped.png,elderly,injured,injured,sunny,day,25,70,4,620,480,520,600,3,1,826fe26e-5966-4f7e-b052-3e06702fd9e7,2025-07-28 14:04:37.122,Ayaan,Subject 100
squish,data/data/test_images/corpse/p_c_0093_d_cropped.png,police,corpse,injured,sunny,day,23,70,4,620,480,520,540,3,1,826fe26e-5966-4f7e-b052-3e06702fd9e7,2025-07-28 14:04:37.122,Ayaan,Subject 100
squish,data/data/test_images/zombie/p_z_0020_n_r_s_cropped.png,police,zombie,standing,rain,night,20,70,4,620,460,520,540,3,1,826fe26e-5966-4f7e-b052-3e06702fd9e7,2025-07-28 14:04:37.122,Ayaan,Subject 100
save,data/data/test_images/corpse/p_c_0190_d_cropped.png,police,corpse,injured,sunny,day,13,70,4,660,420,500,540,3,1,826fe26e-5966-4f7e-b052-3e06702fd9e7,2025-07-28 14:04:37.122,Ayaan,Subject 100
save,data/data/test_images/healthy/m_0064_d_s_cropped.png,business,healthy,standing,sunny,day,10,70,5,660,420,500,520,3,1,826fe26e-5966-4f7e-b052-3e06702fd9e7,2025-07-28 14:04:37.122,Ayaan,Subject 100
squish,data/data/test_images/corpse/do_c_0058_d_cropped.png,doctor,corpse,injured,sunny,day,6,70,6,700,460,520,520,3,1,826fe26e-5966-4f7e-b052-3e06702fd9e7,2025-07-28 14:04:37.122,Ayaan,Subject 100
save,data/data/test_images/corpse/c_0173_n_r_cropped.png,default,corpse,injured,rain,night,3,70,6,700,440,520,520,3,1,826fe26e-5966-4f7e-b052-3e06702fd9e7,2025-07-28 14:04:37.122,Ayaan,Subject 100
save,data/data/test_images/injured/h_0068_d_i_cropped.png,default,injured,injured,sunny,day,1,70,7,700,440,520,500,3,1,826fe26e-5966-4f7e-b052-3e06702fd9e7,2025-07-28 14:04:37.122,Ayaan,Subject 100
save,data/data/test_images/zombie/m_z_0168_d_s_cropped.png,business,zombie,standing,sunny,day,77,81,0,660,480,600,460,3,2,826fe26e-5966-4f7e-b052-3e06702fd9e7,2025-07-28 14:04:37.122,Ayaan,Subject 100
save,data/data/test_images/zombie/p_z_0077_n_r_s_cropped.png,police,zombie,standing,rain,night,73,81,1,620,520,680,420,3,2,826fe26e-5966-4f7e-b052-3e06702fd9e7,2025-07-28 14:04:37.122,Ayaan,Subject 100
squish,data/data/test_images/zombie/do_z_0139_d_s_cropped.png,doctor,zombie,standing,sunny,day,70,81,2,580,560,760,380,3,2,826fe26e-5966-4f7e-b052-3e06702fd9e7,2025-07-28 14:04:37.122,Ayaan,Subject 100
skip,data/data/test_images/healthy/h_0176_d_s_cropped.png,default,healthy,standing,sunny,day,66,81,2,620,520,740,380,3,2,826fe26e-5966-4f7e-b052-3e06702fd9e7,2025-07-28 14:04:37.122,Ayaan,Subject 100
skip,data/data/test_images/healthy/m_0152_n_r_s_cropped.png,business,healthy,standing,rain,night,63,81,2,600,520,740,380,3,2,826fe26e-5966-4f7e-b052-3e06702fd9e7,2025-07-28 14:04:37.122,Ayaan,Subject 100
skip,data/data/test_images/corpse/p_c_0126_d_cropped.png,police,corpse,injured,sunny,day,60,81,2,580,520,740,380,3,2,826fe26e-5966-4f7e-b052-3e06702fd9e7,2025-07-28 14:04:37.122,Ayaan,Subject 100
skip,data/data/test_images/healthy/g_0007_d_s_cropped.png,elderly,healthy,standing,sunny,day,57,81,2,560,520,740,380,3,2,826fe26e-5966-4f7e-b052-3e06702fd9e7,2025-07-28 14:04:37.122,Ayaan,Subject 100
skip,data/data/test_images/injured/g_0079_d_i_cropped.png,elderly,injured,injured,sunny,day,55,81,2,540,520,740,360,3,2,826fe26e-5966-4f7e-b052-3e06702fd9e7,2025-07-28 14:04:37.122,Ayaan,Subject 100
skip,data/data/test_images/corpse/c_0189_n_r_cropped.png,default,corpse,injured,rain,night,52,81,2,540,520,740,300,3,2,826fe26e-5966-4f7e-b052-3e06702fd9e7,2025-07-28 14:04:37.122,Ayaan,Subject 100
skip,data/data/test_images/corpse/p_c_0011_n_r_cropped.png,police,corpse,injured,rain,night,49,81,2,520,520,740,300,3,2,826fe26e-5966-4f7e-b052-3e06702fd9e7,2025-07-28 14:04:37.122,Ayaan,Subject 100
save,data/data/test_images/injured/m_0086_d_i_cropped.png,business,injured,injured,sunny,day,45,81,2,500,520,740,300,3,2,826fe26e-5966-4f7e-b052-3e06702fd9e7,2025-07-28 14:04:37.122,Ayaan,Subject 100
skip,data/data/test_images/zombie/p_z_0159_n_r_s_cropped.png,police,zombie,standing,rain,night,42,81,3,480,560,760,340,3,2,826fe26e-5966-4f7e-b052-3e06702fd9e7,2025-07-28 14:04:37.122,Ayaan,Subject 100
skip,data/data/test_images/healthy/h_0094_d_s_cropped.png,default,healthy,standing,sunny,day,39,81,3,460,560,760,340,3,2,826fe26e-5966-4f7e-b052-3e06702fd9e7,2025-07-28 14:04:37.122,Ayaan,Subject 100
skip,data/data/test_images/injured/h_0016_d_i_cropped.png,default,injured,injured,sunny,day,36,81,3,440,560,760,340,3,2,826fe26e-5966-4f7e-b052-3e06702fd9e7,2025-07-28 14:04:37.122,Ayaan,Subject 100
squish,data/data/test_images/zombie/z_0075_n_r_s_cropped.png,default,zombie,standing,rain,night,33,81,3,420,560,760,340,3,2,826fe26e-5966-4f7e-b052-3e06702fd9e7,2025-07-28 14:04:37.122,Ayaan,Subject 100
save,data/data/test_images/healthy/p_0015_n_r_s_cropped.png,police,healthy,standing,rain,night,30,81,3,460,520,740,340,3,2,826fe26e-5966-4f7e-b052-3e06702fd9e7,2025-07-28 14:04:37.122,Ayaan,Subject 100
skip,data/data/test_images/corpse/g_c_0131_n_r_cropped.png,elderly,corpse,injured,rain,night,28,81,4,540,540,740,340,3,2,826fe26e-5966-4f7e-b052-3e06702fd9e7,2025-07-28 14:04:37.122,Ayaan,Subject 100
skip,data/data/test_images/corpse/p_c_0177_d_cropped.png,police,corpse,injured,sunny,day,26,81,4,520,540,740,340,3,2,826fe26e-5966-4f7e-b052-3e06702fd9e7,2025-07-28 14:04:37.122,Ayaan,Subject 100
skip,data/data/test_images/healthy/h_0025_d_s_cropped.png,default,healthy,standing,sunny,day,23,81,4,500,540,740,340,3,2,826fe26e-5966-4f7e-b052-3e06702fd9e7,2025-07-28 14:04:37.122,Ayaan,Subject 100
skip,data/data/test_images/corpse/g_c_0041_d_cropped.png,elderly,corpse,injured,sunny,day,20,81,4,480,540,740,340,3,2,826fe26e-5966-4f7e-b052-3e06702fd9e7,2025-07-28 14:04:37.122,Ayaan,Subject 100
skip,data/data/test_images/corpse/p_c_0151_d_cropped.png,police,corpse,injured,sunny,day,14,81,4,460,540,740,340,3,2,826fe26e-5966-4f7e-b052-3e06702fd9e7,2025-07-28 14:04:37.122,Ayaan,Subject 100
squish,data/data/test_images/zombie/do_z_0073_d_s_cropped.png,doctor,zombie,standing,sunny,day,11,81,4,440,540,740,340,3,2,826fe26e-5966-4f7e-b052-3e06702fd9e7,2025-07-28 14:04:37.122,Ayaan,Subject 100
squish,data/data/test_images/zombie/z_0140_d_s_cropped.png,default,zombie,standing,sunny,day,9,81,4,480,500,720,340,3,2,826fe26e-5966-4f7e-b052-3e06702fd9e7,2025-07-28 14:04:37.122,Ayaan,Subject 100
skip,data/data/test_images/corpse/p_c_0078_d_cropped.png,police,corpse,injured,sunny,day,6,81,4,520,460,700,340,3,2,826fe26e-5966-4f7e-b052-3e06702fd9e7,2025-07-28 14:04:37.122,Ayaan,Subject 100
skip,data/data/test_images/corpse/p_c_0137_n_r_cropped.png,police,corpse,injured,rain,night,4,81,4,500,460,700,340,3,2,826fe26e-5966-4f7e-b052-3e06702fd9e7,2025-07-28 14:04:37.122,Ayaan,Subject 100
skip,data/data/test_images/healthy/g_0066_d_s_cropped.png,elderly,healthy,standing,sunny,day,0,81,4,480,460,700,340,3,2,826fe26e-5966-4f7e-b052-3e06702fd9e7,2025-07-28 14:04:37.122,Ayaan,Subject 100
save,data/data/test_images/healthy/do_0063_d_s_cropped.png,doctor,healthy,standing,sunny,day,114,120,0,500,500,500,500,1,1,2a8909bc-6326-4477-92dc-363364ca910d,2025-07-28 14:41:41.382,Ayaan,Subject 101
squish,data/data/test_images/zombie/p_z_0191_n_r_s_cropped.png,police,zombie,standing,rain,night,109,120,1,540,540,500,540,1,1,2a8909bc-6326-4477-92dc-363364ca910d,2025-07-28 14:41:41.382,Ayaan,Subject 101
squish,data/data/test_images/zombie/g_z_0152_d_s_cropped.png,elderly,zombie,standing,sunny,day,104,120,1,580,500,480,540,1,1,2a8909bc-6326-4477-92dc-363364ca910d,2025-07-28 14:41:41.382,Ayaan,Subject 101
save,data/data/test_images/healthy/h_0007_d_s_cropped.png,default,healthy,standing,sunny,day,100,120,1,620,460,460,540,1,1,2a8909bc-6326-4477-92dc-363364ca910d,2025-07-28 14:41:41.382,Ayaan,Subject 101
save,data/data/test_images/zombie/do_z_0018_d_s_cropped.png,doctor,zombie,standing,sunny,day,96,120,2,580,500,540,500,1,1,2a8909bc-6326-4477-92dc-363364ca910d,2025-07-28 14:41:41.382,Ayaan,Subject 101
save,data/data/test_images/injured/g_0167_n_r_i_cropped.png,elderly,injured,injured,rain,night,91,120,3,540,540,620,460,1,1,2a8909bc-6326-4477-92dc-363364ca910d,2025-07-28 14:41:41.382,Ayaan,Subject 101
save,data/data/test_images/injured/do_0079_d_i_cropped.png,doctor,injured,injured,sunny,day,87,120,4,440,580,620,520,1,1,2a8909bc-6326-4477-92dc-363364ca910d,2025-07-28 14:41:41.382,Ayaan,Subject 101
save,data/data/test_images/healthy/h_0054_n_r_s_cropped.png,default,healthy,standing,rain,night,80,120,5,420,620,620,600,1,1,2a8909bc-6326-4477-92dc-363364ca910d,2025-07-28 14:41:41.382,Ayaan,Subject 101
save,data/data/test_images/injured/p_0068_n_r_i_cropped.png,police,injured,injured,rain,night,75,120,6,380,660,700,560,1,1,2a8909bc-6326-4477-92dc-363364ca910d,2025-07-28 14:41:41.382,Ayaan,Subject 101
squish,data/data/test_images/corpse/c_0064_n_r_cropped.png,default,corpse,injured,rain,night,71,120,7,400,680,700,600,1,1,2a8909bc-6326-4477-92dc-363364ca910d,2025-07-28 14:41:41.382,Ayaan,Subject 101
squish,data/data/test_images/zombie/z_0053_d_s_cropped.png,default,zombie,standing,sunny,day,68,120,7,400,660,700,600,1,1,2a8909bc-6326-4477-92dc-363364ca910d,2025-07-28 14:41:41.382,Ayaan,Subject 101
save,data/data/test_images/injured/p_0150_d_i_cropped.png,police,injured,injured,sunny,day,64,120,7,440,620,680,600,1,1,2a8909bc-6326-4477-92dc-363364ca910d,2025-07-28 14:41:41.382,Ayaan,Subject 101
save,data/data/test_images/healthy/p_0117_d_s_cropped.png,police,healthy,standing,sunny,day,61,120,8,460,640,680,640,1,1,2a8909bc-6326-4477-92dc-363364ca910d,2025-07-28 14:41:41.382,Ayaan,Subject 101
save,data/data/test_images/zombie/p_z_0198_d_s_cropped.png,police,zombie,standing,sunny,day,57,120,9,540,660,680,640,1,1,2a8909bc-6326-4477-92dc-363364ca910d,2025-07-28 14:41:41.382,Ayaan,Subject 101
save,data/data/test_images/healthy/g_0167_n_r_s_cropped.png,elderly,healthy,standing,rain,night,53,120,10,500,700,760,600,1,1,2a8909bc-6326-4477-92dc-363364ca910d,2025-07-28 14:41:41.382,Ayaan,Subject 101
save,data/data/test_images/injured/p_0101_n_r_i_cropped.png,police,injured,injured,rain,night,50,120,11,460,740,760,620,1,1,2a8909bc-6326-4477-92dc-363364ca910d,2025-07-28 14:41:41.382,Ayaan,Subject 101
scram,data/data/test_images/healthy/m_0022_d_s_cropped.png,business,healthy,standing,sunny,day,47,120,12,480,760,760,660,1,1,2a8909bc-6326-4477-92dc-363364ca910d,2025-07-28 14:41:41.382,Ayaan,Subject 101
save,data/data/test_images/corpse/p_c_0048_n_r_cropped.png,police,corpse,injured,rain,night,41,120,0,480,760,760,660,1,1,2a8909bc-6326-4477-92dc-363364ca910d,2025-07-28 14:41:41.382,Ayaan,Subject 101
squish,data/data/test_images/zombie/p_z_0071_n_r_s_cropped.png,police,zombie,standing,rain,night,38,120,1,480,760,760,640,1,1,2a8909bc-6326-4477-92dc-363364ca910d,2025-07-28 14:41:41.382,Ayaan,Subject 101
save,data/data/test_images/healthy/h_0065_n_r_s_cropped.png,default,healthy,standing,rain,night,34,120,1,520,720,740,640,1,1,2a8909bc-6326-4477-92dc-363364ca910d,2025-07-28 14:41:41.382,Ayaan,Subject 101
save,data/data/test_images/corpse/m_c_0163_d_cropped.png,business,corpse,injured,sunny,day,30,120,2,480,760,820,600,1,1,2a8909bc-6326-4477-92dc-363364ca910d,2025-07-28 14:41:41.382,Ayaan,Subject 101
squish,data/data/test_images/zombie/m_z_0105_d_s_cropped.png,business,zombie,standing,sunny,day,26,120,3,480,760,820,580,1,1,2a8909bc-6326-4477-92dc-363364ca910d,2025-07-28 14:41:41.382,Ayaan,Subject 101
save,data/data/test_images/corpse/m_c_0158_n_r_cropped.png,business,corpse,injured,rain,night,23,120,3,520,720,800,580,1,1,2a8909bc-6326-4477-92dc-363364ca910d,2025-07-28 14:41:41.382,Ayaan,Subject 101
save,data/data/test_images/injured/h_0109_d_i_cropped.png,default,injured,injured,sunny,day,21,120,4,520,720,800,560,1,1,2a8909bc-6326-4477-92dc-363364ca910d,2025-07-28 14:41:41.382,Ayaan,Subject 101
skip,data/data/test_images/healthy/h_0184_d_s_cropped.png,default,healthy,standing,sunny,day,15,120,5,480,760,880,520,1,1,2a8909bc-6326-4477-92dc-363364ca910d,2025-07-28 14:41:41.382,Ayaan,Subject 101
skip,data/data/test_images/injured/g_0008_d_i_cropped.png,elderly,injured,injured,sunny,day,12,120,5,460,760,880,520,1,1,2a8909bc-6326-4477-92dc-363364ca910d,2025-07-28 14:41:41.382,Ayaan,Subject 101
save,data/data/test_images/injured/h_0068_n_r_i_cropped.png,default,injured,injured,rain,night,8,120,5,460,760,880,460,1,1,2a8909bc-6326-4477-92dc-363364ca910d,2025-07-28 14:41:41.382,Ayaan,Subject 101
save,data/data/test_images/healthy/do_0171_d_s_cropped.png,doctor,healthy,standing,sunny,day,4,120,6,420,800,960,420,1,1,2a8909bc-6326-4477-92dc-363364ca910d,2025-07-28 14:41:41.382,Ayaan,Subject 101
save,data/data/test_images/zombie/g_z_0028_d_s_cropped.png,elderly,zombie,standing,sunny,day,32,38,0,460,840,960,460,1,2,2a8909bc-6326-4477-92dc-363364ca910d,2025-07-28 14:41:41.382,Ayaan,Subject 101
squish,data/data/test_images/zombie/g_z_0149_d_s_cropped.png,elderly,zombie,standing,sunny,day,27,38,1,420,880,1000,420,1,2,2a8909bc-6326-4477-92dc-363364ca910d,2025-07-28 14:41:41.382,Ayaan,Subject 101
save,data/data/test_images/healthy/do_0042_n_r_s_cropped.png,doctor,healthy,standing,rain,night,23,38,1,460,840,980,420,1,2,2a8909bc-6326-4477-92dc-363364ca910d,2025-07-28 14:41:41.382,Ayaan,Subject 101
save,data/data/test_images/healthy/m_0149_n_r_s_cropped.png,business,healthy,standing,rain,night,18,38,2,500,880,980,460,1,2,2a8909bc-6326-4477-92dc-363364ca910d,2025-07-28 14:41:41.382,Ayaan,Subject 101
save,data/data/test_images/zombie/g_z_0045_d_s_cropped.png,elderly,zombie,standing,sunny,day,9,38,3,540,920,1000,460,1,2,2a8909bc-6326-4477-92dc-363364ca910d,2025-07-28 14:41:41.382,Ayaan,Subject 101
squish,data/data/test_images/corpse/do_c_0098_n_r_cropped.png,doctor,corpse,injured,rain,night,0,38,4,500,960,1000,420,1,2,2a8909bc-6326-4477-92dc-363364ca910d,2025-07-28 14:41:41.382,Ayaan,Subject 101
skip,data/data/test_images/corpse/do_c_0054_d_cropped.png,doctor,corpse,injured,sunny,day,33,37,0,500,940,1000,420,1,3,2a8909bc-6326-4477-92dc-363364ca910d,2025-07-28 14:41:41.382,Ayaan,Subject 101
skip,data/data/test_images/corpse/m_c_0166_n_r_cropped.png,business,corpse,injured,rain,night,28,37,0,480,940,1000,420,1,3,2a8909bc-6326-4477-92dc-363364ca910d,2025-07-28 14:41:41.382,Ayaan,Subject 101
skip,data/data/test_images/corpse/c_0001_d_cropped.png,default,corpse,injured,sunny,day,24,37,0,460,940,1000,420,1,3,2a8909bc-6326-4477-92dc-363364ca910d,2025-07-28 14:41:41.382,Ayaan,Subject 101
save,data/data/test_images/corpse/p_c_0012_n_r_cropped.png,police,corpse,injured,rain,night,19,37,0,440,940,1000,420,1,3,2a8909bc-6326-4477-92dc-363364ca910d,2025-07-28 14:41:41.382,Ayaan,Subject 101
save,data/data/test_images/healthy/g_0052_n_r_s_cropped.png,elderly,healthy,standing,rain,night,15,37,1,440,940,1000,400,1,3,2a8909bc-6326-4477-92dc-363364ca910d,2025-07-28 14:41:41.382,Ayaan,Subject 101
skip,data/data/test_images/corpse/c_0003_d_cropped.png,default,corpse,injured,sunny,day,10,37,2,400,980,1000,420,1,3,2a8909bc-6326-4477-92dc-363364ca910d,2025-07-28 14:41:41.382,Ayaan,Subject 101
squish,data/data/test_images/corpse/p_c_0007_d_cropped.png,police,corpse,injured,sunny,day,6,37,2,380,980,1000,420,1,3,2a8909bc-6326-4477-92dc-363364ca910d,2025-07-28 14:41:41.382,Ayaan,Subject 101
squish,data/data/test_images/corpse/p_c_0060_n_r_cropped.png,police,corpse,injured,rain,night,2,37,2,380,960,1000,420,1,3,2a8909bc-6326-4477-92dc-363364ca910d,2025-07-28 14:41:41.382,Ayaan,Subject 101
save,data/data/test_images/healthy/h_0189_n_r_s_cropped.png,default,healthy,standing,rain,night,47,51,0,500,500,500,500,2,1,2a8909bc-6326-4477-92dc-363364ca910d,2025-07-28 14:41:41.382,Ayaan,Subject 101
save,data/data/test_images/injured/do_0020_d_i_cropped.png,doctor,injured,injured,sunny,day,43,51,1,460,540,580,460,2,1,2a8909bc-6326-4477-92dc-363364ca910d,2025-07-28 14:41:41.382,Ayaan,Subject 101
save,data/data/test_images/corpse/g_c_0009_n_r_cropped.png,elderly,corpse,injured,rain,night,39,51,2,440,580,580,540,2,1,2a8909bc-6326-4477-92dc-363364ca910d,2025-07-28 14:41:41.382,Ayaan,Subject 101
save,data/data/test_images/healthy/p_0156_d_s_cropped.png,police,healthy,standing,sunny,day,35,51,3,440,580,580,520,2,1,2a8909bc-6326-4477-92dc-363364ca910d,2025-07-28 14:41:41.382,Ayaan,Subject 101
save,data/data/test_images/injured/m_0090_n_r_i_cropped.png,business,injured,injured,rain,night,30,51,4,520,600,580,520,2,1,2a8909bc-6326-4477-92dc-363364ca910d,2025-07-28 14:41:41.382,Ayaan,Subject 101
save,data/data/test_images/injured/do_0132_n_r_i_cropped.png,doctor,injured,injured,rain,night,26,51,5,500,640,600,560,2,1,2a8909bc-6326-4477-92dc-363364ca910d,2025-07-28 14:41:41.382,Ayaan,Subject 101
save,data/data/test_images/healthy/p_0122_n_r_s_cropped.png,police,healthy,standing,rain,night,23,51,6,480,680,600,640,2,1,2a8909bc-6326-4477-92dc-363364ca910d,2025-07-28 14:41:41.382,Ayaan,Subject 101
skip,data/data/test_images/injured/m_0014_d_i_cropped.png,business,injured,injured,sunny,day,18,51,7,560,700,600,640,2,1,2a8909bc-6326-4477-92dc-363364ca910d,2025-07-28 14:41:41.382,Ayaan,Subject 101
save,data/data/test_images/injured/do_0003_d_i_cropped.png,doctor,injured,injured,sunny,day,14,51,7,560,700,600,600,2,1,2a8909bc-6326-4477-92dc-363364ca910d,2025-07-28 14:41:41.382,Ayaan,Subject 101
save,data/data/test_images/injured/h_0063_d_i_cropped.png,default,injured,injured,sunny,day,10,51,8,540,740,600,680,2,1,2a8909bc-6326-4477-92dc-363364ca910d,2025-07-28 14:41:41.382,Ayaan,Subject 101
save,data/data/test_images/healthy/p_0188_n_r_s_cropped.png,police,healthy,standing,rain,night,7,51,9,500,780,680,640,2,1,2a8909bc-6326-4477-92dc-363364ca910d,2025-07-28 14:41:41.382,Ayaan,Subject 101
save,data/data/test_images/injured/m_0079_n_r_i_cropped.png,business,injured,injured,rain,night,3,51,10,580,800,680,640,2,1,2a8909bc-6326-4477-92dc-363364ca910d,2025-07-28 14:41:41.382,Ayaan,Subject 101
save,data/data/test_images/injured/h_0085_n_r_i_cropped.png,default,injured,injured,rain,night,0,51,11,560,840,700,680,2,1,2a8909bc-6326-4477-92dc-363364ca910d,2025-07-28 14:41:41.382,Ayaan,Subject 101
squish,data/data/test_images/corpse/m_c_0056_d_cropped.png,business,corpse,injured,sunny,day,66,71,0,500,500,500,500,3,1,2a8909bc-6326-4477-92dc-363364ca910d,2025-07-28 14:41:41.382,Ayaan,Subject 101
squish,data/data/test_images/injured/m_0175_d_i_cropped.png,business,injured,injured,sunny,day,61,71,0,500,480,500,500,3,1,2a8909bc-6326-4477-92dc-363364ca910d,2025-07-28 14:41:41.382,Ayaan,Subject 101
save,data/data/test_images/corpse/c_0054_n_r_cropped.png,default,corpse,injured,rain,night,56,71,0,500,460,560,460,3,1,2a8909bc-6326-4477-92dc-363364ca910d,2025-07-28 14:41:41.382,Ayaan,Subject 101
save,data/data/test_images/zombie/m_z_0176_d_s_cropped.png,business,zombie,standing,sunny,day,52,71,1,500,460,560,440,3,1,2a8909bc-6326-4477-92dc-363364ca910d,2025-07-28 14:41:41.382,Ayaan,Subject 101
save,data/data/test_images/injured/g_0015_n_r_i_cropped.png,elderly,injured,injured,rain,night,47,71,2,460,500,640,400,3,1,2a8909bc-6326-4477-92dc-363364ca910d,2025-07-28 14:41:41.382,Ayaan,Subject 101
save,data/data/test_images/zombie/do_z_0113_d_s_cropped.png,doctor,zombie,standing,sunny,day,43,71,3,360,540,640,460,3,1,2a8909bc-6326-4477-92dc-363364ca910d,2025-07-28 14:41:41.382,Ayaan,Subject 101
squish,data/data/test_images/zombie/z_0029_d_s_cropped.png,default,zombie,standing,sunny,day,39,71,4,320,580,720,420,3,1,2a8909bc-6326-4477-92dc-363364ca910d,2025-07-28 14:41:41.382,Ayaan,Subject 101
save,data/data/test_images/injured/g_0197_n_r_i_cropped.png,elderly,injured,injured,rain,night,34,71,4,360,540,700,420,3,1,2a8909bc-6326-4477-92dc-363364ca910d,2025-07-28 14:41:41.382,Ayaan,Subject 101
save,data/data/test_images/healthy/p_0160_n_r_s_cropped.png,police,healthy,standing,rain,night,31,71,5,260,580,700,480,3,1,2a8909bc-6326-4477-92dc-363364ca910d,2025-07-28 14:41:41.382,Ayaan,Subject 101
save,data/data/test_images/zombie/g_z_0096_n_r_s_cropped.png,elderly,zombie,standing,rain,night,27,71,6,340,600,700,480,3,1,2a8909bc-6326-4477-92dc-363364ca910d,2025-07-28 14:41:41.382,Ayaan,Subject 101
squish,data/data/test_images/corpse/p_c_0086_d_cropped.png,police,corpse,injured,sunny,day,22,71,7,300,640,780,440,3,1,2a8909bc-6326-4477-92dc-363364ca910d,2025-07-28 14:41:41.382,Ayaan,Subject 101
save,data/data/test_images/injured/h_0090_n_r_i_cropped.png,default,injured,injured,rain,night,18,71,7,300,620,780,440,3,1,2a8909bc-6326-4477-92dc-363364ca910d,2025-07-28 14:41:41.382,Ayaan,Subject 101
save,data/data/test_images/healthy/g_0141_d_s_cropped.png,elderly,healthy,standing,sunny,day,15,71,8,260,660,860,400,3,1,2a8909bc-6326-4477-92dc-363364ca910d,2025-07-28 14:41:41.382,Ayaan,Subject 101
save,data/data/test_images/injured/p_0049_n_r_i_cropped.png,police,injured,injured,rain,night,11,71,9,220,700,860,420,3,1,2a8909bc-6326-4477-92dc-363364ca910d,2025-07-28 14:41:41.382,Ayaan,Subject 101
save,data/data/test_images/zombie/do_z_0061_d_s_cropped.png,doctor,zombie,standing,sunny,day,7,71,10,240,720,860,460,3,1,2a8909bc-6326-4477-92dc-363364ca910d,2025-07-28 14:41:41.382,Ayaan,Subject 101
squish,data/data/test_images/injured/h_0149_d_i_cropped.png,default,injured,injured,sunny,day,3,71,11,200,760,940,420,3,1,2a8909bc-6326-4477-92dc-363364ca910d,2025-07-28 14:41:41.382,Ayaan,Subject 101
save,data/data/test_images/zombie/p_z_0012_d_s_cropped.png,police,zombie,standing,sunny,day,0,71,11,240,720,920,420,3,1,2a8909bc-6326-4477-92dc-363364ca910d,2025-07-28 14:41:41.382,Ayaan,Subject 101
save,data/data/test_images/corpse/g_c_0121_d_cropped.png,elderly,corpse,injured,sunny,day,48,52,0,200,760,1000,380,3,2,2a8909bc-6326-4477-92dc-363364ca910d,2025-07-28 14:41:41.382,Ayaan,Subject 101
skip,data/data/test_images/injured/m_0099_n_r_i_cropped.png,business,injured,injured,rain,night,42,52,1,200,760,1000,360,3,2,2a8909bc-6326-4477-92dc-363364ca910d,2025-07-28 14:41:41.382,Ayaan,Subject 101
save,data/data/test_images/injured/m_0147_d_i_cropped.png,business,injured,injured,sunny,day,37,52,1,200,760,1000,320,3,2,2a8909bc-6326-4477-92dc-363364ca910d,2025-07-28 14:41:41.382,Ayaan,Subject 101
save,data/data/test_images/healthy/do_0094_n_r_s_cropped.png,doctor,healthy,standing,rain,night,34,52,2,180,800,1000,360,3,2,2a8909bc-6326-4477-92dc-363364ca910d,2025-07-28 14:41:41.382,Ayaan,Subject 101
skip,data/data/test_images/zombie/m_z_0119_d_s_cropped.png,business,zombie,standing,sunny,day,30,52,3,220,840,1000,400,3,2,2a8909bc-6326-4477-92dc-363364ca910d,2025-07-28 14:41:41.382,Ayaan,Subject 101
skip,data/data/test_images/corpse/do_c_0122_d_cropped.png,doctor,corpse,injured,sunny,day,26,52,3,200,840,1000,400,3,2,2a8909bc-6326-4477-92dc-363364ca910d,2025-07-28 14:41:41.382,Ayaan,Subject 101
skip,data/data/test_images/corpse/c_0183_d_cropped.png,default,corpse,injured,sunny,day,23,52,3,180,840,1000,400,3,2,2a8909bc-6326-4477-92dc-363364ca910d,2025-07-28 14:41:41.382,Ayaan,Subject 101
save,data/data/test_images/injured/g_0028_d_i_cropped.png,elderly,injured,injured,sunny,day,19,52,3,160,840,1000,400,3,2,2a8909bc-6326-4477-92dc-363364ca910d,2025-07-28 14:41:41.382,Ayaan,Subject 101
squish,data/data/test_images/zombie/p_z_0178_n_r_s_cropped.png,police,zombie,standing,rain,night,15,52,4,60,880,1000,460,3,2,2a8909bc-6326-4477-92dc-363364ca910d,2025-07-28 14:41:41.382,Ayaan,Subject 101
squish,data/data/test_images/corpse/do_c_0159_d_cropped.png,doctor,corpse,injured,sunny,day,11,52,4,100,840,980,460,3,2,2a8909bc-6326-4477-92dc-363364ca910d,2025-07-28 14:41:41.382,Ayaan,Subject 101
save,data/data/test_images/healthy/h_0155_d_s_cropped.png,default,healthy,standing,sunny,day,7,52,4,100,820,980,460,3,2,2a8909bc-6326-4477-92dc-363364ca910d,2025-07-28 14:41:41.382,Ayaan,Subject 101
skip,data/data/test_images/injured/m_0162_d_i_cropped.png,business,injured,injured,sunny,day,1,52,5,60,860,1000,420,3,2,2a8909bc-6326-4477-92dc-363364ca910d,2025-07-28 14:41:41.382,Ayaan,Subject 101
save,data/data/test_images/healthy/p_0048_n_r_s_cropped.png,police,healthy,standing,rain,night,69,73,0,60,860,1000,380,3,3,2a8909bc-6326-4477-92dc-363364ca910d,2025-07-28 14:41:41.382,Ayaan,Subject 101
skip,data/data/test_images/corpse/do_c_0140_n_r_cropped.png,doctor,corpse,injured,rain,night,64,73,1,140,880,1000,380,3,3,2a8909bc-6326-4477-92dc-363364ca910d,2025-07-28 14:41:41.382,Ayaan,Subject 101
save,data/data/test_images/injured/h_0154_n_r_i_cropped.png,default,injured,injured,rain,night,59,73,1,120,880,1000,380,3,3,2a8909bc-6326-4477-92dc-363364ca910d,2025-07-28 14:41:41.382,Ayaan,Subject 101
save,data/data/test_images/injured/p_0134_n_r_i_cropped.png,police,injured,injured,rain,night,55,73,2,80,920,1000,340,3,3,2a8909bc-6326-4477-92dc-363364ca910d,2025-07-28 14:41:41.382,Ayaan,Subject 101
squish,data/data/test_images/corpse/do_c_0108_d_cropped.png,doctor,corpse,injured,sunny,day,51,73,3,100,940,1000,380,3,3,2a8909bc-6326-4477-92dc-363364ca910d,2025-07-28 14:41:41.382,Ayaan,Subject 101
squish,data/data/test_images/corpse/do_c_0169_d_cropped.png,doctor,corpse,injured,sunny,day,47,73,3,100,920,1000,380,3,3,2a8909bc-6326-4477-92dc-363364ca910d,2025-07-28 14:41:41.382,Ayaan,Subject 101
squish,data/data/test_images/corpse/p_c_0042_d_cropped.png,police,corpse,injured,sunny,day,43,73,3,100,900,1000,380,3,3,2a8909bc-6326-4477-92dc-363364ca910d,2025-07-28 14:41:41.382,Ayaan,Subject 101
save,data/data/test_images/injured/g_0087_n_r_i_cropped.png,elderly,injured,injured,rain,night,39,73,3,100,880,1000,380,3,3,2a8909bc-6326-4477-92dc-363364ca910d,2025-07-28 14:41:41.382,Ayaan,Subject 101
save,data/data/test_images/healthy/p_0199_d_s_cropped.png,police,healthy,standing,sunny,day,35,73,4,0,920,1000,440,3,3,2a8909bc-6326-4477-92dc-363364ca910d,2025-07-28 14:41:41.382,Ayaan,Subject 101
skip,data/data/test_images/injured/do_0179_d_i_cropped.png,doctor,injured,injured,sunny,day,30,73,5,80,940,1000,440,3,3,2a8909bc-6326-4477-92dc-363364ca910d,2025-07-28 14:41:41.382,Ayaan,Subject 101
save,data/data/test_images/healthy/do_0187_n_r_s_cropped.png,doctor,healthy,standing,rain,night,25,73,5,80,940,1000,400,3,3,2a8909bc-6326-4477-92dc-363364ca910d,2025-07-28 14:41:41.382,Ayaan,Subject 101
save,data/data/test_images/injured/m_0148_d_i_cropped.png,business,injured,injured,sunny,day,21,73,6,120,980,1000,440,3,3,2a8909bc-6326-4477-92dc-363364ca910d,2025-07-28 14:41:41.382,Ayaan,Subject 101
squish,data/data/test_images/zombie/p_z_0111_d_s_cropped.png,police,zombie,standing,sunny,day,15,73,7,100,1000,1000,480,3,3,2a8909bc-6326-4477-92dc-363364ca910d,2025-07-28 14:41:41.382,Ayaan,Subject 101
skip,data/data/test_images/corpse/m_c_0120_n_r_cropped.png,business,corpse,injured,rain,night,9,73,7,140,960,980,480,3,3,2a8909bc-6326-4477-92dc-363364ca910d,2025-07-28 14:41:41.382,Ayaan,Subject 101
squish,data/data/test_images/zombie/z_0060_n_r_s_cropped.png,default,zombie,standing,rain,night,4,73,7,120,960,980,480,3,3,2a8909bc-6326-4477-92dc-363364ca910d,2025-07-28 14:41:41.382,Ayaan,Subject 101
scram,data/data/test_images/injured/p_0015_d_i_cropped.png,police,injured,injured,sunny,day,0,73,7,160,920,960,480,3,3,2a8909bc-6326-4477-92dc-363364ca910d,2025-07-28 14:41:41.382,Ayaan,Subject 101
save,data/data/test_images/injured/h_0111_d_i_cropped.png,default,injured,injured,sunny,day,68,72,0,500,500,500,500,4,1,2a8909bc-6326-4477-92dc-363364ca910d,2025-07-28 14:41:41.382,Ayaan,Subject 101
save,data/data/test_images/healthy/g_0085_n_r_s_cropped.png,elderly,healthy,standing,rain,night,65,72,1,460,540,580,460,4,1,2a8909bc-6326-4477-92dc-363364ca910d,2025-07-28 14:41:41.382,Ayaan,Subject 101
squish,data/data/test_images/corpse/m_c_0149_d_cropped.png,business,corpse,injured,sunny,day,61,72,2,420,580,580,480,4,1,2a8909bc-6326-4477-92dc-363364ca910d,2025-07-28 14:41:41.382,Ayaan,Subject 101
save,data/data/test_images/healthy/g_0009_n_r_s_cropped.png,elderly,healthy,standing,rain,night,58,72,2,420,560,580,480,4,1,2a8909bc-6326-4477-92dc-363364ca910d,2025-07-28 14:41:41.382,Ayaan,Subject 101
skip,data/data/test_images/injured/h_0037_d_i_cropped.png,default,injured,injured,sunny,day,53,72,3,380,600,580,500,4,1,2a8909bc-6326-4477-92dc-363364ca910d,2025-07-28 14:41:41.382,Ayaan,Subject 101
save,data/data/test_images/injured/h_0059_n_r_i_cropped.png,default,injured,injured,rain,night,48,72,3,360,600,580,500,4,1,2a8909bc-6326-4477-92dc-363364ca910d,2025-07-28 14:41:41.382,Ayaan,Subject 101
skip,data/data/test_images/zombie/g_z_0109_d_s_cropped.png,elderly,zombie,standing,sunny,day,42,72,4,320,640,660,460,4,1,2a8909bc-6326-4477-92dc-363364ca910d,2025-07-28 14:41:41.382,Ayaan,Subject 101
save,data/data/test_images/injured/g_0055_d_i_cropped.png,elderly,injured,injured,sunny,day,36,72,4,300,640,660,460,4,1,2a8909bc-6326-4477-92dc-363364ca910d,2025-07-28 14:41:41.382,Ayaan,Subject 101
save,data/data/test_images/zombie/p_z_0101_n_r_s_cropped.png,police,zombie,standing,rain,night,31,72,5,200,680,660,520,4,1,2a8909bc-6326-4477-92dc-363364ca910d,2025-07-28 14:41:41.382,Ayaan,Subject 101
save,data/data/test_images/injured/do_0175_d_i_cropped.png,doctor,injured,injured,sunny,day,27,72,6,160,720,740,480,4,1,2a8909bc-6326-4477-92dc-363364ca910d,2025-07-28 14:41:41.382,Ayaan,Subject 101
squish,data/data/test_images/zombie/m_z_0010_d_s_cropped.png,business,zombie,standing,sunny,day,22,72,7,140,760,740,560,4,1,2a8909bc-6326-4477-92dc-363364ca910d,2025-07-28 14:41:41.382,Ayaan,Subject 101
squish,data/data/test_images/corpse/g_c_0152_n_r_cropped.png,elderly,corpse,injured,rain,night,18,72,7,180,720,720,560,4,1,2a8909bc-6326-4477-92dc-363364ca910d,2025-07-28 14:41:41.382,Ayaan,Subject 101
squish,data/data/test_images/zombie/p_z_0060_n_r_s_cropped.png,police,zombie,standing,rain,night,14,72,7,180,700,720,560,4,1,2a8909bc-6326-4477-92dc-363364ca910d,2025-07-28 14:41:41.382,Ayaan,Subject 101
save,data/data/test_images/zombie/p_z_0190_n_r_s_cropped.png,police,zombie,standing,rain,night,9,72,7,220,660,700,560,4,1,2a8909bc-6326-4477-92dc-363364ca910d,2025-07-28 14:41:41.382,Ayaan,Subject 101
save,data/data/test_images/healthy/h_0025_d_s_cropped.png,default,healthy,standing,sunny,day,5,72,8,180,700,780,520,4,1,2a8909bc-6326-4477-92dc-363364ca910d,2025-07-28 14:41:41.382,Ayaan,Subject 101
save,data/data/test_images/healthy/p_0101_d_s_cropped.png,police,healthy,standing,sunny,day,34,38,0,140,740,860,480,4,2,2a8909bc-6326-4477-92dc-363364ca910d,2025-07-28 14:41:41.382,Ayaan,Subject 101
skip,data/data/test_images/injured/g_0033_d_i_cropped.png,elderly,injured,injured,sunny,day,30,38,1,220,760,860,480,4,2,2a8909bc-6326-4477-92dc-363364ca910d,2025-07-28 14:41:41.382,Ayaan,Subject 101
skip,data/data/test_images/zombie/p_z_0102_d_s_cropped.png,police,zombie,standing,sunny,day,25,38,1,220,760,860,420,4,2,2a8909bc-6326-4477-92dc-363364ca910d,2025-07-28 14:41:41.382,Ayaan,Subject 101
save,data/data/test_images/healthy/do_0002_n_r_s_cropped.png,doctor,healthy,standing,rain,night,21,38,1,200,760,860,420,4,2,2a8909bc-6326-4477-92dc-363364ca910d,2025-07-28 14:41:41.382,Ayaan,Subject 101
skip,data/data/test_images/injured/g_0027_d_i_cropped.png,elderly,injured,injured,sunny,day,15,38,2,240,800,860,460,4,2,2a8909bc-6326-4477-92dc-363364ca910d,2025-07-28 14:41:41.382,Ayaan,Subject 101
squish,data/data/test_images/zombie/p_z_0004_n_r_s_cropped.png,police,zombie,standing,rain,night,11,38,2,240,800,860,400,4,2,2a8909bc-6326-4477-92dc-363364ca910d,2025-07-28 14:41:41.382,Ayaan,Subject 101
squish,data/data/test_images/corpse/c_0101_n_r_cropped.png,default,corpse,injured,rain,night,8,38,2,280,760,840,400,4,2,2a8909bc-6326-4477-92dc-363364ca910d,2025-07-28 14:41:41.382,Ayaan,Subject 101
save,data/data/test_images/injured/m_0078_n_r_i_cropped.png,business,injured,injured,rain,night,2,38,2,280,740,840,400,4,2,2a8909bc-6326-4477-92dc-363364ca910d,2025-07-28 14:41:41.382,Ayaan,Subject 101
squish,data/data/test_images/zombie/g_z_0186_d_s_cropped.png,elderly,zombie,standing,sunny,day,50,54,0,260,780,860,440,4,3,2a8909bc-6326-4477-92dc-363364ca910d,2025-07-28 14:41:41.382,Ayaan,Subject 101
squish,data/data/test_images/corpse/m_c_0084_n_r_cropped.png,business,corpse,injured,rain,night,47,54,0,300,740,840,440,4,3,2a8909bc-6326-4477-92dc-363364ca910d,2025-07-28 14:41:41.382,Ayaan,Subject 101
squish,data/data/test_images/corpse/c_0045_d_cropped.png,default,corpse,injured,sunny,day,43,54,0,300,720,840,440,4,3,2a8909bc-6326-4477-92dc-363364ca910d,2025-07-28 14:41:41.382,Ayaan,Subject 101
squish,data/data/test_images/zombie/z_0074_d_s_cropped.png,default,zombie,standing,sunny,day,40,54,0,300,700,840,440,4,3,2a8909bc-6326-4477-92dc-363364ca910d,2025-07-28 14:41:41.382,Ayaan,Subject 101
save,data/data/test_images/healthy/p_0026_d_s_cropped.png,police,healthy,standing,sunny,day,36,54,0,340,660,820,440,4,3,2a8909bc-6326-4477-92dc-363364ca910d,2025-07-28 14:41:41.382,Ayaan,Subject 101
save,data/data/test_images/injured/g_0008_n_r_i_cropped.png,elderly,injured,injured,rain,night,33,54,1,420,680,820,440,4,3,2a8909bc-6326-4477-92dc-363364ca910d,2025-07-28 14:41:41.382,Ayaan,Subject 101
skip,data/data/test_images/zombie/g_z_0120_n_r_s_cropped.png,elderly,zombie,standing,rain,night,29,54,2,320,720,820,500,4,3,2a8909bc-6326-4477-92dc-363364ca910d,2025-07-28 14:41:41.382,Ayaan,Subject 101
save,data/data/test_images/corpse/m_c_0131_n_r_cropped.png,business,corpse,injured,rain,night,25,54,2,300,720,820,500,4,3,2a8909bc-6326-4477-92dc-363364ca910d,2025-07-28 14:41:41.382,Ayaan,Subject 101
skip,data/data/test_images/healthy/g_0175_n_r_s_cropped.png,elderly,healthy,standing,rain,night,19,54,3,300,720,820,480,4,3,2a8909bc-6326-4477-92dc-363364ca910d,2025-07-28 14:41:41.382,Ayaan,Subject 101
save,data/data/test_images/healthy/h_0127_n_r_s_cropped.png,default,healthy,standing,rain,night,15,54,3,280,720,820,460,4,3,2a8909bc-6326-4477-92dc-363364ca910d,2025-07-28 14:41:41.382,Ayaan,Subject 101
squish,data/data/test_images/corpse/c_0165_n_r_cropped.png,default,corpse,injured,rain,night,10,54,4,240,760,900,420,4,3,2a8909bc-6326-4477-92dc-363364ca910d,2025-07-28 14:41:41.382,Ayaan,Subject 101
save,data/data/test_images/injured/p_0151_n_r_i_cropped.png,police,injured,injured,rain,night,6,54,4,240,740,900,420,4,3,2a8909bc-6326-4477-92dc-363364ca910d,2025-07-28 14:41:41.382,Ayaan,Subject 101
squish,data/data/test_images/zombie/g_z_0109_d_s_cropped.png,elderly,zombie,standing,sunny,day,1,54,5,260,760,900,460,4,3,2a8909bc-6326-4477-92dc-363364ca910d,2025-07-28 14:41:41.382,Ayaan,Subject 101
squish,data/data/test_images/zombie/p_z_0111_n_r_s_cropped.png,police,zombie,standing,rain,night,44,48,0,500,500,500,500,5,1,2a8909bc-6326-4477-92dc-363364ca910d,2025-07-28 14:41:41.382,Ayaan,Subject 101
save,data/data/test_images/zombie/p_z_0181_n_r_s_cropped.png,police,zombie,standing,rain,night,39,48,0,540,460,480,500,5,1,2a8909bc-6326-4477-92dc-363364ca910d,2025-07-28 14:41:41.382,Ayaan,Subject 101
save,data/data/test_images/corpse/m_c_0136_n_r_cropped.png,business,corpse,injured,rain,night,34,48,1,500,500,560,460,5,1,2a8909bc-6326-4477-92dc-363364ca910d,2025-07-28 14:41:41.382,Ayaan,Subject 101
skip,data/data/test_images/zombie/g_z_0049_n_r_s_cropped.png,elderly,zombie,standing,rain,night,29,48,2,500,500,560,440,5,1,2a8909bc-6326-4477-92dc-363364ca910d,2025-07-28 14:41:41.382,Ayaan,Subject 101
squish,data/data/test_images/zombie/z_do_0035_n_r_s_cropped.png,default,zombie,standing,rain,night,24,48,2,480,500,560,440,5,1,2a8909bc-6326-4477-92dc-363364ca910d,2025-07-28 14:41:41.382,Ayaan,Subject 101
save,data/data/test_images/zombie/do_z_0053_d_s_cropped.png,doctor,zombie,standing,sunny,day,19,48,2,520,460,540,440,5,1,2a8909bc-6326-4477-92dc-363364ca910d,2025-07-28 14:41:41.382,Ayaan,Subject 101
squish,data/data/test_images/corpse/c_0055_n_r_cropped.png,default,corpse,injured,rain,night,14,48,3,480,500,620,400,5,1,2a8909bc-6326-4477-92dc-363364ca910d,2025-07-28 14:41:41.382,Ayaan,Subject 101
save,data/data/test_images/injured/m_0194_n_r_i_cropped.png,business,injured,injured,rain,night,8,48,3,480,480,620,400,5,1,2a8909bc-6326-4477-92dc-363364ca910d,2025-07-28 14:41:41.382,Ayaan,Subject 101
save,data/data/test_images/healthy/g_0082_n_r_s_cropped.png,elderly,healthy,standing,rain,night,3,48,4,460,520,640,440,5,1,2a8909bc-6326-4477-92dc-363364ca910d,2025-07-28 14:41:41.382,Ayaan,Subject 101
save,data/data/test_images/injured/h_0051_n_r_i_cropped.png,default,injured,injured,rain,night,72,77,0,420,560,640,460,5,2,2a8909bc-6326-4477-92dc-363364ca910d,2025-07-28 14:41:41.382,Ayaan,Subject 101
save,data/data/test_images/corpse/m_c_0073_n_r_cropped.png,business,corpse,injured,rain,night,63,77,1,380,600,720,420,5,2,2a8909bc-6326-4477-92dc-363364ca910d,2025-07-28 14:41:41.382,Ayaan,Subject 101
save,data/data/test_images/healthy/h_0099_d_s_cropped.png,default,healthy,standing,sunny,day,58,77,2,380,600,720,400,5,2,2a8909bc-6326-4477-92dc-363364ca910d,2025-07-28 14:41:41.382,Ayaan,Subject 101
squish,data/data/test_images/corpse/do_c_0143_d_cropped.png,doctor,corpse,injured,sunny,day,52,77,3,340,640,800,360,5,2,2a8909bc-6326-4477-92dc-363364ca910d,2025-07-28 14:41:41.382,Ayaan,Subject 101
save,data/data/test_images/healthy/do_0142_d_s_cropped.png,doctor,healthy,standing,sunny,day,47,77,3,340,620,800,360,5,2,2a8909bc-6326-4477-92dc-363364ca910d,2025-07-28 14:41:41.382,Ayaan,Subject 101
squish,data/data/test_images/corpse/do_c_0148_n_r_cropped.png,doctor,corpse,injured,rain,night,42,77,4,380,660,800,400,5,2,2a8909bc-6326-4477-92dc-363364ca910d,2025-07-28 14:41:41.382,Ayaan,Subject 101
squish,data/data/test_images/zombie/z_0138_n_r_s_cropped.png,default,zombie,standing,rain,night,37,77,4,380,640,800,400,5,2,2a8909bc-6326-4477-92dc-363364ca910d,2025-07-28 14:41:41.382,Ayaan,Subject 101
save,data/data/test_images/healthy/h_0092_n_r_s_cropped.png,default,healthy,standing,rain,night,30,77,4,420,600,780,400,5,2,2a8909bc-6326-4477-92dc-363364ca910d,2025-07-28 14:41:41.382,Ayaan,Subject 101
save,data/data/test_images/injured/do_0018_d_i_cropped.png,doctor,injured,injured,sunny,day,26,77,5,380,640,860,360,5,2,2a8909bc-6326-4477-92dc-363364ca910d,2025-07-28 14:41:41.382,Ayaan,Subject 101
squish,data/data/test_images/zombie/p_z_0042_d_s_cropped.png,police,zombie,standing,sunny,day,21,77,6,360,680,860,440,5,2,2a8909bc-6326-4477-92dc-363364ca910d,2025-07-28 14:41:41.382,Ayaan,Subject 101
squish,data/data/test_images/zombie/p_z_0025_n_r_s_cropped.png,police,zombie,standing,rain,night,17,77,6,400,640,840,440,5,2,2a8909bc-6326-4477-92dc-363364ca910d,2025-07-28 14:41:41.382,Ayaan,Subject 101
squish,data/data/test_images/zombie/p_z_0056_n_r_s_cropped.png,police,zombie,standing,rain,night,13,77,6,440,600,820,440,5,2,2a8909bc-6326-4477-92dc-363364ca910d,2025-07-28 14:41:41.382,Ayaan,Subject 101
save,data/data/test_images/corpse/c_0040_d_cropped.png,default,corpse,injured,sunny,day,7,77,6,480,560,800,440,5,2,2a8909bc-6326-4477-92dc-363364ca910d,2025-07-28 14:41:41.382,Ayaan,Subject 101
squish,data/data/test_images/corpse/c_0054_n_r_cropped.png,default,corpse,injured,rain,night,2,77,7,480,560,800,420,5,2,2a8909bc-6326-4477-92dc-363364ca910d,2025-07-28 14:41:41.382,Ayaan,Subject 101
squish,data/data/test_images/zombie/z_0163_n_r_s_cropped.png,default,zombie,standing,rain,night,78,83,0,480,540,800,420,5,3,2a8909bc-6326-4477-92dc-363364ca910d,2025-07-28 14:41:41.382,Ayaan,Subject 101
save,data/data/test_images/healthy/g_0021_n_r_s_cropped.png,elderly,healthy,standing,rain,night,74,83,0,520,500,780,420,5,3,2a8909bc-6326-4477-92dc-363364ca910d,2025-07-28 14:41:41.382,Ayaan,Subject 101
save,data/data/test_images/healthy/p_0177_n_r_s_cropped.png,police,healthy,standing,rain,night,70,83,1,480,540,780,440,5,3,2a8909bc-6326-4477-92dc-363364ca910d,2025-07-28 14:41:41.382,Ayaan,Subject 101
squish,data/data/test_images/corpse/do_c_0097_d_cropped.png,doctor,corpse,injured,sunny,day,66,83,2,560,560,780,440,5,3,2a8909bc-6326-4477-92dc-363364ca910d,2025-07-28 14:41:41.382,Ayaan,Subject 101
save,data/data/test_images/healthy/p_0154_n_r_s_cropped.png,police,healthy,standing,rain,night,63,83,2,560,540,780,440,5,3,2a8909bc-6326-4477-92dc-363364ca910d,2025-07-28 14:41:41.382,Ayaan,Subject 101
skip,data/data/test_images/healthy/m_0003_n_r_s_cropped.png,business,healthy,standing,rain,night,58,83,3,640,560,780,440,5,3,2a8909bc-6326-4477-92dc-363364ca910d,2025-07-28 14:41:41.382,Ayaan,Subject 101
save,data/data/test_images/healthy/h_0077_d_s_cropped.png,default,healthy,standing,sunny,day,54,83,3,620,560,780,440,5,3,2a8909bc-6326-4477-92dc-363364ca910d,2025-07-28 14:41:41.382,Ayaan,Subject 101
skip,data/data/test_images/injured/g_0111_d_i_cropped.png,elderly,injured,injured,sunny,day,49,83,4,580,600,860,400,5,3,2a8909bc-6326-4477-92dc-363364ca910d,2025-07-28 14:41:41.382,Ayaan,Subject 101
save,data/data/test_images/injured/do_0006_n_r_i_cropped.png,doctor,injured,injured,rain,night,45,83,4,580,600,860,340,5,3,2a8909bc-6326-4477-92dc-363364ca910d,2025-07-28 14:41:41.382,Ayaan,Subject 101
skip,data/data/test_images/corpse/c_0188_d_cropped.png,default,corpse,injured,sunny,day,40,83,5,560,640,860,420,5,3,2a8909bc-6326-4477-92dc-363364ca910d,2025-07-28 14:41:41.382,Ayaan,Subject 101
skip,data/data/test_images/corpse/p_c_0038_d_cropped.png,police,corpse,injured,sunny,day,35,83,5,540,640,860,420,5,3,2a8909bc-6326-4477-92dc-363364ca910d,2025-07-28 14:41:41.382,Ayaan,Subject 101
save,data/data/test_images/injured/p_0123_d_i_cropped.png,police,injured,injured,sunny,day,31,83,5,520,640,860,420,5,3,2a8909bc-6326-4477-92dc-363364ca910d,2025-07-28 14:41:41.382,Ayaan,Subject 101
save,data/data/test_images/healthy/h_0149_d_s_cropped.png,default,healthy,standing,sunny,day,26,83,6,540,660,860,460,5,3,2a8909bc-6326-4477-92dc-363364ca910d,2025-07-28 14:41:41.382,Ayaan,Subject 101
skip,data/data/test_images/corpse/m_c_0009_n_r_cropped.png,business,corpse,injured,rain,night,22,83,7,500,700,940,420,5,3,2a8909bc-6326-4477-92dc-363364ca910d,2025-07-28 14:41:41.382,Ayaan,Subject 101
skip,data/data/test_images/zombie/g_z_0183_n_r_s_cropped.png,elderly,zombie,standing,rain,night,18,83,7,480,700,940,420,5,3,2a8909bc-6326-4477-92dc-363364ca910d,2025-07-28 14:41:41.382,Ayaan,Subject 101
save,data/data/test_images/healthy/g_0122_d_s_cropped.png,elderly,healthy,standing,sunny,day,14,83,7,460,700,940,420,5,3,2a8909bc-6326-4477-92dc-363364ca910d,2025-07-28 14:41:41.382,Ayaan,Subject 101
squish,data/data/test_images/corpse/c_0196_n_r_cropped.png,default,corpse,injured,rain,night,7,83,8,420,740,940,440,5,3,2a8909bc-6326-4477-92dc-363364ca910d,2025-07-28 14:41:41.382,Ayaan,Subject 101
save,data/data/test_images/injured/m_0000_n_r_i_cropped.png,business,injured,injured,rain,night,3,83,8,420,720,940,440,5,3,2a8909bc-6326-4477-92dc-363364ca910d,2025-07-28 14:41:41.382,Ayaan,Subject 101
save,data/data/test_images/healthy/m_0074_n_r_s_cropped.png,business,healthy,standing,rain,night,0,83,9,400,760,960,480,5,3,2a8909bc-6326-4477-92dc-363364ca910d,2025-07-28 14:41:41.382,Ayaan,Subject 101
skip,data/data/test_images/zombie/g_z_0115_d_s_cropped.png,elderly,zombie,standing,sunny,day,73,79,0,500,500,500,500,6,1,2a8909bc-6326-4477-92dc-363364ca910d,2025-07-28 14:41:41.382,Ayaan,Subject 101
save,data/data/test_images/injured/p_0092_n_r_i_cropped.png,police,injured,injured,rain,night,70,79,0,480,500,500,500,6,1,2a8909bc-6326-4477-92dc-363364ca910d,2025-07-28 14:41:41.382,Ayaan,Subject 101
skip,data/data/test_images/corpse/g_c_0158_n_r_cropped.png,elderly,corpse,injured,rain,night,64,79,1,500,520,500,540,6,1,2a8909bc-6326-4477-92dc-363364ca910d,2025-07-28 14:41:41.382,Ayaan,Subject 101
save,data/data/test_images/healthy/m_0089_d_s_cropped.png,business,healthy,standing,sunny,day,60,79,1,480,520,500,540,6,1,2a8909bc-6326-4477-92dc-363364ca910d,2025-07-28 14:41:41.382,Ayaan,Subject 101
save,data/data/test_images/healthy/g_0100_d_s_cropped.png,elderly,healthy,standing,sunny,day,57,79,2,520,560,520,540,6,1,2a8909bc-6326-4477-92dc-363364ca910d,2025-07-28 14:41:41.382,Ayaan,Subject 101
squish,data/data/test_images/zombie/z_0148_n_r_s_cropped.png,default,zombie,standing,rain,night,52,79,3,480,600,520,560,6,1,2a8909bc-6326-4477-92dc-363364ca910d,2025-07-28 14:41:41.382,Ayaan,Subject 101
save,data/data/test_images/injured/g_0191_d_i_cropped.png,elderly,injured,injured,sunny,day,48,79,3,520,560,500,560,6,1,2a8909bc-6326-4477-92dc-363364ca910d,2025-07-28 14:41:41.382,Ayaan,Subject 101
squish,data/data/test_images/zombie/p_z_0068_n_r_s_cropped.png,police,zombie,standing,rain,night,42,79,4,420,600,500,620,6,1,2a8909bc-6326-4477-92dc-363364ca910d,2025-07-28 14:41:41.382,Ayaan,Subject 101
skip,data/data/test_images/corpse/c_0022_d_cropped.png,default,corpse,injured,sunny,day,34,79,4,460,560,480,620,6,1,2a8909bc-6326-4477-92dc-363364ca910d,2025-07-28 14:41:41.382,Ayaan,Subject 101
save,data/data/test_images/injured/p_0161_n_r_i_cropped.png,police,injured,injured,rain,night,29,79,4,440,560,480,620,6,1,2a8909bc-6326-4477-92dc-363364ca910d,2025-07-28 14:41:41.382,Ayaan,Subject 101
skip,data/data/test_images/zombie/z_do_0116_n_r_s_cropped.png,default,zombie,standing,rain,night,23,79,5,460,580,480,660,6,1,2a8909bc-6326-4477-92dc-363364ca910d,2025-07-28 14:41:41.382,Ayaan,Subject 101
squish,data/data/test_images/zombie/z_do_0022_n_r_s_cropped.png,default,zombie,standing,rain,night,18,79,5,440,580,480,660,6,1,2a8909bc-6326-4477-92dc-363364ca910d,2025-07-28 14:41:41.382,Ayaan,Subject 101
save,data/data/test_images/corpse/c_0146_d_cropped.png,default,corpse,injured,sunny,day,13,79,5,480,540,460,660,6,1,2a8909bc-6326-4477-92dc-363364ca910d,2025-07-28 14:41:41.382,Ayaan,Subject 101
squish,data/data/test_images/corpse/do_c_0002_n_r_cropped.png,doctor,corpse,injured,rain,night,8,79,6,480,540,460,640,6,1,2a8909bc-6326-4477-92dc-363364ca910d,2025-07-28 14:41:41.382,Ayaan,Subject 101
skip,data/data/test_images/healthy/g_0073_n_r_s_cropped.png,elderly,healthy,standing,rain,night,1,79,6,480,520,460,640,6,1,2a8909bc-6326-4477-92dc-363364ca910d,2025-07-28 14:41:41.382,Ayaan,Subject 101
save,data/data/test_images/corpse/m_c_0066_d_cropped.png,business,corpse,injured,sunny,day,67,73,0,460,520,460,620,6,2,2a8909bc-6326-4477-92dc-363364ca910d,2025-07-28 14:41:41.382,Ayaan,Subject 101
skip,data/data/test_images/zombie/g_z_0116_n_r_s_cropped.png,elderly,zombie,standing,rain,night,63,73,1,460,520,460,600,6,2,2a8909bc-6326-4477-92dc-363364ca910d,2025-07-28 14:41:41.382,Ayaan,Subject 101
skip,data/data/test_images/injured/g_0163_d_i_cropped.png,elderly,injured,injured,sunny,day,57,73,1,440,520,460,600,6,2,2a8909bc-6326-4477-92dc-363364ca910d,2025-07-28 14:41:41.382,Ayaan,Subject 101
save,data/data/test_images/corpse/p_c_0010_d_cropped.png,police,corpse,injured,sunny,day,53,73,1,440,520,460,540,6,2,2a8909bc-6326-4477-92dc-363364ca910d,2025-07-28 14:41:41.382,Ayaan,Subject 101
save,data/data/test_images/healthy/do_0074_n_r_s_cropped.png,doctor,healthy,standing,rain,night,48,73,2,440,520,460,520,6,2,2a8909bc-6326-4477-92dc-363364ca910d,2025-07-28 14:41:41.382,Ayaan,Subject 101
save,data/data/test_images/healthy/h_0001_d_s_cropped.png,default,healthy,standing,sunny,day,43,73,3,480,560,460,560,6,2,2a8909bc-6326-4477-92dc-363364ca910d,2025-07-28 14:41:41.382,Ayaan,Subject 101
save,data/data/test_images/corpse/m_c_0038_n_r_cropped.png,business,corpse,injured,rain,night,39,73,4,440,600,540,520,6,2,2a8909bc-6326-4477-92dc-363364ca910d,2025-07-28 14:41:41.382,Ayaan,Subject 101
squish,data/data/test_images/zombie/m_z_0018_d_s_cropped.png,business,zombie,standing,sunny,day,34,73,5,440,600,540,500,6,2,2a8909bc-6326-4477-92dc-363364ca910d,2025-07-28 14:41:41.382,Ayaan,Subject 101
save,data/data/test_images/injured/h_0193_d_i_cropped.png,default,injured,injured,sunny,day,28,73,5,480,560,520,500,6,2,2a8909bc-6326-4477-92dc-363364ca910d,2025-07-28 14:41:41.382,Ayaan,Subject 101
squish,data/data/test_images/zombie/p_z_0045_d_s_cropped.png,police,zombie,standing,sunny,day,22,73,6,440,600,600,460,6,2,2a8909bc-6326-4477-92dc-363364ca910d,2025-07-28 14:41:41.382,Ayaan,Subject 101
skip,data/data/test_images/healthy/g_0034_d_s_cropped.png,elderly,healthy,standing,sunny,day,14,73,6,480,560,580,460,6,2,2a8909bc-6326-4477-92dc-363364ca910d,2025-07-28 14:41:41.382,Ayaan,Subject 101
skip,data/data/test_images/injured/h_0039_n_r_i_cropped.png,default,injured,injured,rain,night,9,73,6,460,560,580,440,6,2,2a8909bc-6326-4477-92dc-363364ca910d,2025-07-28 14:41:41.382,Ayaan,Subject 101
skip,data/data/test_images/corpse/p_c_0111_n_r_cropped.png,police,corpse,injured,rain,night,3,73,6,440,560,580,440,6,2,2a8909bc-6326-4477-92dc-363364ca910d,2025-07-28 14:41:41.382,Ayaan,Subject 101
squish,data/data/test_images/corpse/p_c_0148_n_r_cropped.png,police,corpse,injured,rain,night,58,65,0,420,560,580,440,6,3,2a8909bc-6326-4477-92dc-363364ca910d,2025-07-28 14:41:41.382,Ayaan,Subject 101
save,data/data/test_images/healthy/g_0052_n_r_s_cropped.png,elderly,healthy,standing,rain,night,48,65,0,420,540,580,440,6,3,2a8909bc-6326-4477-92dc-363364ca910d,2025-07-28 14:41:41.382,Ayaan,Subject 101
save,data/data/test_images/healthy/p_0016_n_r_s_cropped.png,police,healthy,standing,rain,night,44,65,1,380,580,580,460,6,3,2a8909bc-6326-4477-92dc-363364ca910d,2025-07-28 14:41:41.382,Ayaan,Subject 101
save,data/data/test_images/healthy/p_0123_d_s_cropped.png,police,healthy,standing,sunny,day,41,65,2,460,600,580,460,6,3,2a8909bc-6326-4477-92dc-363364ca910d,2025-07-28 14:41:41.382,Ayaan,Subject 101
save,data/data/test_images/injured/p_0057_d_i_cropped.png,police,injured,injured,sunny,day,38,65,3,540,620,580,460,6,3,2a8909bc-6326-4477-92dc-363364ca910d,2025-07-28 14:41:41.382,Ayaan,Subject 101
squish,data/data/test_images/corpse/g_c_0037_d_cropped.png,elderly,corpse,injured,sunny,day,35,65,4,560,640,580,500,6,3,2a8909bc-6326-4477-92dc-363364ca910d,2025-07-28 14:41:41.382,Ayaan,Subject 101
squish,data/data/test_images/corpse/do_c_0171_n_r_cropped.png,doctor,corpse,injured,rain,night,30,65,4,560,620,580,500,6,3,2a8909bc-6326-4477-92dc-363364ca910d,2025-07-28 14:41:41.382,Ayaan,Subject 101
squish,data/data/test_images/corpse/m_c_0105_n_r_cropped.png,business,corpse,injured,rain,night,24,65,4,560,600,580,500,6,3,2a8909bc-6326-4477-92dc-363364ca910d,2025-07-28 14:41:41.382,Ayaan,Subject 101
squish,data/data/test_images/zombie/z_0138_d_s_cropped.png,default,zombie,standing,sunny,day,20,65,4,560,580,580,500,6,3,2a8909bc-6326-4477-92dc-363364ca910d,2025-07-28 14:41:41.382,Ayaan,Subject 101
save,data/data/test_images/healthy/p_0061_n_r_s_cropped.png,police,healthy,standing,rain,night,16,65,4,600,540,560,500,6,3,2a8909bc-6326-4477-92dc-363364ca910d,2025-07-28 14:41:41.382,Ayaan,Subject 101
squish,data/data/test_images/zombie/m_z_0166_d_s_cropped.png,business,zombie,standing,sunny,day,12,65,5,680,560,560,500,6,3,2a8909bc-6326-4477-92dc-363364ca910d,2025-07-28 14:41:41.382,Ayaan,Subject 101
save,data/data/test_images/healthy/g_0175_n_r_s_cropped.png,elderly,healthy,standing,rain,night,8,65,5,720,520,540,500,6,3,2a8909bc-6326-4477-92dc-363364ca910d,2025-07-28 14:41:41.382,Ayaan,Subject 101
save,data/data/test_images/healthy/m_0079_d_s_cropped.png,business,healthy,standing,sunny,day,5,65,6,680,560,540,520,6,3,2a8909bc-6326-4477-92dc-363364ca910d,2025-07-28 14:41:41.382,Ayaan,Subject 101
skip,data/data/test_images/healthy/g_0065_d_s_cropped.png,elderly,healthy,standing,sunny,day,0,65,7,720,600,560,520,6,3,2a8909bc-6326-4477-92dc-363364ca910d,2025-07-28 14:41:41.382,Ayaan,Subject 101
squish,data/data/test_images/zombie/g_z_0035_d_s_cropped.png,elderly,zombie,standing,sunny,day,105,120,0,500,500,500,500,1,1,89092f41-a99a-44e0-8773-cabbc0dbd26b,2025-07-28 14:00:37.794,jimmy,200
save,data/data/test_images/healthy/do_0141_d_s_cropped.png,doctor,healthy,standing,sunny,day,78,120,0,540,460,480,500,1,1,89092f41-a99a-44e0-8773-cabbc0dbd26b,2025-07-28 14:00:37.794,jimmy,200
squish,data/data/test_images/zombie/p_z_0165_d_s_cropped.png,police,zombie,standing,sunny,day,68,120,1,580,500,480,540,1,1,89092f41-a99a-44e0-8773-cabbc0dbd26b,2025-07-28 14:00:37.794,jimmy,200
save,data/data/test_images/healthy/p_0081_d_s_cropped.png,police,healthy,standing,sunny,day,62,120,1,620,460,460,540,1,1,89092f41-a99a-44e0-8773-cabbc0dbd26b,2025-07-28 14:00:37.794,jimmy,200
save,data/data/test_images/healthy/p_0087_d_s_cropped.png,police,healthy,standing,sunny,day,54,120,2,700,480,460,540,1,1,89092f41-a99a-44e0-8773-cabbc0dbd26b,2025-07-28 14:00:37.794,jimmy,200
squish,data/data/test_images/zombie/m_z_0092_d_s_cropped.png,business,zombie,standing,sunny,day,48,120,3,780,500,460,540,1,1,89092f41-a99a-44e0-8773-cabbc0dbd26b,2025-07-28 14:00:37.794,jimmy,200
skip,data/data/test_images/corpse/m_c_0021_n_r_cropped.png,business,corpse,injured,rain,night,7,120,3,820,460,440,540,1,1,89092f41-a99a-44e0-8773-cabbc0dbd26b,2025-07-28 14:00:37.794,jimmy,200
save,data/data/test_images/injured/do_0013_n_r_i_cropped.png,doctor,injured,injured,rain,night,1,120,3,800,460,440,540,1,1,89092f41-a99a-44e0-8773-cabbc0dbd26b,2025-07-28 14:00:37.794,jimmy,200
save,data/data/test_images/healthy/m_0041_d_s_cropped.png,business,healthy,standing,sunny,day,34,38,0,780,500,440,620,1,2,89092f41-a99a-44e0-8773-cabbc0dbd26b,2025-07-28 14:00:37.794,jimmy,200
save,data/data/test_images/healthy/g_0194_d_s_cropped.png,elderly,healthy,standing,sunny,day,30,38,1,820,540,460,620,1,2,89092f41-a99a-44e0-8773-cabbc0dbd26b,2025-07-28 14:00:37.794,jimmy,200
skip,data/data/test_images/injured/p_0106_n_r_i_cropped.png,police,injured,injured,rain,night,25,38,2,780,580,460,640,1,2,89092f41-a99a-44e0-8773-cabbc0dbd26b,2025-07-28 14:00:37.794,jimmy,200
skip,data/data/test_images/injured/h_0047_n_r_i_cropped.png,default,injured,injured,rain,night,21,38,2,780,560,460,600,1,2,89092f41-a99a-44e0-8773-cabbc0dbd26b,2025-07-28 14:00:37.794,jimmy,200
skip,data/data/test_images/injured/g_0194_d_i_cropped.png,elderly,injured,injured,sunny,day,18,38,2,760,560,460,600,1,2,89092f41-a99a-44e0-8773-cabbc0dbd26b,2025-07-28 14:00:37.794,jimmy,200
save,data/data/test_images/healthy/g_0054_n_r_s_cropped.png,elderly,healthy,standing,rain,night,13,38,2,760,560,460,540,1,2,89092f41-a99a-44e0-8773-cabbc0dbd26b,2025-07-28 14:00:37.794,jimmy,200
squish,data/data/test_images/zombie/p_z_0041_d_s_cropped.png,police,zombie,standing,sunny,day,8,38,3,720,600,460,560,1,2,89092f41-a99a-44e0-8773-cabbc0dbd26b,2025-07-28 14:00:37.794,jimmy,200
squish,data/data/test_images/zombie/m_z_0139_d_s_cropped.png,business,zombie,standing,sunny,day,4,38,3,760,560,440,560,1,2,89092f41-a99a-44e0-8773-cabbc0dbd26b,2025-07-28 14:00:37.794,jimmy,200
save,data/data/test_images/zombie/m_z_0078_d_s_cropped.png,business,zombie,standing,sunny,day,36,40,0,800,520,420,560,1,3,89092f41-a99a-44e0-8773-cabbc0dbd26b,2025-07-28 14:00:37.794,jimmy,200
skip,data/data/test_images/injured/g_0063_d_i_cropped.png,elderly,injured,injured,sunny,day,32,40,1,760,560,500,520,1,3,89092f41-a99a-44e0-8773-cabbc0dbd26b,2025-07-28 14:00:37.794,jimmy,200
save,data/data/test_images/healthy/h_0038_n_r_s_cropped.png,default,healthy,standing,rain,night,27,40,1,760,560,500,460,1,3,89092f41-a99a-44e0-8773-cabbc0dbd26b,2025-07-28 14:00:37.794,jimmy,200
save,data/data/test_images/zombie/z_do_0130_n_r_s_cropped.png,default,zombie,standing,rain,night,24,40,2,720,600,580,420,1,3,89092f41-a99a-44e0-8773-cabbc0dbd26b,2025-07-28 14:00:37.794,jimmy,200
squish,data/data/test_images/zombie/z_do_0175_n_r_s_cropped.png,default,zombie,standing,rain,night,20,40,3,680,640,660,380,1,3,89092f41-a99a-44e0-8773-cabbc0dbd26b,2025-07-28 14:00:37.794,jimmy,200
save,data/data/test_images/healthy/g_0079_d_s_cropped.png,elderly,healthy,standing,sunny,day,16,40,3,720,600,640,380,1,3,89092f41-a99a-44e0-8773-cabbc0dbd26b,2025-07-28 14:00:37.794,jimmy,200
save,data/data/test_images/injured/do_0126_n_r_i_cropped.png,doctor,injured,injured,rain,night,12,40,4,680,640,640,400,1,3,89092f41-a99a-44e0-8773-cabbc0dbd26b,2025-07-28 14:00:37.794,jimmy,200
save,data/data/test_images/healthy/p_0045_d_s_cropped.png,police,healthy,standing,sunny,day,9,40,5,660,680,640,480,1,3,89092f41-a99a-44e0-8773-cabbc0dbd26b,2025-07-28 14:00:37.794,jimmy,200
skip,data/data/test_images/injured/p_0059_n_r_i_cropped.png,police,injured,injured,rain,night,5,40,6,740,700,640,480,1,3,89092f41-a99a-44e0-8773-cabbc0dbd26b,2025-07-28 14:00:37.794,jimmy,200
save,data/data/test_images/corpse/do_c_0027_n_r_cropped.png,doctor,corpse,injured,rain,night,0,40,6,740,680,640,440,1,3,89092f41-a99a-44e0-8773-cabbc0dbd26b,2025-07-28 14:00:37.794,jimmy,200
squish,data/data/test_images/corpse/m_c_0130_d_cropped.png,business,corpse,injured,sunny,day,62,64,0,500,500,500,500,2,1,89092f41-a99a-44e0-8773-cabbc0dbd26b,2025-07-28 14:00:37.794,jimmy,200
squish,data/data/test_images/corpse/c_0122_d_cropped.png,default,corpse,injured,sunny,day,58,64,0,500,480,500,500,2,1,89092f41-a99a-44e0-8773-cabbc0dbd26b,2025-07-28 14:00:37.794,jimmy,200
skip,data/data/test_images/corpse/g_c_0022_n_r_cropped.png,elderly,corpse,injured,rain,night,53,64,0,500,460,500,500,2,1,89092f41-a99a-44e0-8773-cabbc0dbd26b,2025-07-28 14:00:37.794,jimmy,200
save,data/data/test_images/injured/do_0068_n_r_i_cropped.png,doctor,injured,injured,rain,night,49,64,0,480,460,500,500,2,1,89092f41-a99a-44e0-8773-cabbc0dbd26b,2025-07-28 14:00:37.794,jimmy,200
save,data/data/test_images/healthy/p_0026_d_s_cropped.png,police,healthy,standing,sunny,day,43,64,1,460,500,500,580,2,1,89092f41-a99a-44e0-8773-cabbc0dbd26b,2025-07-28 14:00:37.794,jimmy,200
save,data/data/test_images/corpse/p_c_0152_n_r_cropped.png,police,corpse,injured,rain,night,39,64,2,540,520,500,580,2,1,89092f41-a99a-44e0-8773-cabbc0dbd26b,2025-07-28 14:00:37.794,jimmy,200
save,data/data/test_images/healthy/p_0184_n_r_s_cropped.png,police,healthy,standing,rain,night,37,64,3,540,520,500,560,2,1,89092f41-a99a-44e0-8773-cabbc0dbd26b,2025-07-28 14:00:37.794,jimmy,200
squish,data/data/test_images/zombie/m_z_0094_n_r_s_cropped.png,business,zombie,standing,rain,night,32,64,4,620,540,500,560,2,1,89092f41-a99a-44e0-8773-cabbc0dbd26b,2025-07-28 14:00:37.794,jimmy,200
squish,data/data/test_images/zombie/p_z_0003_d_s_cropped.png,police,zombie,standing,sunny,day,28,64,4,660,500,480,560,2,1,89092f41-a99a-44e0-8773-cabbc0dbd26b,2025-07-28 14:00:37.794,jimmy,200
save,data/data/test_images/healthy/g_0195_n_r_s_cropped.png,elderly,healthy,standing,rain,night,24,64,4,700,460,460,560,2,1,89092f41-a99a-44e0-8773-cabbc0dbd26b,2025-07-28 14:00:37.794,jimmy,200
save,data/data/test_images/injured/g_0191_n_r_i_cropped.png,elderly,injured,injured,rain,night,20,64,5,660,500,460,580,2,1,89092f41-a99a-44e0-8773-cabbc0dbd26b,2025-07-28 14:00:37.794,jimmy,200
squish,data/data/test_images/zombie/p_z_0120_d_s_cropped.png,police,zombie,standing,sunny,day,15,64,6,560,540,460,640,2,1,89092f41-a99a-44e0-8773-cabbc0dbd26b,2025-07-28 14:00:37.794,jimmy,200
save,data/data/test_images/injured/g_0133_n_r_i_cropped.png,elderly,injured,injured,rain,night,10,64,6,600,500,440,640,2,1,89092f41-a99a-44e0-8773-cabbc0dbd26b,2025-07-28 14:00:37.794,jimmy,200
save,data/data/test_images/corpse/do_c_0152_n_r_cropped.png,doctor,corpse,injured,rain,night,6,64,7,500,540,440,700,2,1,89092f41-a99a-44e0-8773-cabbc0dbd26b,2025-07-28 14:00:37.794,jimmy,200
save,data/data/test_images/healthy/m_0010_d_s_cropped.png,business,healthy,standing,sunny,day,40,45,0,500,540,440,680,2,2,89092f41-a99a-44e0-8773-cabbc0dbd26b,2025-07-28 14:00:37.794,jimmy,200
save,data/data/test_images/healthy/p_0193_d_s_cropped.png,police,healthy,standing,sunny,day,37,45,1,540,580,460,680,2,2,89092f41-a99a-44e0-8773-cabbc0dbd26b,2025-07-28 14:00:37.794,jimmy,200
save,data/data/test_images/corpse/g_c_0117_d_cropped.png,elderly,corpse,injured,sunny,day,34,45,2,620,600,460,680,2,2,89092f41-a99a-44e0-8773-cabbc0dbd26b,2025-07-28 14:00:37.794,jimmy,200
save,data/data/test_images/zombie/z_0139_n_r_s_cropped.png,default,zombie,standing,rain,night,30,45,3,620,600,460,660,2,2,89092f41-a99a-44e0-8773-cabbc0dbd26b,2025-07-28 14:00:37.794,jimmy,200
save,data/data/test_images/zombie/do_z_0053_d_s_cropped.png,doctor,zombie,standing,sunny,day,25,45,4,580,640,540,620,2,2,89092f41-a99a-44e0-8773-cabbc0dbd26b,2025-07-28 14:00:37.794,jimmy,200
save,data/data/test_images/injured/do_0111_n_r_i_cropped.png,doctor,injured,injured,rain,night,22,45,5,540,680,620,580,2,2,89092f41-a99a-44e0-8773-cabbc0dbd26b,2025-07-28 14:00:37.794,jimmy,200
skip,data/data/test_images/corpse/g_c_0190_d_cropped.png,elderly,corpse,injured,sunny,day,18,45,6,520,720,620,660,2,2,89092f41-a99a-44e0-8773-cabbc0dbd26b,2025-07-28 14:00:37.794,jimmy,200
squish,data/data/test_images/corpse/c_0053_d_cropped.png,default,corpse,injured,sunny,day,12,45,6,500,720,620,660,2,2,89092f41-a99a-44e0-8773-cabbc0dbd26b,2025-07-28 14:00:37.794,jimmy,200
save,data/data/test_images/healthy/h_0188_n_r_s_cropped.png,default,healthy,standing,rain,night,8,45,6,500,700,620,660,2,2,89092f41-a99a-44e0-8773-cabbc0dbd26b,2025-07-28 14:00:37.794,jimmy,200
save,data/data/test_images/injured/p_0057_n_r_i_cropped.png,police,injured,injured,rain,night,4,45,7,460,740,700,620,2,2,89092f41-a99a-44e0-8773-cabbc0dbd26b,2025-07-28 14:00:37.794,jimmy,200
squish,data/data/test_images/zombie/z_0001_d_s_cropped.png,default,zombie,standing,sunny,day,0,45,8,480,760,700,660,2,2,89092f41-a99a-44e0-8773-cabbc0dbd26b,2025-07-28 14:00:37.794,jimmy,200
skip,data/data/test_images/corpse/g_c_0193_d_cropped.png,elderly,corpse,injured,sunny,day,83,89,0,520,720,680,660,2,3,89092f41-a99a-44e0-8773-cabbc0dbd26b,2025-07-28 14:00:37.794,jimmy,200
save,data/data/test_images/injured/p_0155_d_i_cropped.png,police,injured,injured,sunny,day,79,89,0,500,720,680,660,2,3,89092f41-a99a-44e0-8773-cabbc0dbd26b,2025-07-28 14:00:37.794,jimmy,200
save,data/data/test_images/corpse/do_c_0090_d_cropped.png,doctor,corpse,injured,sunny,day,76,89,1,520,740,680,700,2,3,89092f41-a99a-44e0-8773-cabbc0dbd26b,2025-07-28 14:00:37.794,jimmy,200
squish,data/data/test_images/zombie/m_z_0011_d_s_cropped.png,business,zombie,standing,sunny,day,72,89,2,520,740,680,680,2,3,89092f41-a99a-44e0-8773-cabbc0dbd26b,2025-07-28 14:00:37.794,jimmy,200
save,data/data/test_images/healthy/p_0172_n_r_s_cropped.png,police,healthy,standing,rain,night,69,89,2,560,700,660,680,2,3,89092f41-a99a-44e0-8773-cabbc0dbd26b,2025-07-28 14:00:37.794,jimmy,200
save,data/data/test_images/zombie/z_0067_n_r_s_cropped.png,default,zombie,standing,rain,night,61,89,3,640,720,660,680,2,3,89092f41-a99a-44e0-8773-cabbc0dbd26b,2025-07-28 14:00:37.794,jimmy,200
save,data/data/test_images/injured/h_0065_d_i_cropped.png,default,injured,injured,sunny,day,58,89,4,600,760,740,640,2,3,89092f41-a99a-44e0-8773-cabbc0dbd26b,2025-07-28 14:00:37.794,jimmy,200
save,data/data/test_images/healthy/p_0148_n_r_s_cropped.png,police,healthy,standing,rain,night,55,89,5,560,800,820,600,2,3,89092f41-a99a-44e0-8773-cabbc0dbd26b,2025-07-28 14:00:37.794,jimmy,200
skip,data/data/test_images/corpse/c_0181_n_r_cropped.png,default,corpse,injured,rain,night,51,89,6,640,820,820,600,2,3,89092f41-a99a-44e0-8773-cabbc0dbd26b,2025-07-28 14:00:37.794,jimmy,200
skip,data/data/test_images/corpse/m_c_0128_d_cropped.png,business,corpse,injured,sunny,day,46,89,6,620,820,820,600,2,3,89092f41-a99a-44e0-8773-cabbc0dbd26b,2025-07-28 14:00:37.794,jimmy,200
save,data/data/test_images/healthy/m_0142_d_s_cropped.png,business,healthy,standing,sunny,day,43,89,6,600,820,820,600,2,3,89092f41-a99a-44e0-8773-cabbc0dbd26b,2025-07-28 14:00:37.794,jimmy,200
save,data/data/test_images/injured/p_0172_d_i_cropped.png,police,injured,injured,sunny,day,40,89,7,640,860,840,600,2,3,89092f41-a99a-44e0-8773-cabbc0dbd26b,2025-07-28 14:00:37.794,jimmy,200
save,data/data/test_images/injured/g_0139_d_i_cropped.png,elderly,injured,injured,sunny,day,36,89,8,660,880,840,640,2,3,89092f41-a99a-44e0-8773-cabbc0dbd26b,2025-07-28 14:00:37.794,jimmy,200
save,data/data/test_images/healthy/m_0090_d_s_cropped.png,business,healthy,standing,sunny,day,33,89,9,560,920,840,700,2,3,89092f41-a99a-44e0-8773-cabbc0dbd26b,2025-07-28 14:00:37.794,jimmy,200
save,data/data/test_images/corpse/do_c_0044_n_r_cropped.png,doctor,corpse,injured,rain,night,28,89,10,600,960,860,700,2,3,89092f41-a99a-44e0-8773-cabbc0dbd26b,2025-07-28 14:00:37.794,jimmy,200
skip,data/data/test_images/zombie/do_z_0068_d_s_cropped.png,doctor,zombie,standing,sunny,day,22,89,11,600,960,860,680,2,3,89092f41-a99a-44e0-8773-cabbc0dbd26b,2025-07-28 14:00:37.794,jimmy,200
save,data/data/test_images/injured/p_0166_d_i_cropped.png,police,injured,injured,sunny,day,18,89,11,580,960,860,680,2,3,89092f41-a99a-44e0-8773-cabbc0dbd26b,2025-07-28 14:00:37.794,jimmy,200
scram,data/data/test_images/injured/p_0138_d_i_cropped.png,police,injured,injured,sunny,day,3,89,12,600,980,860,720,2,3,89092f41-a99a-44e0-8773-cabbc0dbd26b,2025-07-28 14:00:37.794,jimmy,200
skip,data/data/test_images/corpse/m_c_0005_n_r_cropped.png,business,corpse,injured,rain,night,76,78,0,500,500,500,500,3,1,89092f41-a99a-44e0-8773-cabbc0dbd26b,2025-07-28 14:00:37.794,jimmy,200
save,data/data/test_images/healthy/p_0138_d_s_cropped.png,police,healthy,standing,sunny,day,72,78,0,480,500,500,500,3,1,89092f41-a99a-44e0-8773-cabbc0dbd26b,2025-07-28 14:00:37.794,jimmy,200
save,data/data/test_images/injured/g_0014_n_r_i_cropped.png,elderly,injured,injured,rain,night,69,78,1,560,520,500,500,3,1,89092f41-a99a-44e0-8773-cabbc0dbd26b,2025-07-28 14:00:37.794,jimmy,200
squish,data/data/test_images/zombie/m_z_0008_n_r_s_cropped.png,business,zombie,standing,rain,night,65,78,2,460,560,500,560,3,1,89092f41-a99a-44e0-8773-cabbc0dbd26b,2025-07-28 14:00:37.794,jimmy,200
squish,data/data/test_images/corpse/g_c_0039_d_cropped.png,elderly,corpse,injured,sunny,day,60,78,2,500,520,480,560,3,1,89092f41-a99a-44e0-8773-cabbc0dbd26b,2025-07-28 14:00:37.794,jimmy,200
squish,data/data/test_images/corpse/g_c_0042_n_r_cropped.png,elderly,corpse,injured,rain,night,54,78,2,500,500,480,560,3,1,89092f41-a99a-44e0-8773-cabbc0dbd26b,2025-07-28 14:00:37.794,jimmy,200
squish,data/data/test_images/zombie/g_z_0033_d_s_cropped.png,elderly,zombie,standing,sunny,day,49,78,2,500,480,480,560,3,1,89092f41-a99a-44e0-8773-cabbc0dbd26b,2025-07-28 14:00:37.794,jimmy,200
save,data/data/test_images/zombie/z_0178_d_s_cropped.png,default,zombie,standing,sunny,day,43,78,2,540,440,460,560,3,1,89092f41-a99a-44e0-8773-cabbc0dbd26b,2025-07-28 14:00:37.794,jimmy,200
save,data/data/test_images/healthy/p_0002_n_r_s_cropped.png,police,healthy,standing,rain,night,41,78,3,500,480,540,520,3,1,89092f41-a99a-44e0-8773-cabbc0dbd26b,2025-07-28 14:00:37.794,jimmy,200
save,data/data/test_images/corpse/p_c_0049_n_r_cropped.png,police,corpse,injured,rain,night,37,78,4,580,500,540,520,3,1,89092f41-a99a-44e0-8773-cabbc0dbd26b,2025-07-28 14:00:37.794,jimmy,200
save,data/data/test_images/zombie/g_z_0075_d_s_cropped.png,elderly,zombie,standing,sunny,day,33,78,5,580,500,540,500,3,1,89092f41-a99a-44e0-8773-cabbc0dbd26b,2025-07-28 14:00:37.794,jimmy,200
skip,data/data/test_images/corpse/g_c_0059_n_r_cropped.png,elderly,corpse,injured,rain,night,28,78,6,540,540,620,460,3,1,89092f41-a99a-44e0-8773-cabbc0dbd26b,2025-07-28 14:00:37.794,jimmy,200
save,data/data/test_images/injured/g_0039_d_i_cropped.png,elderly,injured,injured,sunny,day,24,78,6,520,540,620,460,3,1,89092f41-a99a-44e0-8773-cabbc0dbd26b,2025-07-28 14:00:37.794,jimmy,200
squish,data/data/test_images/zombie/g_z_0107_d_s_cropped.png,elderly,zombie,standing,sunny,day,20,78,7,420,580,620,520,3,1,89092f41-a99a-44e0-8773-cabbc0dbd26b,2025-07-28 14:00:37.794,jimmy,200
save,data/data/test_images/injured/do_0042_d_i_cropped.png,doctor,injured,injured,sunny,day,17,78,7,460,540,600,520,3,1,89092f41-a99a-44e0-8773-cabbc0dbd26b,2025-07-28 14:00:37.794,jimmy,200
skip,data/data/test_images/corpse/do_c_0007_n_r_cropped.png,doctor,corpse,injured,rain,night,10,78,8,440,580,600,600,3,1,89092f41-a99a-44e0-8773-cabbc0dbd26b,2025-07-28 14:00:37.794,jimmy,200
squish,data/data/test_images/zombie/p_z_0135_d_s_cropped.png,police,zombie,standing,sunny,day,5,78,8,420,580,600,600,3,1,89092f41-a99a-44e0-8773-cabbc0dbd26b,2025-07-28 14:00:37.794,jimmy,200
squish,data/data/test_images/corpse/do_c_0074_n_r_cropped.png,doctor,corpse,injured,rain,night,1,78,8,460,540,580,600,3,1,89092f41-a99a-44e0-8773-cabbc0dbd26b,2025-07-28 14:00:37.794,jimmy,200
save,data/data/test_images/healthy/m_0002_d_s_cropped.png,business,healthy,standing,sunny,day,82,86,0,460,520,580,600,3,2,89092f41-a99a-44e0-8773-cabbc0dbd26b,2025-07-28 14:00:37.794,jimmy,200
squish,data/data/test_images/corpse/c_0189_n_r_cropped.png,default,corpse,injured,rain,night,78,86,1,500,560,600,600,3,2,89092f41-a99a-44e0-8773-cabbc0dbd26b,2025-07-28 14:00:37.794,jimmy,200
squish,data/data/test_images/zombie/z_0193_d_s_cropped.png,default,zombie,standing,sunny,day,74,86,1,500,540,600,600,3,2,89092f41-a99a-44e0-8773-cabbc0dbd26b,2025-07-28 14:00:37.794,jimmy,200
save,data/data/test_images/zombie/m_z_0077_n_r_s_cropped.png,business,zombie,standing,rain,night,69,86,1,540,500,580,600,3,2,89092f41-a99a-44e0-8773-cabbc0dbd26b,2025-07-28 14:00:37.794,jimmy,200
save,data/data/test_images/injured/p_0161_n_r_i_cropped.png,police,injured,injured,rain,night,66,86,2,500,540,660,560,3,2,89092f41-a99a-44e0-8773-cabbc0dbd26b,2025-07-28 14:00:37.794,jimmy,200
save,data/data/test_images/healthy/h_0022_d_s_cropped.png,default,healthy,standing,sunny,day,63,86,3,520,560,660,600,3,2,89092f41-a99a-44e0-8773-cabbc0dbd26b,2025-07-28 14:00:37.794,jimmy,200
skip,data/data/test_images/corpse/g_c_0137_d_cropped.png,elderly,corpse,injured,sunny,day,58,86,4,480,600,740,560,3,2,89092f41-a99a-44e0-8773-cabbc0dbd26b,2025-07-28 14:00:37.794,jimmy,200
save,data/data/test_images/injured/do_0111_d_i_cropped.png,doctor,injured,injured,sunny,day,55,86,4,460,600,740,560,3,2,89092f41-a99a-44e0-8773-cabbc0dbd26b,2025-07-28 14:00:37.794,jimmy,200
save,data/data/test_images/healthy/h_0015_d_s_cropped.png,default,healthy,standing,sunny,day,51,86,5,440,640,740,640,3,2,89092f41-a99a-44e0-8773-cabbc0dbd26b,2025-07-28 14:00:37.794,jimmy,200
squish,data/data/test_images/zombie/m_z_0109_d_s_cropped.png,business,zombie,standing,sunny,day,47,86,6,400,680,820,600,3,2,89092f41-a99a-44e0-8773-cabbc0dbd26b,2025-07-28 14:00:37.794,jimmy,200
squish,data/data/test_images/zombie/m_z_0175_n_r_s_cropped.png,business,zombie,standing,rain,night,42,86,6,440,640,800,600,3,2,89092f41-a99a-44e0-8773-cabbc0dbd26b,2025-07-28 14:00:37.794,jimmy,200
squish,data/data/test_images/zombie/p_z_0094_d_s_cropped.png,police,zombie,standing,sunny,day,38,86,6,480,600,780,600,3,2,89092f41-a99a-44e0-8773-cabbc0dbd26b,2025-07-28 14:00:37.794,jimmy,200
save,data/data/test_images/injured/g_0020_d_i_cropped.png,elderly,injured,injured,sunny,day,34,86,6,520,560,760,600,3,2,89092f41-a99a-44e0-8773-cabbc0dbd26b,2025-07-28 14:00:37.794,jimmy,200
save,data/data/test_images/injured/m_0028_n_r_i_cropped.png,business,injured,injured,rain,night,31,86,7,420,600,760,660,3,2,89092f41-a99a-44e0-8773-cabbc0dbd26b,2025-07-28 14:00:37.794,jimmy,200
save,data/data/test_images/healthy/g_0160_d_s_cropped.png,elderly,healthy,standing,sunny,day,28,86,8,400,640,780,700,3,2,89092f41-a99a-44e0-8773-cabbc0dbd26b,2025-07-28 14:00:37.794,jimmy,200
save,data/data/test_images/corpse/m_c_0047_d_cropped.png,business,corpse,injured,sunny,day,25,86,9,360,680,780,720,3,2,89092f41-a99a-44e0-8773-cabbc0dbd26b,2025-07-28 14:00:37.794,jimmy,200
save,data/data/test_images/injured/do_0056_n_r_i_cropped.png,doctor,injured,injured,rain,night,22,86,10,360,680,780,700,3,2,89092f41-a99a-44e0-8773-cabbc0dbd26b,2025-07-28 14:00:37.794,jimmy,200
save,data/data/test_images/injured/h_0035_n_r_i_cropped.png,default,injured,injured,rain,night,18,86,11,340,720,780,780,3,2,89092f41-a99a-44e0-8773-cabbc0dbd26b,2025-07-28 14:00:37.794,jimmy,200
scram,data/data/test_images/healthy/do_0083_n_r_s_cropped.png,doctor,healthy,standing,rain,night,13,86,12,300,760,860,740,3,2,89092f41-a99a-44e0-8773-cabbc0dbd26b,2025-07-28 14:00:37.794,jimmy,200
save,data/data/test_images/healthy/do_0159_n_r_s_cropped.png,doctor,healthy,standing,rain,night,10,86,0,300,760,860,740,3,2,89092f41-a99a-44e0-8773-cabbc0dbd26b,2025-07-28 14:00:37.794,jimmy,200
squish,data/data/test_images/corpse/do_c_0119_d_cropped.png,doctor,corpse,injured,sunny,day,6,86,1,340,800,860,780,3,2,89092f41-a99a-44e0-8773-cabbc0dbd26b,2025-07-28 14:00:37.794,jimmy,200
skip,data/data/test_images/corpse/c_0106_d_cropped.png,default,corpse,injured,sunny,day,2,86,1,340,780,860,780,3,2,89092f41-a99a-44e0-8773-cabbc0dbd26b,2025-07-28 14:00:37.794,jimmy,200
squish,data/data/test_images/zombie/g_z_0035_n_r_s_cropped.png,elderly,zombie,standing,rain,night,39,45,0,320,780,860,780,3,3,89092f41-a99a-44e0-8773-cabbc0dbd26b,2025-07-28 14:00:37.794,jimmy,200
save,data/data/test_images/healthy/do_0073_n_r_s_cropped.png,doctor,healthy,standing,rain,night,36,45,0,360,740,840,780,3,3,89092f41-a99a-44e0-8773-cabbc0dbd26b,2025-07-28 14:00:37.794,jimmy,200
save,data/data/test_images/injured/h_0055_n_r_i_cropped.png,default,injured,injured,rain,night,32,45,1,400,780,840,820,3,3,89092f41-a99a-44e0-8773-cabbc0dbd26b,2025-07-28 14:00:37.794,jimmy,200
save,data/data/test_images/healthy/p_0108_n_r_s_cropped.png,police,healthy,standing,rain,night,30,45,2,360,820,920,780,3,3,89092f41-a99a-44e0-8773-cabbc0dbd26b,2025-07-28 14:00:37.794,jimmy,200
skip,data/data/test_images/corpse/m_c_0129_d_cropped.png,business,corpse,injured,sunny,day,25,45,3,440,840,920,780,3,3,89092f41-a99a-44e0-8773-cabbc0dbd26b,2025-07-28 14:00:37.794,jimmy,200
save,data/data/test_images/injured/h_0121_d_i_cropped.png,default,injured,injured,sunny,day,21,45,3,420,840,920,780,3,3,89092f41-a99a-44e0-8773-cabbc0dbd26b,2025-07-28 14:00:37.794,jimmy,200
save,data/data/test_images/healthy/p_0063_n_r_s_cropped.png,police,healthy,standing,rain,night,18,45,4,380,880,1000,740,3,3,89092f41-a99a-44e0-8773-cabbc0dbd26b,2025-07-28 14:00:37.794,jimmy,200
skip,data/data/test_images/corpse/g_c_0026_n_r_cropped.png,elderly,corpse,injured,rain,night,14,45,5,460,900,1000,740,3,3,89092f41-a99a-44e0-8773-cabbc0dbd26b,2025-07-28 14:00:37.794,jimmy,200
save,data/data/test_images/injured/do_0064_n_r_i_cropped.png,doctor,injured,injured,rain,night,10,45,5,440,900,1000,740,3,3,89092f41-a99a-44e0-8773-cabbc0dbd26b,2025-07-28 14:00:37.794,jimmy,200
skip,data/data/test_images/injured/p_0029_n_r_i_cropped.png,police,injured,injured,rain,night,6,45,6,420,940,1000,820,3,3,89092f41-a99a-44e0-8773-cabbc0dbd26b,2025-07-28 14:00:37.794,jimmy,200
squish,data/data/test_images/corpse/g_c_0191_n_r_cropped.png,elderly,corpse,injured,rain,night,0,45,6,420,920,1000,780,3,3,89092f41-a99a-44e0-8773-cabbc0dbd26b,2025-07-28 14:00:37.794,jimmy,200
save,data/data/test_images/injured/do_0132_d_i_cropped.png,doctor,injured,injured,sunny,day,39,41,0,500,500,500,500,4,1,89092f41-a99a-44e0-8773-cabbc0dbd26b,2025-07-28 14:00:37.794,jimmy,200
squish,data/data/test_images/zombie/z_do_0170_n_r_s_cropped.png,default,zombie,standing,rain,night,35,41,1,480,540,500,580,4,1,89092f41-a99a-44e0-8773-cabbc0dbd26b,2025-07-28 14:00:37.794,jimmy,200
skip,data/data/test_images/injured/g_0109_n_r_i_cropped.png,elderly,injured,injured,rain,night,31,41,1,520,500,480,580,4,1,89092f41-a99a-44e0-8773-cabbc0dbd26b,2025-07-28 14:00:37.794,jimmy,200
squish,data/data/test_images/zombie/z_do_0009_n_r_s_cropped.png,default,zombie,standing,rain,night,27,41,1,520,500,480,520,4,1,89092f41-a99a-44e0-8773-cabbc0dbd26b,2025-07-28 14:00:37.794,jimmy,200
save,data/data/test_images/injured/do_0166_n_r_i_cropped.png,doctor,injured,injured,rain,night,24,41,1,560,460,460,520,4,1,89092f41-a99a-44e0-8773-cabbc0dbd26b,2025-07-28 14:00:37.794,jimmy,200
squish,data/data/test_images/zombie/z_0171_d_s_cropped.png,default,zombie,standing,sunny,day,19,41,2,540,500,460,600,4,1,89092f41-a99a-44e0-8773-cabbc0dbd26b,2025-07-28 14:00:37.794,jimmy,200
save,data/data/test_images/injured/g_0189_n_r_i_cropped.png,elderly,injured,injured,rain,night,16,41,2,580,460,440,600,4,1,89092f41-a99a-44e0-8773-cabbc0dbd26b,2025-07-28 14:00:37.794,jimmy,200
save,data/data/test_images/zombie/z_do_0004_n_r_s_cropped.png,default,zombie,standing,rain,night,13,41,3,480,500,440,660,4,1,89092f41-a99a-44e0-8773-cabbc0dbd26b,2025-07-28 14:00:37.794,jimmy,200
squish,data/data/test_images/zombie/z_0086_d_s_cropped.png,default,zombie,standing,sunny,day,9,41,4,440,540,520,620,4,1,89092f41-a99a-44e0-8773-cabbc0dbd26b,2025-07-28 14:00:37.794,jimmy,200
save,data/data/test_images/healthy/p_0096_n_r_s_cropped.png,police,healthy,standing,rain,night,6,41,4,480,500,500,620,4,1,89092f41-a99a-44e0-8773-cabbc0dbd26b,2025-07-28 14:00:37.794,jimmy,200
save,data/data/test_images/corpse/m_c_0080_d_cropped.png,business,corpse,injured,sunny,day,3,41,5,560,520,500,620,4,1,89092f41-a99a-44e0-8773-cabbc0dbd26b,2025-07-28 14:00:37.794,jimmy,200
save,data/data/test_images/injured/p_0060_n_r_i_cropped.png,police,injured,injured,rain,night,57,61,0,560,520,500,600,4,2,89092f41-a99a-44e0-8773-cabbc0dbd26b,2025-07-28 14:00:37.794,jimmy,200
save,data/data/test_images/injured/do_0132_d_i_cropped.png,doctor,injured,injured,sunny,day,55,61,1,580,540,500,640,4,2,89092f41-a99a-44e0-8773-cabbc0dbd26b,2025-07-28 14:00:37.794,jimmy,200
save,data/data/test_images/corpse/g_c_0105_n_r_cropped.png,elderly,corpse,injured,rain,night,52,61,2,560,580,500,720,4,2,89092f41-a99a-44e0-8773-cabbc0dbd26b,2025-07-28 14:00:37.794,jimmy,200
squish,data/data/test_images/zombie/z_0134_d_s_cropped.png,default,zombie,standing,sunny,day,48,61,3,560,580,500,700,4,2,89092f41-a99a-44e0-8773-cabbc0dbd26b,2025-07-28 14:00:37.794,jimmy,200
squish,data/data/test_images/zombie/g_z_0074_n_r_s_cropped.png,elderly,zombie,standing,rain,night,42,61,3,600,540,480,700,4,2,89092f41-a99a-44e0-8773-cabbc0dbd26b,2025-07-28 14:00:37.794,jimmy,200
squish,data/data/test_images/healthy/m_0095_d_s_cropped.png,business,healthy,standing,sunny,day,39,61,3,640,500,460,700,4,2,89092f41-a99a-44e0-8773-cabbc0dbd26b,2025-07-28 14:00:37.794,jimmy,200
save,data/data/test_images/healthy/p_0122_n_r_s_cropped.png,police,healthy,standing,rain,night,35,61,3,620,460,520,660,4,2,89092f41-a99a-44e0-8773-cabbc0dbd26b,2025-07-28 14:00:37.794,jimmy,200
squish,data/data/test_images/zombie/z_0077_d_s_cropped.png,default,zombie,standing,sunny,day,31,61,4,700,480,520,660,4,2,89092f41-a99a-44e0-8773-cabbc0dbd26b,2025-07-28 14:00:37.794,jimmy,200
squish,data/data/test_images/zombie/p_z_0125_n_r_s_cropped.png,police,zombie,standing,rain,night,26,61,4,740,440,500,660,4,2,89092f41-a99a-44e0-8773-cabbc0dbd26b,2025-07-28 14:00:37.794,jimmy,200
save,data/data/test_images/healthy/p_0163_d_s_cropped.png,police,healthy,standing,sunny,day,22,61,4,780,400,480,660,4,2,89092f41-a99a-44e0-8773-cabbc0dbd26b,2025-07-28 14:00:37.794,jimmy,200
save,data/data/test_images/zombie/p_z_0070_d_s_cropped.png,police,zombie,standing,sunny,day,18,61,5,860,420,480,660,4,2,89092f41-a99a-44e0-8773-cabbc0dbd26b,2025-07-28 14:00:37.794,jimmy,200
save,data/data/test_images/corpse/m_c_0037_d_cropped.png,business,corpse,injured,sunny,day,14,61,6,820,460,560,620,4,2,89092f41-a99a-44e0-8773-cabbc0dbd26b,2025-07-28 14:00:37.794,jimmy,200
save,data/data/test_images/injured/p_0180_d_i_cropped.png,police,injured,injured,sunny,day,11,61,7,820,460,560,600,4,2,89092f41-a99a-44e0-8773-cabbc0dbd26b,2025-07-28 14:00:37.794,jimmy,200
squish,data/data/test_images/corpse/m_c_0008_d_cropped.png,business,corpse,injured,sunny,day,7,61,8,840,480,560,640,4,2,89092f41-a99a-44e0-8773-cabbc0dbd26b,2025-07-28 14:00:37.794,jimmy,200
save,data/data/test_images/healthy/m_0096_n_r_s_cropped.png,business,healthy,standing,rain,night,4,61,8,840,460,560,640,4,2,89092f41-a99a-44e0-8773-cabbc0dbd26b,2025-07-28 14:00:37.794,jimmy,200
squish,data/data/test_images/corpse/c_0015_d_cropped.png,default,corpse,injured,sunny,day,0,61,9,880,500,580,640,4,2,89092f41-a99a-44e0-8773-cabbc0dbd26b,2025-07-28 14:00:37.794,jimmy,200
save,data/data/test_images/injured/do_0095_n_r_i_cropped.png,doctor,injured,injured,rain,night,42,44,0,880,480,580,640,4,3,89092f41-a99a-44e0-8773-cabbc0dbd26b,2025-07-28 14:00:37.794,jimmy,200
save,data/data/test_images/healthy/p_0000_d_s_cropped.png,police,healthy,standing,sunny,day,38,44,1,860,520,580,720,4,3,89092f41-a99a-44e0-8773-cabbc0dbd26b,2025-07-28 14:00:37.794,jimmy,200
save,data/data/test_images/injured/do_0020_n_r_i_cropped.png,doctor,injured,injured,rain,night,35,44,2,940,540,580,720,4,3,89092f41-a99a-44e0-8773-cabbc0dbd26b,2025-07-28 14:00:37.794,jimmy,200
save,data/data/test_images/corpse/m_c_0135_n_r_cropped.png,business,corpse,injured,rain,night,32,44,3,920,580,580,800,4,3,89092f41-a99a-44e0-8773-cabbc0dbd26b,2025-07-28 14:00:37.794,jimmy,200
squish,data/data/test_images/corpse/c_0124_n_r_cropped.png,default,corpse,injured,rain,night,27,44,4,920,580,580,780,4,3,89092f41-a99a-44e0-8773-cabbc0dbd26b,2025-07-28 14:00:37.794,jimmy,200
squish,data/data/test_images/corpse/p_c_0153_d_cropped.png,police,corpse,injured,sunny,day,23,44,4,920,560,580,780,4,3,89092f41-a99a-44e0-8773-cabbc0dbd26b,2025-07-28 14:00:37.794,jimmy,200
squish,data/data/test_images/zombie/z_0032_d_s_cropped.png,default,zombie,standing,sunny,day,19,44,4,920,540,580,780,4,3,89092f41-a99a-44e0-8773-cabbc0dbd26b,2025-07-28 14:00:37.794,jimmy,200
skip,data/data/test_images/corpse/m_c_0183_d_cropped.png,business,corpse,injured,sunny,day,14,44,4,960,500,560,780,4,3,89092f41-a99a-44e0-8773-cabbc0dbd26b,2025-07-28 14:00:37.794,jimmy,200
save,data/data/test_images/healthy/do_0142_n_r_s_cropped.png,doctor,healthy,standing,rain,night,10,44,4,940,500,560,780,4,3,89092f41-a99a-44e0-8773-cabbc0dbd26b,2025-07-28 14:00:37.794,jimmy,200
save,data/data/test_images/healthy/h_0086_n_r_s_cropped.png,default,healthy,standing,rain,night,6,44,5,980,540,560,820,4,3,89092f41-a99a-44e0-8773-cabbc0dbd26b,2025-07-28 14:00:37.794,jimmy,200
save,data/data/test_images/injured/do_0004_d_i_cropped.png,doctor,injured,injured,sunny,day,4,44,6,940,580,640,780,4,3,89092f41-a99a-44e0-8773-cabbc0dbd26b,2025-07-28 14:00:37.794,jimmy,200
squish,data/data/test_images/zombie/g_z_0013_d_s_cropped.png,elderly,zombie,standing,sunny,day,0,44,7,920,620,640,860,4,3,89092f41-a99a-44e0-8773-cabbc0dbd26b,2025-07-28 14:00:37.794,jimmy,200
save,data/data/test_images/injured/p_0018_d_i_cropped.png,police,injured,injured,sunny,day,76,78,0,500,500,500,500,5,1,89092f41-a99a-44e0-8773-cabbc0dbd26b,2025-07-28 14:00:37.794,jimmy,200
squish,data/data/test_images/corpse/g_c_0039_n_r_cropped.png,elderly,corpse,injured,rain,night,72,78,1,520,520,500,540,5,1,89092f41-a99a-44e0-8773-cabbc0dbd26b,2025-07-28 14:00:37.794,jimmy,200
skip,data/data/test_images/corpse/g_c_0183_n_r_cropped.png,elderly,corpse,injured,rain,night,68,78,1,520,500,500,540,5,1,89092f41-a99a-44e0-8773-cabbc0dbd26b,2025-07-28 14:00:37.794,jimmy,200
save,data/data/test_images/corpse/m_c_0131_d_cropped.png,business,corpse,injured,sunny,day,63,78,1,500,500,500,540,5,1,89092f41-a99a-44e0-8773-cabbc0dbd26b,2025-07-28 14:00:37.794,jimmy,200
save,data/data/test_images/corpse/do_c_0154_n_r_cropped.png,doctor,corpse,injured,rain,night,60,78,2,500,500,500,520,5,1,89092f41-a99a-44e0-8773-cabbc0dbd26b,2025-07-28 14:00:37.794,jimmy,200
save,data/data/test_images/zombie/m_z_0166_n_r_s_cropped.png,business,zombie,standing,rain,night,53,78,3,500,500,500,500,5,1,89092f41-a99a-44e0-8773-cabbc0dbd26b,2025-07-28 14:00:37.794,jimmy,200
save,data/data/test_images/injured/p_0150_d_i_cropped.png,police,injured,injured,sunny,day,47,78,4,460,540,580,460,5,1,89092f41-a99a-44e0-8773-cabbc0dbd26b,2025-07-28 14:00:37.794,jimmy,200
save,data/data/test_images/corpse/c_0043_n_r_cropped.png,default,corpse,injured,rain,night,43,78,5,480,560,580,500,5,1,89092f41-a99a-44e0-8773-cabbc0dbd26b,2025-07-28 14:00:37.794,jimmy,200
skip,data/data/test_images/injured/m_0172_d_i_cropped.png,business,injured,injured,sunny,day,38,78,6,480,560,580,480,5,1,89092f41-a99a-44e0-8773-cabbc0dbd26b,2025-07-28 14:00:37.794,jimmy,200
squish,data/data/test_images/corpse/p_c_0054_d_cropped.png,police,corpse,injured,sunny,day,32,78,6,480,560,580,440,5,1,89092f41-a99a-44e0-8773-cabbc0dbd26b,2025-07-28 14:00:37.794,jimmy,200
save,data/data/test_images/injured/p_0081_d_i_cropped.png,police,injured,injured,sunny,day,28,78,6,480,540,580,440,5,1,89092f41-a99a-44e0-8773-cabbc0dbd26b,2025-07-28 14:00:37.794,jimmy,200
squish,data/data/test_images/corpse/p_c_0153_d_cropped.png,police,corpse,injured,sunny,day,23,78,7,500,560,580,480,5,1,89092f41-a99a-44e0-8773-cabbc0dbd26b,2025-07-28 14:00:37.794,jimmy,200
save,data/data/test_images/corpse/g_c_0109_n_r_cropped.png,elderly,corpse,injured,rain,night,20,78,7,500,540,580,480,5,1,89092f41-a99a-44e0-8773-cabbc0dbd26b,2025-07-28 14:00:37.794,jimmy,200
save,data/data/test_images/corpse/do_c_0166_d_cropped.png,doctor,corpse,injured,sunny,day,16,78,8,500,540,580,460,5,1,89092f41-a99a-44e0-8773-cabbc0dbd26b,2025-07-28 14:00:37.794,jimmy,200
save,data/data/test_images/healthy/h_0175_n_r_s_cropped.png,default,healthy,standing,rain,night,12,78,9,500,540,580,440,5,1,89092f41-a99a-44e0-8773-cabbc0dbd26b,2025-07-28 14:00:37.794,jimmy,200
save,data/data/test_images/injured/m_0114_d_i_cropped.png,business,injured,injured,sunny,day,9,78,10,460,580,660,400,5,1,89092f41-a99a-44e0-8773-cabbc0dbd26b,2025-07-28 14:00:37.794,jimmy,200
squish,data/data/test_images/corpse/p_c_0039_n_r_cropped.png,police,corpse,injured,rain,night,4,78,11,440,620,680,440,5,1,89092f41-a99a-44e0-8773-cabbc0dbd26b,2025-07-28 14:00:37.794,jimmy,200
squish,data/data/test_images/zombie/p_z_0074_d_s_cropped.png,police,zombie,standing,sunny,day,1,78,11,440,600,680,440,5,1,89092f41-a99a-44e0-8773-cabbc0dbd26b,2025-07-28 14:00:37.794,jimmy,200
save,data/data/test_images/injured/g_0171_d_i_cropped.png,elderly,injured,injured,sunny,day,84,88,0,480,560,660,440,5,2,89092f41-a99a-44e0-8773-cabbc0dbd26b,2025-07-28 14:00:37.794,jimmy,200
squish,data/data/test_images/corpse/do_c_0070_d_cropped.png,doctor,corpse,injured,sunny,day,79,88,1,380,600,660,500,5,2,89092f41-a99a-44e0-8773-cabbc0dbd26b,2025-07-28 14:00:37.794,jimmy,200
save,data/data/test_images/zombie/g_z_0087_n_r_s_cropped.png,elderly,zombie,standing,rain,night,72,88,1,380,580,660,500,5,2,89092f41-a99a-44e0-8773-cabbc0dbd26b,2025-07-28 14:00:37.794,jimmy,200
squish,data/data/test_images/zombie/g_z_0129_n_r_s_cropped.png,elderly,zombie,standing,rain,night,68,88,2,340,620,740,460,5,2,89092f41-a99a-44e0-8773-cabbc0dbd26b,2025-07-28 14:00:37.794,jimmy,200
squish,data/data/test_images/zombie/p_z_0165_n_r_s_cropped.png,police,zombie,standing,rain,night,64,88,2,380,580,720,460,5,2,89092f41-a99a-44e0-8773-cabbc0dbd26b,2025-07-28 14:00:37.794,jimmy,200
save,data/data/test_images/corpse/g_c_0108_n_r_cropped.png,elderly,corpse,injured,rain,night,60,88,2,420,540,700,460,5,2,89092f41-a99a-44e0-8773-cabbc0dbd26b,2025-07-28 14:00:37.794,jimmy,200
save,data/data/test_images/corpse/g_c_0005_n_r_cropped.png,elderly,corpse,injured,rain,night,57,88,3,420,540,700,440,5,2,89092f41-a99a-44e0-8773-cabbc0dbd26b,2025-07-28 14:00:37.794,jimmy,200
squish,data/data/test_images/zombie/do_z_0152_d_s_cropped.png,doctor,zombie,standing,sunny,day,52,88,4,420,540,700,420,5,2,89092f41-a99a-44e0-8773-cabbc0dbd26b,2025-07-28 14:00:37.794,jimmy,200
skip,data/data/test_images/corpse/do_c_0115_n_r_cropped.png,doctor,corpse,injured,rain,night,47,88,4,460,500,680,420,5,2,89092f41-a99a-44e0-8773-cabbc0dbd26b,2025-07-28 14:00:37.794,jimmy,200
save,data/data/test_images/healthy/h_0162_n_r_s_cropped.png,default,healthy,standing,rain,night,44,88,4,440,500,680,420,5,2,89092f41-a99a-44e0-8773-cabbc0dbd26b,2025-07-28 14:00:37.794,jimmy,200
save,data/data/test_images/healthy/m_0184_n_r_s_cropped.png,business,healthy,standing,rain,night,40,88,5,400,540,760,380,5,2,89092f41-a99a-44e0-8773-cabbc0dbd26b,2025-07-28 14:00:37.794,jimmy,200
squish,data/data/test_images/corpse/do_c_0020_n_r_cropped.png,doctor,corpse,injured,rain,night,35,88,6,440,580,780,380,5,2,89092f41-a99a-44e0-8773-cabbc0dbd26b,2025-07-28 14:00:37.794,jimmy,200
save,data/data/test_images/healthy/h_0149_n_r_s_cropped.png,default,healthy,standing,rain,night,31,88,6,440,560,780,380,5,2,89092f41-a99a-44e0-8773-cabbc0dbd26b,2025-07-28 14:00:37.794,jimmy,200
save,data/data/test_images/injured/m_0048_n_r_i_cropped.png,business,injured,injured,rain,night,27,88,7,400,600,860,340,5,2,89092f41-a99a-44e0-8773-cabbc0dbd26b,2025-07-28 14:00:37.794,jimmy,200
skip,data/data/test_images/zombie/z_do_0152_n_r_s_cropped.png,default,zombie,standing,rain,night,22,88,8,380,640,880,380,5,2,89092f41-a99a-44e0-8773-cabbc0dbd26b,2025-07-28 14:00:37.794,jimmy,200
save,data/data/test_images/healthy/p_0135_d_s_cropped.png,police,healthy,standing,sunny,day,18,88,8,360,640,880,380,5,2,89092f41-a99a-44e0-8773-cabbc0dbd26b,2025-07-28 14:00:37.794,jimmy,200
squish,data/data/test_images/zombie/z_do_0090_n_r_s_cropped.png,default,zombie,standing,rain,night,14,88,9,440,660,880,380,5,2,89092f41-a99a-44e0-8773-cabbc0dbd26b,2025-07-28 14:00:37.794,jimmy,200
save,data/data/test_images/injured/h_0117_d_i_cropped.png,default,injured,injured,sunny,day,11,88,9,480,620,860,380,5,2,89092f41-a99a-44e0-8773-cabbc0dbd26b,2025-07-28 14:00:37.794,jimmy,200
save,data/data/test_images/injured/do_0108_n_r_i_cropped.png,doctor,injured,injured,rain,night,8,88,10,440,660,940,340,5,2,89092f41-a99a-44e0-8773-cabbc0dbd26b,2025-07-28 14:00:37.794,jimmy,200
save,data/data/test_images/healthy/g_0048_n_r_s_cropped.png,elderly,healthy,standing,rain,night,4,88,11,420,700,940,420,5,2,89092f41-a99a-44e0-8773-cabbc0dbd26b,2025-07-28 14:00:37.794,jimmy,200
scram,data/data/test_images/injured/m_0086_d_i_cropped.png,business,injured,injured,sunny,day,2,88,12,380,740,940,440,5,2,89092f41-a99a-44e0-8773-cabbc0dbd26b,2025-07-28 14:00:37.794,jimmy,200
save,data/data/test_images/healthy/do_0105_d_s_cropped.png,doctor,healthy,standing,sunny,day,31,33,0,380,740,940,440,5,3,89092f41-a99a-44e0-8773-cabbc0dbd26b,2025-07-28 14:00:37.794,jimmy,200
save,data/data/test_images/healthy/m_0136_d_s_cropped.png,business,healthy,standing,sunny,day,28,33,1,420,780,940,480,5,3,89092f41-a99a-44e0-8773-cabbc0dbd26b,2025-07-28 14:00:37.794,jimmy,200
save,data/data/test_images/healthy/p_0041_n_r_s_cropped.png,police,healthy,standing,rain,night,24,33,2,460,820,960,480,5,3,89092f41-a99a-44e0-8773-cabbc0dbd26b,2025-07-28 14:00:37.794,jimmy,200
skip,data/data/test_images/zombie/g_z_0175_n_r_s_cropped.png,elderly,zombie,standing,rain,night,19,33,3,540,840,960,480,5,3,89092f41-a99a-44e0-8773-cabbc0dbd26b,2025-07-28 14:00:37.794,jimmy,200
squish,data/data/test_images/zombie/z_0146_n_r_s_cropped.png,default,zombie,standing,rain,night,16,33,3,520,840,960,480,5,3,89092f41-a99a-44e0-8773-cabbc0dbd26b,2025-07-28 14:00:37.794,jimmy,200
save,data/data/test_images/healthy/m_0145_d_s_cropped.png,business,healthy,standing,sunny,day,12,33,3,560,800,940,480,5,3,89092f41-a99a-44e0-8773-cabbc0dbd26b,2025-07-28 14:00:37.794,jimmy,200
skip,data/data/test_images/zombie/g_z_0066_d_s_cropped.png,elderly,zombie,standing,sunny,day,8,33,4,600,840,960,480,5,3,89092f41-a99a-44e0-8773-cabbc0dbd26b,2025-07-28 14:00:37.794,jimmy,200
save,data/data/test_images/injured/h_0075_d_i_cropped.png,default,injured,injured,sunny,day,4,33,4,580,840,960,480,5,3,89092f41-a99a-44e0-8773-cabbc0dbd26b,2025-07-28 14:00:37.794,jimmy,200
squish,data/data/test_images/zombie/m_z_0022_d_s_cropped.png,business,zombie,standing,sunny,day,0,33,5,540,880,1000,440,5,3,89092f41-a99a-44e0-8773-cabbc0dbd26b,2025-07-28 14:00:37.794,jimmy,200
save,data/data/test_images/injured/g_0039_n_r_i_cropped.png,elderly,injured,injured,rain,night,37,41,0,500,500,500,500,6,1,89092f41-a99a-44e0-8773-cabbc0dbd26b,2025-07-28 14:00:37.794,jimmy,200
squish,data/data/test_images/zombie/m_z_0153_d_s_cropped.png,business,zombie,standing,sunny,day,33,41,1,400,540,500,560,6,1,89092f41-a99a-44e0-8773-cabbc0dbd26b,2025-07-28 14:00:37.794,jimmy,200
save,data/data/test_images/healthy/do_0181_n_r_s_cropped.png,doctor,healthy,standing,rain,night,30,41,1,440,500,480,560,6,1,89092f41-a99a-44e0-8773-cabbc0dbd26b,2025-07-28 14:00:37.794,jimmy,200
save,data/data/test_images/healthy/g_0012_n_r_s_cropped.png,elderly,healthy,standing,rain,night,27,41,2,480,540,480,600,6,1,89092f41-a99a-44e0-8773-cabbc0dbd26b,2025-07-28 14:00:37.794,jimmy,200
save,data/data/test_images/healthy/m_0004_n_r_s_cropped.png,business,healthy,standing,rain,night,24,41,3,440,580,480,620,6,1,89092f41-a99a-44e0-8773-cabbc0dbd26b,2025-07-28 14:00:37.794,jimmy,200
save,data/data/test_images/healthy/p_0082_d_s_cropped.png,police,healthy,standing,sunny,day,22,41,4,480,620,500,620,6,1,89092f41-a99a-44e0-8773-cabbc0dbd26b,2025-07-28 14:00:37.794,jimmy,200
skip,data/data/test_images/corpse/g_c_0087_d_cropped.png,elderly,corpse,injured,sunny,day,18,41,5,560,640,500,620,6,1,89092f41-a99a-44e0-8773-cabbc0dbd26b,2025-07-28 14:00:37.794,jimmy,200
save,data/data/test_images/injured/h_0087_d_i_cropped.png,default,injured,injured,sunny,day,15,41,5,540,640,500,620,6,1,89092f41-a99a-44e0-8773-cabbc0dbd26b,2025-07-28 14:00:37.794,jimmy,200
squish,data/data/test_images/corpse/p_c_0006_n_r_cropped.png,police,corpse,injured,rain,night,11,41,6,500,680,580,580,6,1,89092f41-a99a-44e0-8773-cabbc0dbd26b,2025-07-28 14:00:37.794,jimmy,200
save,data/data/test_images/healthy/p_0142_d_s_cropped.png,police,healthy,standing,sunny,day,8,41,6,500,660,580,580,6,1,89092f41-a99a-44e0-8773-cabbc0dbd26b,2025-07-28 14:00:37.794,jimmy,200
squish,data/data/test_images/corpse/c_0190_n_r_cropped.png,default,corpse,injured,rain,night,4,41,7,580,680,580,580,6,1,89092f41-a99a-44e0-8773-cabbc0dbd26b,2025-07-28 14:00:37.794,jimmy,200
squish,data/data/test_images/corpse/do_c_0087_n_r_cropped.png,doctor,corpse,injured,rain,night,1,41,7,580,660,580,580,6,1,89092f41-a99a-44e0-8773-cabbc0dbd26b,2025-07-28 14:00:37.794,jimmy,200
save,data/data/test_images/injured/do_0184_d_i_cropped.png,doctor,injured,injured,sunny,day,60,64,0,580,640,580,580,6,2,89092f41-a99a-44e0-8773-cabbc0dbd26b,2025-07-28 14:00:37.794,jimmy,200
save,data/data/test_images/healthy/m_0016_n_r_s_cropped.png,business,healthy,standing,rain,night,58,64,1,560,680,580,660,6,2,89092f41-a99a-44e0-8773-cabbc0dbd26b,2025-07-28 14:00:37.794,jimmy,200
squish,data/data/test_images/corpse/c_0017_n_r_cropped.png,default,corpse,injured,rain,night,54,64,2,600,720,600,660,6,2,89092f41-a99a-44e0-8773-cabbc0dbd26b,2025-07-28 14:00:37.794,jimmy,200
squish,data/data/test_images/zombie/p_z_0050_n_r_s_cropped.png,police,zombie,standing,rain,night,50,64,2,600,700,600,660,6,2,89092f41-a99a-44e0-8773-cabbc0dbd26b,2025-07-28 14:00:37.794,jimmy,200
save,data/data/test_images/healthy/h_0098_n_r_s_cropped.png,default,healthy,standing,rain,night,47,64,2,640,660,580,660,6,2,89092f41-a99a-44e0-8773-cabbc0dbd26b,2025-07-28 14:00:37.794,jimmy,200
squish,data/data/test_images/corpse/c_0055_d_cropped.png,default,corpse,injured,sunny,day,43,64,3,600,700,660,620,6,2,89092f41-a99a-44e0-8773-cabbc0dbd26b,2025-07-28 14:00:37.794,jimmy,200
squish,data/data/test_images/zombie/p_z_0163_n_r_s_cropped.png,police,zombie,standing,rain,night,39,64,3,600,680,660,620,6,2,89092f41-a99a-44e0-8773-cabbc0dbd26b,2025-07-28 14:00:37.794,jimmy,200
squish,data/data/test_images/corpse/c_0099_d_cropped.png,default,corpse,injured,sunny,day,35,64,3,640,640,640,620,6,2,89092f41-a99a-44e0-8773-cabbc0dbd26b,2025-07-28 14:00:37.794,jimmy,200
skip,data/data/test_images/corpse/p_c_0062_d_cropped.png,police,corpse,injured,sunny,day,31,64,3,640,620,640,620,6,2,89092f41-a99a-44e0-8773-cabbc0dbd26b,2025-07-28 14:00:37.794,jimmy,200
squish,data/data/test_images/corpse/p_c_0087_d_cropped.png,police,corpse,injured,sunny,day,27,64,3,620,620,640,620,6,2,89092f41-a99a-44e0-8773-cabbc0dbd26b,2025-07-28 14:00:37.794,jimmy,200
squish,data/data/test_images/zombie/do_z_0147_d_s_cropped.png,doctor,zombie,standing,sunny,day,23,64,3,620,600,640,620,6,2,89092f41-a99a-44e0-8773-cabbc0dbd26b,2025-07-28 14:00:37.794,jimmy,200
save,data/data/test_images/zombie/z_0014_n_r_s_cropped.png,default,zombie,standing,rain,night,19,64,3,660,560,620,620,6,2,89092f41-a99a-44e0-8773-cabbc0dbd26b,2025-07-28 14:00:37.794,jimmy,200
save,data/data/test_images/injured/h_0149_n_r_i_cropped.png,default,injured,injured,rain,night,16,64,4,620,600,700,580,6,2,89092f41-a99a-44e0-8773-cabbc0dbd26b,2025-07-28 14:00:37.794,jimmy,200
save,data/data/test_images/injured/do_0089_d_i_cropped.png,doctor,injured,injured,sunny,day,12,64,5,580,640,780,540,6,2,89092f41-a99a-44e0-8773-cabbc0dbd26b,2025-07-28 14:00:37.794,jimmy,200
save,data/data/test_images/corpse/m_c_0012_n_r_cropped.png,business,corpse,injured,rain,night,9,64,6,560,680,780,620,6,2,89092f41-a99a-44e0-8773-cabbc0dbd26b,2025-07-28 14:00:37.794,jimmy,200
save,data/data/test_images/injured/p_0071_d_i_cropped.png,police,injured,injured,sunny,day,6,64,7,560,680,780,600,6,2,89092f41-a99a-44e0-8773-cabbc0dbd26b,2025-07-28 14:00:37.794,jimmy,200
skip,data/data/test_images/corpse/m_c_0198_d_cropped.png,business,corpse,injured,sunny,day,2,64,8,580,700,780,640,6,2,89092f41-a99a-44e0-8773-cabbc0dbd26b,2025-07-28 14:00:37.794,jimmy,200
save,data/data/test_images/healthy/p_0190_n_r_s_cropped.png,police,healthy,standing,rain,night,73,79,0,560,700,780,640,6,3,89092f41-a99a-44e0-8773-cabbc0dbd26b,2025-07-28 14:00:37.794,jimmy,200
skip,data/data/test_images/injured/m_0070_d_i_cropped.png,business,injured,injured,sunny,day,69,79,1,640,720,780,640,6,3,89092f41-a99a-44e0-8773-cabbc0dbd26b,2025-07-28 14:00:37.794,jimmy,200
squish,data/data/test_images/zombie/m_z_0128_n_r_s_cropped.png,business,zombie,standing,rain,night,65,79,1,640,720,780,600,6,3,89092f41-a99a-44e0-8773-cabbc0dbd26b,2025-07-28 14:00:37.794,jimmy,200
squish,data/data/test_images/corpse/c_0176_n_r_cropped.png,default,corpse,injured,rain,night,62,79,1,680,680,760,600,6,3,89092f41-a99a-44e0-8773-cabbc0dbd26b,2025-07-28 14:00:37.794,jimmy,200
save,data/data/test_images/injured/do_0009_n_r_i_cropped.png,doctor,injured,injured,rain,night,59,79,1,680,660,760,600,6,3,89092f41-a99a-44e0-8773-cabbc0dbd26b,2025-07-28 14:00:37.794,jimmy,200
save,data/data/test_images/healthy/p_0081_n_r_s_cropped.png,police,healthy,standing,rain,night,56,79,2,660,700,760,680,6,3,89092f41-a99a-44e0-8773-cabbc0dbd26b,2025-07-28 14:00:37.794,jimmy,200
squish,data/data/test_images/zombie/do_z_0105_d_s_cropped.png,doctor,zombie,standing,sunny,day,52,79,3,740,720,760,680,6,3,89092f41-a99a-44e0-8773-cabbc0dbd26b,2025-07-28 14:00:37.794,jimmy,200
squish,data/data/test_images/zombie/p_z_0053_d_s_cropped.png,police,zombie,standing,sunny,day,49,79,3,780,680,740,680,6,3,89092f41-a99a-44e0-8773-cabbc0dbd26b,2025-07-28 14:00:37.794,jimmy,200
save,data/data/test_images/injured/h_0052_d_i_cropped.png,default,injured,injured,sunny,day,45,79,3,820,640,720,680,6,3,89092f41-a99a-44e0-8773-cabbc0dbd26b,2025-07-28 14:00:37.794,jimmy,200
save,data/data/test_images/corpse/do_c_0185_n_r_cropped.png,doctor,corpse,injured,rain,night,42,79,4,780,680,800,640,6,3,89092f41-a99a-44e0-8773-cabbc0dbd26b,2025-07-28 14:00:37.794,jimmy,200
save,data/data/test_images/healthy/p_0110_n_r_s_cropped.png,police,healthy,standing,rain,night,39,79,5,780,680,800,620,6,3,89092f41-a99a-44e0-8773-cabbc0dbd26b,2025-07-28 14:00:37.794,jimmy,200
save,data/data/test_images/healthy/p_0005_n_r_s_cropped.png,police,healthy,standing,rain,night,37,79,6,860,700,800,620,6,3,89092f41-a99a-44e0-8773-cabbc0dbd26b,2025-07-28 14:00:37.794,jimmy,200
save,data/data/test_images/healthy/p_0162_d_s_cropped.png,police,healthy,standing,sunny,day,35,79,7,940,720,800,620,6,3,89092f41-a99a-44e0-8773-cabbc0dbd26b,2025-07-28 14:00:37.794,jimmy,200
skip,data/data/test_images/corpse/g_c_0027_n_r_cropped.png,elderly,corpse,injured,rain,night,31,79,8,1000,740,800,620,6,3,89092f41-a99a-44e0-8773-cabbc0dbd26b,2025-07-28 14:00:37.794,jimmy,200
squish,data/data/test_images/corpse/do_c_0090_d_cropped.png,doctor,corpse,injured,sunny,day,27,79,8,980,740,800,620,6,3,89092f41-a99a-44e0-8773-cabbc0dbd26b,2025-07-28 14:00:37.794,jimmy,200
skip,data/data/test_images/corpse/m_c_0099_n_r_cropped.png,business,corpse,injured,rain,night,23,79,8,980,720,800,620,6,3,89092f41-a99a-44e0-8773-cabbc0dbd26b,2025-07-28 14:00:37.794,jimmy,200
squish,data/data/test_images/zombie/do_z_0148_d_s_cropped.png,doctor,zombie,standing,sunny,day,19,79,8,960,720,800,620,6,3,89092f41-a99a-44e0-8773-cabbc0dbd26b,2025-07-28 14:00:37.794,jimmy,200
skip,data/data/test_images/corpse/c_0149_n_r_cropped.png,default,corpse,injured,rain,night,15,79,8,1000,680,780,620,6,3,89092f41-a99a-44e0-8773-cabbc0dbd26b,2025-07-28 14:00:37.794,jimmy,200
squish,data/data/test_images/zombie/do_z_0088_d_s_cropped.png,doctor,zombie,standing,sunny,day,11,79,8,980,680,780,620,6,3,89092f41-a99a-44e0-8773-cabbc0dbd26b,2025-07-28 14:00:37.794,jimmy,200
save,data/data/test_images/injured/g_0000_n_r_i_cropped.png,elderly,injured,injured,rain,night,7,79,8,1000,640,760,620,6,3,89092f41-a99a-44e0-8773-cabbc0dbd26b,2025-07-28 14:00:37.794,jimmy,200
skip,data/data/test_images/injured/h_0086_d_i_cropped.png,default,injured,injured,sunny,day,3,79,9,900,680,760,680,6,3,89092f41-a99a-44e0-8773-cabbc0dbd26b,2025-07-28 14:00:37.794,jimmy,200
save,data/data/test_images/injured/p_0026_d_i_cropped.png,police,injured,injured,sunny,day,0,79,9,880,680,760,680,6,3,89092f41-a99a-44e0-8773-cabbc0dbd26b,2025-07-28 14:00:37.794,jimmy,200
squish,data/data/test_images/corpse/m_c_0022_d_cropped.png,business,corpse,injured,sunny,day,102,120,0,500,500,500,500,1,1,9ed3d685-3460-4e4e-8f44-f18e23cf8df7,2025-07-28 14:41:01.120,jimmy,201
squish,data/data/test_images/injured/p_0135_d_i_cropped.png,police,injured,injured,sunny,day,76,120,0,500,480,500,500,1,1,9ed3d685-3460-4e4e-8f44-f18e23cf8df7,2025-07-28 14:41:01.120,jimmy,201
squish,data/data/test_images/zombie/p_z_0019_d_s_cropped.png,police,zombie,standing,sunny,day,70,120,0,480,460,500,460,1,1,9ed3d685-3460-4e4e-8f44-f18e23cf8df7,2025-07-28 14:41:01.120,jimmy,201
squish,data/data/test_images/zombie/g_z_0105_d_s_cropped.png,elderly,zombie,standing,sunny,day,62,120,0,520,420,480,460,1,1,9ed3d685-3460-4e4e-8f44-f18e23cf8df7,2025-07-28 14:41:01.120,jimmy,201
skip,data/data/test_images/injured/do_0011_n_r_i_cropped.png,doctor,injured,injured,rain,night,35,120,0,560,380,460,460,1,1,9ed3d685-3460-4e4e-8f44-f18e23cf8df7,2025-07-28 14:41:01.120,jimmy,201
squish,data/data/test_images/injured/h_0038_d_i_cropped.png,default,injured,injured,sunny,day,26,120,0,560,380,460,420,1,1,9ed3d685-3460-4e4e-8f44-f18e23cf8df7,2025-07-28 14:41:01.120,jimmy,201
squish,data/data/test_images/corpse/g_c_0093_n_r_cropped.png,elderly,corpse,injured,rain,night,11,120,0,600,340,440,420,1,1,9ed3d685-3460-4e4e-8f44-f18e23cf8df7,2025-07-28 14:41:01.120,jimmy,201
save,data/data/test_images/zombie/z_0059_n_r_s_cropped.png,default,zombie,standing,rain,night,3,120,0,600,320,440,420,1,1,9ed3d685-3460-4e4e-8f44-f18e23cf8df7,2025-07-28 14:41:01.120,jimmy,201
save,data/data/test_images/corpse/do_c_0050_n_r_cropped.png,doctor,corpse,injured,rain,night,27,31,0,560,360,520,380,1,2,9ed3d685-3460-4e4e-8f44-f18e23cf8df7,2025-07-28 14:41:01.120,jimmy,201
save,data/data/test_images/healthy/p_0051_d_s_cropped.png,police,healthy,standing,sunny,day,24,31,1,560,360,520,360,1,2,9ed3d685-3460-4e4e-8f44-f18e23cf8df7,2025-07-28 14:41:01.120,jimmy,201
squish,data/data/test_images/zombie/do_z_0063_d_s_cropped.png,doctor,zombie,standing,sunny,day,21,31,2,640,380,520,360,1,2,9ed3d685-3460-4e4e-8f44-f18e23cf8df7,2025-07-28 14:41:01.120,jimmy,201
save,data/data/test_images/zombie/z_0199_n_r_s_cropped.png,default,zombie,standing,rain,night,19,31,2,680,340,500,360,1,2,9ed3d685-3460-4e4e-8f44-f18e23cf8df7,2025-07-28 14:41:01.120,jimmy,201
squish,data/data/test_images/zombie/z_do_0092_n_r_s_cropped.png,default,zombie,standing,rain,night,16,31,3,640,380,580,320,1,2,9ed3d685-3460-4e4e-8f44-f18e23cf8df7,2025-07-28 14:41:01.120,jimmy,201
save,data/data/test_images/healthy/m_0146_n_r_s_cropped.png,business,healthy,standing,rain,night,12,31,3,680,340,560,320,1,2,9ed3d685-3460-4e4e-8f44-f18e23cf8df7,2025-07-28 14:41:01.120,jimmy,201
save,data/data/test_images/injured/h_0161_n_r_i_cropped.png,default,injured,injured,rain,night,7,31,4,720,380,580,320,1,2,9ed3d685-3460-4e4e-8f44-f18e23cf8df7,2025-07-28 14:41:01.120,jimmy,201
save,data/data/test_images/healthy/p_0086_d_s_cropped.png,police,healthy,standing,sunny,day,3,31,5,680,420,660,280,1,2,9ed3d685-3460-4e4e-8f44-f18e23cf8df7,2025-07-28 14:41:01.120,jimmy,201
save,data/data/test_images/injured/h_0107_n_r_i_cropped.png,default,injured,injured,rain,night,85,90,0,760,440,660,280,1,3,9ed3d685-3460-4e4e-8f44-f18e23cf8df7,2025-07-28 14:41:01.120,jimmy,201
skip,data/data/test_images/corpse/g_c_0121_d_cropped.png,elderly,corpse,injured,sunny,day,80,90,1,720,480,740,240,1,3,9ed3d685-3460-4e4e-8f44-f18e23cf8df7,2025-07-28 14:41:01.120,jimmy,201
save,data/data/test_images/injured/p_0149_n_r_i_cropped.png,police,injured,injured,rain,night,77,90,1,700,480,740,240,1,3,9ed3d685-3460-4e4e-8f44-f18e23cf8df7,2025-07-28 14:41:01.120,jimmy,201
save,data/data/test_images/healthy/g_0198_n_r_s_cropped.png,elderly,healthy,standing,rain,night,73,90,2,720,500,740,280,1,3,9ed3d685-3460-4e4e-8f44-f18e23cf8df7,2025-07-28 14:41:01.120,jimmy,201
save,data/data/test_images/corpse/g_c_0033_n_r_cropped.png,elderly,corpse,injured,rain,night,69,90,3,680,540,740,300,1,3,9ed3d685-3460-4e4e-8f44-f18e23cf8df7,2025-07-28 14:41:01.120,jimmy,201
squish,data/data/test_images/zombie/p_z_0132_d_s_cropped.png,police,zombie,standing,sunny,day,66,90,4,680,540,740,280,1,3,9ed3d685-3460-4e4e-8f44-f18e23cf8df7,2025-07-28 14:41:01.120,jimmy,201
squish,data/data/test_images/zombie/g_z_0041_d_s_cropped.png,elderly,zombie,standing,sunny,day,63,90,4,720,500,720,280,1,3,9ed3d685-3460-4e4e-8f44-f18e23cf8df7,2025-07-28 14:41:01.120,jimmy,201
save,data/data/test_images/healthy/g_0076_d_s_cropped.png,elderly,healthy,standing,sunny,day,59,90,4,760,460,700,280,1,3,9ed3d685-3460-4e4e-8f44-f18e23cf8df7,2025-07-28 14:41:01.120,jimmy,201
skip,data/data/test_images/healthy/p_0041_n_r_s_cropped.png,police,healthy,standing,rain,night,54,90,5,720,500,700,300,1,3,9ed3d685-3460-4e4e-8f44-f18e23cf8df7,2025-07-28 14:41:01.120,jimmy,201
skip,data/data/test_images/corpse/m_c_0110_n_r_cropped.png,business,corpse,injured,rain,night,48,90,5,700,480,700,300,1,3,9ed3d685-3460-4e4e-8f44-f18e23cf8df7,2025-07-28 14:41:01.120,jimmy,201
save,data/data/test_images/injured/p_0142_d_i_cropped.png,police,injured,injured,sunny,day,45,90,5,680,480,700,300,1,3,9ed3d685-3460-4e4e-8f44-f18e23cf8df7,2025-07-28 14:41:01.120,jimmy,201
skip,data/data/test_images/injured/m_0138_d_i_cropped.png,business,injured,injured,sunny,day,40,90,6,700,500,700,340,1,3,9ed3d685-3460-4e4e-8f44-f18e23cf8df7,2025-07-28 14:41:01.120,jimmy,201
save,data/data/test_images/healthy/g_0039_d_s_cropped.png,elderly,healthy,standing,sunny,day,36,90,6,700,500,700,300,1,3,9ed3d685-3460-4e4e-8f44-f18e23cf8df7,2025-07-28 14:41:01.120,jimmy,201
skip,data/data/test_images/injured/g_0081_d_i_cropped.png,elderly,injured,injured,sunny,day,33,90,7,660,540,700,320,1,3,9ed3d685-3460-4e4e-8f44-f18e23cf8df7,2025-07-28 14:41:01.120,jimmy,201
skip,data/data/test_images/corpse/g_c_0130_n_r_cropped.png,elderly,corpse,injured,rain,night,28,90,7,660,540,700,260,1,3,9ed3d685-3460-4e4e-8f44-f18e23cf8df7,2025-07-28 14:41:01.120,jimmy,201
save,data/data/test_images/healthy/g_0021_d_s_cropped.png,elderly,healthy,standing,sunny,day,24,90,7,640,540,700,260,1,3,9ed3d685-3460-4e4e-8f44-f18e23cf8df7,2025-07-28 14:41:01.120,jimmy,201
skip,data/data/test_images/corpse/do_c_0083_d_cropped.png,doctor,corpse,injured,sunny,day,18,90,8,600,580,700,280,1,3,9ed3d685-3460-4e4e-8f44-f18e23cf8df7,2025-07-28 14:41:01.120,jimmy,201
skip,data/data/test_images/corpse/g_c_0077_d_cropped.png,elderly,corpse,injured,sunny,day,14,90,8,580,580,700,280,1,3,9ed3d685-3460-4e4e-8f44-f18e23cf8df7,2025-07-28 14:41:01.120,jimmy,201
save,data/data/test_images/corpse/g_c_0129_d_cropped.png,elderly,corpse,injured,sunny,day,9,90,8,560,580,700,280,1,3,9ed3d685-3460-4e4e-8f44-f18e23cf8df7,2025-07-28 14:41:01.120,jimmy,201
squish,data/data/test_images/zombie/z_0038_n_r_s_cropped.png,default,zombie,standing,rain,night,6,90,9,560,580,700,260,1,3,9ed3d685-3460-4e4e-8f44-f18e23cf8df7,2025-07-28 14:41:01.120,jimmy,201
save,data/data/test_images/healthy/do_0072_n_r_s_cropped.png,doctor,healthy,standing,rain,night,2,90,9,600,540,680,260,1,3,9ed3d685-3460-4e4e-8f44-f18e23cf8df7,2025-07-28 14:41:01.120,jimmy,201
save,data/data/test_images/injured/do_0155_n_r_i_cropped.png,doctor,injured,injured,rain,night,82,86,0,500,500,500,500,2,1,9ed3d685-3460-4e4e-8f44-f18e23cf8df7,2025-07-28 14:41:01.120,jimmy,201
squish,data/data/test_images/zombie/m_z_0098_n_r_s_cropped.png,business,zombie,standing,rain,night,79,86,1,480,540,500,580,2,1,9ed3d685-3460-4e4e-8f44-f18e23cf8df7,2025-07-28 14:41:01.120,jimmy,201
skip,data/data/test_images/injured/m_0171_n_r_i_cropped.png,business,injured,injured,rain,night,75,86,1,520,500,480,580,2,1,9ed3d685-3460-4e4e-8f44-f18e23cf8df7,2025-07-28 14:41:01.120,jimmy,201
squish,data/data/test_images/zombie/m_z_0148_d_s_cropped.png,business,zombie,standing,sunny,day,70,86,1,520,500,480,540,2,1,9ed3d685-3460-4e4e-8f44-f18e23cf8df7,2025-07-28 14:41:01.120,jimmy,201
skip,data/data/test_images/injured/m_0111_d_i_cropped.png,business,injured,injured,sunny,day,66,86,1,560,460,460,540,2,1,9ed3d685-3460-4e4e-8f44-f18e23cf8df7,2025-07-28 14:41:01.120,jimmy,201
save,data/data/test_images/injured/p_0091_n_r_i_cropped.png,police,injured,injured,rain,night,63,86,1,560,460,460,500,2,1,9ed3d685-3460-4e4e-8f44-f18e23cf8df7,2025-07-28 14:41:01.120,jimmy,201
skip,data/data/test_images/injured/h_0040_n_r_i_cropped.png,default,injured,injured,rain,night,59,86,2,580,480,460,540,2,1,9ed3d685-3460-4e4e-8f44-f18e23cf8df7,2025-07-28 14:41:01.120,jimmy,201
save,data/data/test_images/zombie/g_z_0165_n_r_s_cropped.png,elderly,zombie,standing,rain,night,54,86,2,560,480,460,540,2,1,9ed3d685-3460-4e4e-8f44-f18e23cf8df7,2025-07-28 14:41:01.120,jimmy,201
skip,data/data/test_images/zombie/g_z_0115_d_s_cropped.png,elderly,zombie,standing,sunny,day,50,86,3,520,520,540,500,2,1,9ed3d685-3460-4e4e-8f44-f18e23cf8df7,2025-07-28 14:41:01.120,jimmy,201
squish,data/data/test_images/corpse/do_c_0151_d_cropped.png,doctor,corpse,injured,sunny,day,47,86,3,500,520,540,500,2,1,9ed3d685-3460-4e4e-8f44-f18e23cf8df7,2025-07-28 14:41:01.120,jimmy,201
squish,data/data/test_images/zombie/p_z_0169_n_r_s_cropped.png,police,zombie,standing,rain,night,41,86,3,500,500,540,500,2,1,9ed3d685-3460-4e4e-8f44-f18e23cf8df7,2025-07-28 14:41:01.120,jimmy,201
squish,data/data/test_images/zombie/p_z_0181_n_r_s_cropped.png,police,zombie,standing,rain,night,38,86,3,540,460,520,500,2,1,9ed3d685-3460-4e4e-8f44-f18e23cf8df7,2025-07-28 14:41:01.120,jimmy,201
skip,data/data/test_images/corpse/m_c_0143_n_r_cropped.png,business,corpse,injured,rain,night,32,86,3,580,420,500,500,2,1,9ed3d685-3460-4e4e-8f44-f18e23cf8df7,2025-07-28 14:41:01.120,jimmy,201
save,data/data/test_images/healthy/h_0171_d_s_cropped.png,default,healthy,standing,sunny,day,28,86,3,560,420,500,500,2,1,9ed3d685-3460-4e4e-8f44-f18e23cf8df7,2025-07-28 14:41:01.120,jimmy,201
save,data/data/test_images/healthy/p_0156_n_r_s_cropped.png,police,healthy,standing,rain,night,25,86,4,520,460,580,460,2,1,9ed3d685-3460-4e4e-8f44-f18e23cf8df7,2025-07-28 14:41:01.120,jimmy,201
save,data/data/test_images/healthy/p_0039_n_r_s_cropped.png,police,healthy,standing,rain,night,22,86,5,600,480,580,460,2,1,9ed3d685-3460-4e4e-8f44-f18e23cf8df7,2025-07-28 14:41:01.120,jimmy,201
skip,data/data/test_images/injured/h_0194_d_i_cropped.png,default,injured,injured,sunny,day,19,86,6,680,500,580,460,2,1,9ed3d685-3460-4e4e-8f44-f18e23cf8df7,2025-07-28 14:41:01.120,jimmy,201
save,data/data/test_images/healthy/p_0161_d_s_cropped.png,police,healthy,standing,sunny,day,15,86,6,660,500,580,460,2,1,9ed3d685-3460-4e4e-8f44-f18e23cf8df7,2025-07-28 14:41:01.120,jimmy,201
squish,data/data/test_images/corpse/c_0056_n_r_cropped.png,default,corpse,injured,rain,night,13,86,7,740,520,580,460,2,1,9ed3d685-3460-4e4e-8f44-f18e23cf8df7,2025-07-28 14:41:01.120,jimmy,201
skip,data/data/test_images/injured/m_0104_d_i_cropped.png,business,injured,injured,sunny,day,8,86,7,740,500,580,460,2,1,9ed3d685-3460-4e4e-8f44-f18e23cf8df7,2025-07-28 14:41:01.120,jimmy,201
squish,data/data/test_images/zombie/z_0102_d_s_cropped.png,default,zombie,standing,sunny,day,5,86,7,740,500,580,420,2,1,9ed3d685-3460-4e4e-8f44-f18e23cf8df7,2025-07-28 14:41:01.120,jimmy,201
skip,data/data/test_images/healthy/m_0016_n_r_s_cropped.png,business,healthy,standing,rain,night,1,86,7,780,460,560,420,2,1,9ed3d685-3460-4e4e-8f44-f18e23cf8df7,2025-07-28 14:41:01.120,jimmy,201
squish,data/data/test_images/zombie/g_z_0048_n_r_s_cropped.png,elderly,zombie,standing,rain,night,72,77,0,760,460,560,420,2,2,9ed3d685-3460-4e4e-8f44-f18e23cf8df7,2025-07-28 14:41:01.120,jimmy,201
squish,data/data/test_images/corpse/p_c_0178_n_r_cropped.png,police,corpse,injured,rain,night,69,77,0,800,420,540,420,2,2,9ed3d685-3460-4e4e-8f44-f18e23cf8df7,2025-07-28 14:41:01.120,jimmy,201
squish,data/data/test_images/healthy/m_0169_n_r_s_cropped.png,business,healthy,standing,rain,night,65,77,0,800,400,540,420,2,2,9ed3d685-3460-4e4e-8f44-f18e23cf8df7,2025-07-28 14:41:01.120,jimmy,201
squish,data/data/test_images/corpse/c_0168_n_r_cropped.png,default,corpse,injured,rain,night,61,77,0,780,360,600,380,2,2,9ed3d685-3460-4e4e-8f44-f18e23cf8df7,2025-07-28 14:41:01.120,jimmy,201
skip,data/data/test_images/healthy/m_0121_n_r_s_cropped.png,business,healthy,standing,rain,night,56,77,0,780,340,600,380,2,2,9ed3d685-3460-4e4e-8f44-f18e23cf8df7,2025-07-28 14:41:01.120,jimmy,201
squish,data/data/test_images/corpse/c_0193_d_cropped.png,default,corpse,injured,sunny,day,52,77,0,760,340,600,380,2,2,9ed3d685-3460-4e4e-8f44-f18e23cf8df7,2025-07-28 14:41:01.120,jimmy,201
skip,data/data/test_images/corpse/g_c_0064_d_cropped.png,elderly,corpse,injured,sunny,day,48,77,0,760,320,600,380,2,2,9ed3d685-3460-4e4e-8f44-f18e23cf8df7,2025-07-28 14:41:01.120,jimmy,201
save,data/data/test_images/healthy/g_0058_n_r_s_cropped.png,elderly,healthy,standing,rain,night,43,77,0,740,320,600,380,2,2,9ed3d685-3460-4e4e-8f44-f18e23cf8df7,2025-07-28 14:41:01.120,jimmy,201
squish,data/data/test_images/corpse/do_c_0007_d_cropped.png,doctor,corpse,injured,sunny,day,38,77,1,700,360,600,400,2,2,9ed3d685-3460-4e4e-8f44-f18e23cf8df7,2025-07-28 14:41:01.120,jimmy,201
save,data/data/test_images/corpse/m_c_0177_n_r_cropped.png,business,corpse,injured,rain,night,33,77,1,700,340,600,400,2,2,9ed3d685-3460-4e4e-8f44-f18e23cf8df7,2025-07-28 14:41:01.120,jimmy,201
skip,data/data/test_images/corpse/g_c_0115_d_cropped.png,elderly,corpse,injured,sunny,day,29,77,2,700,340,600,380,2,2,9ed3d685-3460-4e4e-8f44-f18e23cf8df7,2025-07-28 14:41:01.120,jimmy,201
skip,data/data/test_images/injured/m_0078_d_i_cropped.png,business,injured,injured,sunny,day,25,77,2,680,340,600,380,2,2,9ed3d685-3460-4e4e-8f44-f18e23cf8df7,2025-07-28 14:41:01.120,jimmy,201
save,data/data/test_images/injured/g_0160_n_r_i_cropped.png,elderly,injured,injured,rain,night,21,77,2,680,340,600,340,2,2,9ed3d685-3460-4e4e-8f44-f18e23cf8df7,2025-07-28 14:41:01.120,jimmy,201
skip,data/data/test_images/zombie/z_do_0057_n_r_s_cropped.png,default,zombie,standing,rain,night,17,77,3,580,380,600,400,2,2,9ed3d685-3460-4e4e-8f44-f18e23cf8df7,2025-07-28 14:41:01.120,jimmy,201
squish,data/data/test_images/corpse/p_c_0151_d_cropped.png,police,corpse,injured,sunny,day,13,77,3,560,380,600,400,2,2,9ed3d685-3460-4e4e-8f44-f18e23cf8df7,2025-07-28 14:41:01.120,jimmy,201
squish,data/data/test_images/zombie/p_z_0058_d_s_cropped.png,police,zombie,standing,sunny,day,11,77,3,560,360,600,400,2,2,9ed3d685-3460-4e4e-8f44-f18e23cf8df7,2025-07-28 14:41:01.120,jimmy,201
skip,data/data/test_images/healthy/g_0011_n_r_s_cropped.png,elderly,healthy,standing,rain,night,6,77,3,600,320,580,400,2,2,9ed3d685-3460-4e4e-8f44-f18e23cf8df7,2025-07-28 14:41:01.120,jimmy,201
save,data/data/test_images/injured/h_0053_d_i_cropped.png,default,injured,injured,sunny,day,3,77,3,580,320,580,380,2,2,9ed3d685-3460-4e4e-8f44-f18e23cf8df7,2025-07-28 14:41:01.120,jimmy,201
save,data/data/test_images/zombie/m_z_0073_n_r_s_cropped.png,business,zombie,standing,rain,night,1,77,4,540,360,660,340,2,2,9ed3d685-3460-4e4e-8f44-f18e23cf8df7,2025-07-28 14:41:01.120,jimmy,201
squish,data/data/test_images/corpse/c_0098_n_r_cropped.png,default,corpse,injured,rain,night,34,37,0,500,400,740,300,2,3,9ed3d685-3460-4e4e-8f44-f18e23cf8df7,2025-07-28 14:41:01.120,jimmy,201
skip,data/data/test_images/healthy/g_0017_n_r_s_cropped.png,elderly,healthy,standing,rain,night,29,37,0,500,380,740,300,2,3,9ed3d685-3460-4e4e-8f44-f18e23cf8df7,2025-07-28 14:41:01.120,jimmy,201
squish,data/data/test_images/healthy/m_0151_d_s_cropped.png,business,healthy,standing,sunny,day,24,37,0,480,380,740,280,2,3,9ed3d685-3460-4e4e-8f44-f18e23cf8df7,2025-07-28 14:41:01.120,jimmy,201
save,data/data/test_images/healthy/g_0036_d_s_cropped.png,elderly,healthy,standing,sunny,day,21,37,0,460,340,800,240,2,3,9ed3d685-3460-4e4e-8f44-f18e23cf8df7,2025-07-28 14:41:01.120,jimmy,201
save,data/data/test_images/healthy/m_0146_n_r_s_cropped.png,business,healthy,standing,rain,night,19,37,1,420,380,800,260,2,3,9ed3d685-3460-4e4e-8f44-f18e23cf8df7,2025-07-28 14:41:01.120,jimmy,201
squish,data/data/test_images/zombie/p_z_0128_d_s_cropped.png,police,zombie,standing,sunny,day,16,37,2,460,420,820,260,2,3,9ed3d685-3460-4e4e-8f44-f18e23cf8df7,2025-07-28 14:41:01.120,jimmy,201
squish,data/data/test_images/zombie/m_z_0183_d_s_cropped.png,business,zombie,standing,sunny,day,12,37,2,500,380,800,260,2,3,9ed3d685-3460-4e4e-8f44-f18e23cf8df7,2025-07-28 14:41:01.120,jimmy,201
squish,data/data/test_images/zombie/m_z_0158_n_r_s_cropped.png,business,zombie,standing,rain,night,7,37,2,540,340,780,260,2,3,9ed3d685-3460-4e4e-8f44-f18e23cf8df7,2025-07-28 14:41:01.120,jimmy,201
save,data/data/test_images/zombie/g_z_0067_d_s_cropped.png,elderly,zombie,standing,sunny,day,3,37,2,580,300,760,260,2,3,9ed3d685-3460-4e4e-8f44-f18e23cf8df7,2025-07-28 14:41:01.120,jimmy,201
squish,data/data/test_images/corpse/c_0113_n_r_cropped.png,default,corpse,injured,rain,night,0,37,3,540,340,840,220,2,3,9ed3d685-3460-4e4e-8f44-f18e23cf8df7,2025-07-28 14:41:01.120,jimmy,201
skip,data/data/test_images/zombie/p_z_0169_n_r_s_cropped.png,police,zombie,standing,rain,night,35,40,0,500,500,500,500,3,1,9ed3d685-3460-4e4e-8f44-f18e23cf8df7,2025-07-28 14:41:01.120,jimmy,201
save,data/data/test_images/injured/do_0028_d_i_cropped.png,doctor,injured,injured,sunny,day,31,40,0,480,500,500,500,3,1,9ed3d685-3460-4e4e-8f44-f18e23cf8df7,2025-07-28 14:41:01.120,jimmy,201
save,data/data/test_images/injured/m_0180_n_r_i_cropped.png,business,injured,injured,rain,night,29,40,1,460,540,500,580,3,1,9ed3d685-3460-4e4e-8f44-f18e23cf8df7,2025-07-28 14:41:01.120,jimmy,201
save,data/data/test_images/corpse/m_c_0048_n_r_cropped.png,business,corpse,injured,rain,night,25,40,2,440,580,520,620,3,1,9ed3d685-3460-4e4e-8f44-f18e23cf8df7,2025-07-28 14:41:01.120,jimmy,201
save,data/data/test_images/injured/g_0072_n_r_i_cropped.png,elderly,injured,injured,rain,night,22,40,3,440,580,520,600,3,1,9ed3d685-3460-4e4e-8f44-f18e23cf8df7,2025-07-28 14:41:01.120,jimmy,201
save,data/data/test_images/injured/h_0118_n_r_i_cropped.png,default,injured,injured,rain,night,18,40,4,340,620,520,660,3,1,9ed3d685-3460-4e4e-8f44-f18e23cf8df7,2025-07-28 14:41:01.120,jimmy,201
save,data/data/test_images/injured/do_0108_d_i_cropped.png,doctor,injured,injured,sunny,day,15,40,5,300,660,600,620,3,1,9ed3d685-3460-4e4e-8f44-f18e23cf8df7,2025-07-28 14:41:01.120,jimmy,201
save,data/data/test_images/injured/m_0049_n_r_i_cropped.png,business,injured,injured,rain,night,11,40,6,280,700,600,700,3,1,9ed3d685-3460-4e4e-8f44-f18e23cf8df7,2025-07-28 14:41:01.120,jimmy,201
save,data/data/test_images/healthy/p_0181_d_s_cropped.png,police,healthy,standing,sunny,day,8,40,7,260,740,620,740,3,1,9ed3d685-3460-4e4e-8f44-f18e23cf8df7,2025-07-28 14:41:01.120,jimmy,201
save,data/data/test_images/injured/p_0147_n_r_i_cropped.png,police,injured,injured,rain,night,4,40,8,340,760,620,740,3,1,9ed3d685-3460-4e4e-8f44-f18e23cf8df7,2025-07-28 14:41:01.120,jimmy,201
squish,data/data/test_images/corpse/g_c_0157_d_cropped.png,elderly,corpse,injured,sunny,day,1,40,9,360,780,620,780,3,1,9ed3d685-3460-4e4e-8f44-f18e23cf8df7,2025-07-28 14:41:01.120,jimmy,201
squish,data/data/test_images/zombie/z_0133_d_s_cropped.png,default,zombie,standing,sunny,day,76,80,0,360,760,620,780,3,2,9ed3d685-3460-4e4e-8f44-f18e23cf8df7,2025-07-28 14:41:01.120,jimmy,201
squish,data/data/test_images/corpse/do_c_0193_d_cropped.png,doctor,corpse,injured,sunny,day,73,80,0,400,720,600,780,3,2,9ed3d685-3460-4e4e-8f44-f18e23cf8df7,2025-07-28 14:41:01.120,jimmy,201
save,data/data/test_images/zombie/m_z_0107_n_r_s_cropped.png,business,zombie,standing,rain,night,70,80,0,400,700,600,780,3,2,9ed3d685-3460-4e4e-8f44-f18e23cf8df7,2025-07-28 14:41:01.120,jimmy,201
save,data/data/test_images/injured/g_0021_n_r_i_cropped.png,elderly,injured,injured,rain,night,68,80,1,360,740,680,740,3,2,9ed3d685-3460-4e4e-8f44-f18e23cf8df7,2025-07-28 14:41:01.120,jimmy,201
save,data/data/test_images/healthy/g_0106_n_r_s_cropped.png,elderly,healthy,standing,rain,night,65,80,2,260,780,680,800,3,2,9ed3d685-3460-4e4e-8f44-f18e23cf8df7,2025-07-28 14:41:01.120,jimmy,201
save,data/data/test_images/injured/p_0059_n_r_i_cropped.png,police,injured,injured,rain,night,62,80,3,220,820,680,820,3,2,9ed3d685-3460-4e4e-8f44-f18e23cf8df7,2025-07-28 14:41:01.120,jimmy,201
save,data/data/test_images/zombie/m_z_0167_n_r_s_cropped.png,business,zombie,standing,rain,night,57,80,4,240,840,680,860,3,2,9ed3d685-3460-4e4e-8f44-f18e23cf8df7,2025-07-28 14:41:01.120,jimmy,201
save,data/data/test_images/injured/p_0046_n_r_i_cropped.png,police,injured,injured,rain,night,54,80,5,200,880,760,820,3,2,9ed3d685-3460-4e4e-8f44-f18e23cf8df7,2025-07-28 14:41:01.120,jimmy,201
save,data/data/test_images/healthy/h_0141_d_s_cropped.png,default,healthy,standing,sunny,day,50,80,6,220,900,760,860,3,2,9ed3d685-3460-4e4e-8f44-f18e23cf8df7,2025-07-28 14:41:01.120,jimmy,201
save,data/data/test_images/injured/h_0015_n_r_i_cropped.png,default,injured,injured,rain,night,47,80,7,180,940,840,820,3,2,9ed3d685-3460-4e4e-8f44-f18e23cf8df7,2025-07-28 14:41:01.120,jimmy,201
squish,data/data/test_images/zombie/p_z_0195_d_s_cropped.png,police,zombie,standing,sunny,day,44,80,8,140,980,920,780,3,2,9ed3d685-3460-4e4e-8f44-f18e23cf8df7,2025-07-28 14:41:01.120,jimmy,201
save,data/data/test_images/healthy/h_0017_d_s_cropped.png,default,healthy,standing,sunny,day,40,80,8,180,940,900,780,3,2,9ed3d685-3460-4e4e-8f44-f18e23cf8df7,2025-07-28 14:41:01.120,jimmy,201
save,data/data/test_images/injured/do_0097_d_i_cropped.png,doctor,injured,injured,sunny,day,36,80,9,140,980,980,740,3,2,9ed3d685-3460-4e4e-8f44-f18e23cf8df7,2025-07-28 14:41:01.120,jimmy,201
save,data/data/test_images/injured/g_0008_n_r_i_cropped.png,elderly,injured,injured,rain,night,33,80,10,120,1000,980,820,3,2,9ed3d685-3460-4e4e-8f44-f18e23cf8df7,2025-07-28 14:41:01.120,jimmy,201
squish,data/data/test_images/zombie/g_z_0077_d_s_cropped.png,elderly,zombie,standing,sunny,day,30,80,11,20,1000,980,880,3,2,9ed3d685-3460-4e4e-8f44-f18e23cf8df7,2025-07-28 14:41:01.120,jimmy,201
squish,data/data/test_images/zombie/p_z_0037_d_s_cropped.png,police,zombie,standing,sunny,day,27,80,11,60,960,960,880,3,2,9ed3d685-3460-4e4e-8f44-f18e23cf8df7,2025-07-28 14:41:01.120,jimmy,201
save,data/data/test_images/injured/g_0167_d_i_cropped.png,elderly,injured,injured,sunny,day,23,80,11,100,920,940,880,3,2,9ed3d685-3460-4e4e-8f44-f18e23cf8df7,2025-07-28 14:41:01.120,jimmy,201
scram,data/data/test_images/injured/p_0058_d_i_cropped.png,police,injured,injured,sunny,day,17,80,12,0,960,940,940,3,2,9ed3d685-3460-4e4e-8f44-f18e23cf8df7,2025-07-28 14:41:01.120,jimmy,201
save,data/data/test_images/healthy/m_0006_d_s_cropped.png,business,healthy,standing,sunny,day,12,80,0,0,960,940,940,3,2,9ed3d685-3460-4e4e-8f44-f18e23cf8df7,2025-07-28 14:41:01.120,jimmy,201
squish,data/data/test_images/zombie/g_z_0052_d_s_cropped.png,elderly,zombie,standing,sunny,day,7,80,1,40,1000,960,940,3,2,9ed3d685-3460-4e4e-8f44-f18e23cf8df7,2025-07-28 14:41:01.120,jimmy,201
save,data/data/test_images/healthy/do_0163_n_r_s_cropped.png,doctor,healthy,standing,rain,night,4,80,1,80,960,940,940,3,2,9ed3d685-3460-4e4e-8f44-f18e23cf8df7,2025-07-28 14:41:01.120,jimmy,201
save,data/data/test_images/healthy/p_0090_d_s_cropped.png,police,healthy,standing,sunny,day,2,80,2,120,1000,940,980,3,2,9ed3d685-3460-4e4e-8f44-f18e23cf8df7,2025-07-28 14:41:01.120,jimmy,201
skip,data/data/test_images/injured/g_0198_d_i_cropped.png,elderly,injured,injured,sunny,day,80,85,0,200,1000,940,980,3,3,9ed3d685-3460-4e4e-8f44-f18e23cf8df7,2025-07-28 14:41:01.120,jimmy,201
squish,data/data/test_images/corpse/p_c_0190_d_cropped.png,police,corpse,injured,sunny,day,77,85,0,200,1000,940,920,3,3,9ed3d685-3460-4e4e-8f44-f18e23cf8df7,2025-07-28 14:41:01.120,jimmy,201
save,data/data/test_images/injured/p_0118_n_r_i_cropped.png,police,injured,injured,rain,night,74,85,0,200,980,940,920,3,3,9ed3d685-3460-4e4e-8f44-f18e23cf8df7,2025-07-28 14:41:01.120,jimmy,201
squish,data/data/test_images/zombie/m_z_0114_n_r_s_cropped.png,business,zombie,standing,rain,night,70,85,1,220,1000,940,960,3,3,9ed3d685-3460-4e4e-8f44-f18e23cf8df7,2025-07-28 14:41:01.120,jimmy,201
squish,data/data/test_images/corpse/p_c_0041_d_cropped.png,police,corpse,injured,sunny,day,68,85,1,260,960,920,960,3,3,9ed3d685-3460-4e4e-8f44-f18e23cf8df7,2025-07-28 14:41:01.120,jimmy,201
save,data/data/test_images/healthy/do_0163_d_s_cropped.png,doctor,healthy,standing,sunny,day,64,85,1,260,940,920,960,3,3,9ed3d685-3460-4e4e-8f44-f18e23cf8df7,2025-07-28 14:41:01.120,jimmy,201
save,data/data/test_images/corpse/m_c_0001_n_r_cropped.png,business,corpse,injured,rain,night,60,85,2,300,980,920,1000,3,3,9ed3d685-3460-4e4e-8f44-f18e23cf8df7,2025-07-28 14:41:01.120,jimmy,201
squish,data/data/test_images/corpse/c_0194_d_cropped.png,default,corpse,injured,sunny,day,57,85,3,300,980,920,980,3,3,9ed3d685-3460-4e4e-8f44-f18e23cf8df7,2025-07-28 14:41:01.120,jimmy,201
skip,data/data/test_images/injured/h_0042_n_r_i_cropped.png,default,injured,injured,rain,night,53,85,3,300,960,920,980,3,3,9ed3d685-3460-4e4e-8f44-f18e23cf8df7,2025-07-28 14:41:01.120,jimmy,201
save,data/data/test_images/healthy/p_0013_n_r_s_cropped.png,police,healthy,standing,rain,night,50,85,3,280,960,920,980,3,3,9ed3d685-3460-4e4e-8f44-f18e23cf8df7,2025-07-28 14:41:01.120,jimmy,201
save,data/data/test_images/healthy/do_0115_n_r_s_cropped.png,doctor,healthy,standing,rain,night,46,85,4,360,980,920,980,3,3,9ed3d685-3460-4e4e-8f44-f18e23cf8df7,2025-07-28 14:41:01.120,jimmy,201
skip,data/data/test_images/injured/h_0056_n_r_i_cropped.png,default,injured,injured,rain,night,42,85,5,400,1000,920,1000,3,3,9ed3d685-3460-4e4e-8f44-f18e23cf8df7,2025-07-28 14:41:01.120,jimmy,201
skip,data/data/test_images/zombie/g_z_0049_n_r_s_cropped.png,elderly,zombie,standing,rain,night,36,85,5,380,1000,920,1000,3,3,9ed3d685-3460-4e4e-8f44-f18e23cf8df7,2025-07-28 14:41:01.120,jimmy,201
skip,data/data/test_images/injured/m_0175_d_i_cropped.png,business,injured,injured,sunny,day,32,85,5,360,1000,920,1000,3,3,9ed3d685-3460-4e4e-8f44-f18e23cf8df7,2025-07-28 14:41:01.120,jimmy,201
save,data/data/test_images/healthy/h_0175_n_r_s_cropped.png,default,healthy,standing,rain,night,29,85,5,360,1000,920,960,3,3,9ed3d685-3460-4e4e-8f44-f18e23cf8df7,2025-07-28 14:41:01.120,jimmy,201
skip,data/data/test_images/zombie/g_z_0078_n_r_s_cropped.png,elderly,zombie,standing,rain,night,21,85,6,320,1000,1000,920,3,3,9ed3d685-3460-4e4e-8f44-f18e23cf8df7,2025-07-28 14:41:01.120,jimmy,201
save,data/data/test_images/healthy/g_0062_d_s_cropped.png,elderly,healthy,standing,sunny,day,17,85,6,300,1000,1000,920,3,3,9ed3d685-3460-4e4e-8f44-f18e23cf8df7,2025-07-28 14:41:01.120,jimmy,201
save,data/data/test_images/injured/h_0152_n_r_i_cropped.png,default,injured,injured,rain,night,13,85,7,260,1000,1000,940,3,3,9ed3d685-3460-4e4e-8f44-f18e23cf8df7,2025-07-28 14:41:01.120,jimmy,201
skip,data/data/test_images/injured/m_0037_d_i_cropped.png,business,injured,injured,sunny,day,8,85,8,220,1000,1000,900,3,3,9ed3d685-3460-4e4e-8f44-f18e23cf8df7,2025-07-28 14:41:01.120,jimmy,201
squish,data/data/test_images/zombie/z_0136_d_s_cropped.png,default,zombie,standing,sunny,day,5,85,8,220,1000,1000,860,3,3,9ed3d685-3460-4e4e-8f44-f18e23cf8df7,2025-07-28 14:41:01.120,jimmy,201
squish,data/data/test_images/injured/g_0002_d_i_cropped.png,elderly,injured,injured,sunny,day,2,85,8,260,960,980,860,3,3,9ed3d685-3460-4e4e-8f44-f18e23cf8df7,2025-07-28 14:41:01.120,jimmy,201
squish,data/data/test_images/zombie/m_z_0008_n_r_s_cropped.png,business,zombie,standing,rain,night,36,40,0,500,500,500,500,4,1,9ed3d685-3460-4e4e-8f44-f18e23cf8df7,2025-07-28 14:41:01.120,jimmy,201
save,data/data/test_images/healthy/g_0166_n_r_s_cropped.png,elderly,healthy,standing,rain,night,33,40,0,540,460,480,500,4,1,9ed3d685-3460-4e4e-8f44-f18e23cf8df7,2025-07-28 14:41:01.120,jimmy,201
squish,data/data/test_images/zombie/p_z_0120_n_r_s_cropped.png,police,zombie,standing,rain,night,31,40,1,500,500,480,520,4,1,9ed3d685-3460-4e4e-8f44-f18e23cf8df7,2025-07-28 14:41:01.120,jimmy,201
squish,data/data/test_images/injured/h_0181_d_i_cropped.png,default,injured,injured,sunny,day,29,40,1,540,460,460,520,4,1,9ed3d685-3460-4e4e-8f44-f18e23cf8df7,2025-07-28 14:41:01.120,jimmy,201
save,data/data/test_images/healthy/m_0023_d_s_cropped.png,business,healthy,standing,sunny,day,26,40,1,580,420,440,520,4,1,9ed3d685-3460-4e4e-8f44-f18e23cf8df7,2025-07-28 14:41:01.120,jimmy,201
skip,data/data/test_images/zombie/m_z_0107_n_r_s_cropped.png,business,zombie,standing,rain,night,22,40,2,620,460,460,520,4,1,9ed3d685-3460-4e4e-8f44-f18e23cf8df7,2025-07-28 14:41:01.120,jimmy,201
save,data/data/test_images/healthy/m_0185_n_r_s_cropped.png,business,healthy,standing,rain,night,19,40,2,600,460,460,520,4,1,9ed3d685-3460-4e4e-8f44-f18e23cf8df7,2025-07-28 14:41:01.120,jimmy,201
skip,data/data/test_images/corpse/g_c_0073_d_cropped.png,elderly,corpse,injured,sunny,day,13,40,3,640,500,480,520,4,1,9ed3d685-3460-4e4e-8f44-f18e23cf8df7,2025-07-28 14:41:01.120,jimmy,201
squish,data/data/test_images/corpse/p_c_0155_n_r_cropped.png,police,corpse,injured,rain,night,10,40,3,620,500,480,520,4,1,9ed3d685-3460-4e4e-8f44-f18e23cf8df7,2025-07-28 14:41:01.120,jimmy,201
squish,data/data/test_images/zombie/m_z_0124_d_s_cropped.png,business,zombie,standing,sunny,day,7,40,3,620,480,480,520,4,1,9ed3d685-3460-4e4e-8f44-f18e23cf8df7,2025-07-28 14:41:01.120,jimmy,201
save,data/data/test_images/injured/do_0169_d_i_cropped.png,doctor,injured,injured,sunny,day,4,40,3,660,440,460,520,4,1,9ed3d685-3460-4e4e-8f44-f18e23cf8df7,2025-07-28 14:41:01.120,jimmy,201
save,data/data/test_images/healthy/do_0029_n_r_s_cropped.png,doctor,healthy,standing,rain,night,1,40,4,640,480,460,600,4,1,9ed3d685-3460-4e4e-8f44-f18e23cf8df7,2025-07-28 14:41:01.120,jimmy,201
squish,data/data/test_images/zombie/do_z_0083_d_s_cropped.png,doctor,zombie,standing,sunny,day,38,41,0,680,520,460,640,4,2,9ed3d685-3460-4e4e-8f44-f18e23cf8df7,2025-07-28 14:41:01.120,jimmy,201
save,data/data/test_images/healthy/m_0176_n_r_s_cropped.png,business,healthy,standing,rain,night,35,41,0,720,480,440,640,4,2,9ed3d685-3460-4e4e-8f44-f18e23cf8df7,2025-07-28 14:41:01.120,jimmy,201
save,data/data/test_images/healthy/p_0116_n_r_s_cropped.png,police,healthy,standing,rain,night,33,41,1,760,520,460,640,4,2,9ed3d685-3460-4e4e-8f44-f18e23cf8df7,2025-07-28 14:41:01.120,jimmy,201
save,data/data/test_images/healthy/m_0195_d_s_cropped.png,business,healthy,standing,sunny,day,31,41,2,840,540,460,640,4,2,9ed3d685-3460-4e4e-8f44-f18e23cf8df7,2025-07-28 14:41:01.120,jimmy,201
save,data/data/test_images/injured/p_0115_n_r_i_cropped.png,police,injured,injured,rain,night,28,41,3,880,580,480,640,4,2,9ed3d685-3460-4e4e-8f44-f18e23cf8df7,2025-07-28 14:41:01.120,jimmy,201
squish,data/data/test_images/corpse/p_c_0040_d_cropped.png,police,corpse,injured,sunny,day,25,41,4,900,600,480,680,4,2,9ed3d685-3460-4e4e-8f44-f18e23cf8df7,2025-07-28 14:41:01.120,jimmy,201
skip,data/data/test_images/healthy/g_0012_n_r_s_cropped.png,elderly,healthy,standing,rain,night,20,41,4,900,580,480,680,4,2,9ed3d685-3460-4e4e-8f44-f18e23cf8df7,2025-07-28 14:41:01.120,jimmy,201
skip,data/data/test_images/injured/g_0185_d_i_cropped.png,elderly,injured,injured,sunny,day,16,41,4,880,580,480,660,4,2,9ed3d685-3460-4e4e-8f44-f18e23cf8df7,2025-07-28 14:41:01.120,jimmy,201
skip,data/data/test_images/injured/m_0099_n_r_i_cropped.png,business,injured,injured,rain,night,13,41,4,880,580,480,600,4,2,9ed3d685-3460-4e4e-8f44-f18e23cf8df7,2025-07-28 14:41:01.120,jimmy,201
save,data/data/test_images/healthy/p_0044_n_r_s_cropped.png,police,healthy,standing,rain,night,9,41,4,880,580,480,560,4,2,9ed3d685-3460-4e4e-8f44-f18e23cf8df7,2025-07-28 14:41:01.120,jimmy,201
skip,data/data/test_images/injured/do_0017_n_r_i_cropped.png,doctor,injured,injured,rain,night,5,41,5,960,600,480,560,4,2,9ed3d685-3460-4e4e-8f44-f18e23cf8df7,2025-07-28 14:41:01.120,jimmy,201
save,data/data/test_images/injured/g_0116_n_r_i_cropped.png,elderly,injured,injured,rain,night,1,41,5,960,600,480,520,4,2,9ed3d685-3460-4e4e-8f44-f18e23cf8df7,2025-07-28 14:41:01.120,jimmy,201
save,data/data/test_images/healthy/do_0021_n_r_s_cropped.png,doctor,healthy,standing,rain,night,36,39,0,860,640,480,580,4,3,9ed3d685-3460-4e4e-8f44-f18e23cf8df7,2025-07-28 14:41:01.120,jimmy,201
squish,data/data/test_images/zombie/m_z_0178_d_s_cropped.png,business,zombie,standing,sunny,day,33,39,1,900,680,480,620,4,3,9ed3d685-3460-4e4e-8f44-f18e23cf8df7,2025-07-28 14:41:01.120,jimmy,201
skip,data/data/test_images/healthy/m_0132_n_r_s_cropped.png,business,healthy,standing,rain,night,28,39,1,940,640,460,620,4,3,9ed3d685-3460-4e4e-8f44-f18e23cf8df7,2025-07-28 14:41:01.120,jimmy,201
save,data/data/test_images/injured/p_0138_n_r_i_cropped.png,police,injured,injured,rain,night,25,39,1,920,640,460,620,4,3,9ed3d685-3460-4e4e-8f44-f18e23cf8df7,2025-07-28 14:41:01.120,jimmy,201
squish,data/data/test_images/zombie/g_z_0164_n_r_s_cropped.png,elderly,zombie,standing,rain,night,21,39,2,940,660,460,660,4,3,9ed3d685-3460-4e4e-8f44-f18e23cf8df7,2025-07-28 14:41:01.120,jimmy,201
skip,data/data/test_images/corpse/c_0066_n_r_cropped.png,default,corpse,injured,rain,night,17,39,2,980,620,440,660,4,3,9ed3d685-3460-4e4e-8f44-f18e23cf8df7,2025-07-28 14:41:01.120,jimmy,201
squish,data/data/test_images/corpse/p_c_0059_n_r_cropped.png,police,corpse,injured,rain,night,14,39,2,960,620,440,660,4,3,9ed3d685-3460-4e4e-8f44-f18e23cf8df7,2025-07-28 14:41:01.120,jimmy,201
squish,data/data/test_images/injured/g_0154_n_r_i_cropped.png,elderly,injured,injured,rain,night,11,39,2,960,600,440,660,4,3,9ed3d685-3460-4e4e-8f44-f18e23cf8df7,2025-07-28 14:41:01.120,jimmy,201
skip,data/data/test_images/corpse/g_c_0007_n_r_cropped.png,elderly,corpse,injured,rain,night,5,39,2,960,580,440,620,4,3,9ed3d685-3460-4e4e-8f44-f18e23cf8df7,2025-07-28 14:41:01.120,jimmy,201
skip,data/data/test_images/corpse/do_c_0053_n_r_cropped.png,doctor,corpse,injured,rain,night,1,39,2,940,580,440,620,4,3,9ed3d685-3460-4e4e-8f44-f18e23cf8df7,2025-07-28 14:41:01.120,jimmy,201
squish,data/data/test_images/corpse/do_c_0005_d_cropped.png,doctor,corpse,injured,sunny,day,102,120,0,500,500,500,500,1,1,2bc84ab4-8142-474f-b88d-23b116ea2544,2025-07-28 16:07:44.440,jimmy,202
save,data/data/test_images/corpse/m_c_0120_d_cropped.png,business,corpse,injured,sunny,day,83,120,0,500,480,500,500,1,1,2bc84ab4-8142-474f-b88d-23b116ea2544,2025-07-28 16:07:44.440,jimmy,202
skip,data/data/test_images/injured/p_0055_d_i_cropped.png,police,injured,injured,sunny,day,62,120,1,500,480,500,480,1,1,2bc84ab4-8142-474f-b88d-23b116ea2544,2025-07-28 16:07:44.440,jimmy,202
save,data/data/test_images/healthy/p_0092_d_s_cropped.png,police,healthy,standing,sunny,day,56,120,1,500,460,500,440,1,1,2bc84ab4-8142-474f-b88d-23b116ea2544,2025-07-28 16:07:44.440,jimmy,202
skip,data/data/test_images/zombie/g_z_0133_n_r_s_cropped.png,elderly,zombie,standing,rain,night,47,120,2,580,480,500,440,1,1,2bc84ab4-8142-474f-b88d-23b116ea2544,2025-07-28 16:07:44.440,jimmy,202
scram,data/data/test_images/injured/m_0023_d_i_cropped.png,business,injured,injured,sunny,day,39,120,2,560,480,500,440,1,1,2bc84ab4-8142-474f-b88d-23b116ea2544,2025-07-28 16:07:44.440,jimmy,202
squish,data/data/test_images/corpse/do_c_0175_d_cropped.png,doctor,corpse,injured,sunny,day,33,120,0,560,480,500,440,1,1,2bc84ab4-8142-474f-b88d-23b116ea2544,2025-07-28 16:07:44.440,jimmy,202
save,data/data/test_images/healthy/h_0066_n_r_s_cropped.png,default,healthy,standing,rain,night,29,120,0,560,460,500,440,1,1,2bc84ab4-8142-474f-b88d-23b116ea2544,2025-07-28 16:07:44.440,jimmy,202
skip,data/data/test_images/zombie/z_0099_d_s_cropped.png,default,zombie,standing,sunny,day,25,120,1,520,500,580,400,1,1,2bc84ab4-8142-474f-b88d-23b116ea2544,2025-07-28 16:07:44.440,jimmy,202
save,data/data/test_images/injured/m_0080_n_r_i_cropped.png,business,injured,injured,rain,night,22,120,1,500,500,580,400,1,1,2bc84ab4-8142-474f-b88d-23b116ea2544,2025-07-28 16:07:44.440,jimmy,202
squish,data/data/test_images/corpse/c_0132_d_cropped.png,default,corpse,injured,sunny,day,17,120,2,480,540,600,440,1,1,2bc84ab4-8142-474f-b88d-23b116ea2544,2025-07-28 16:07:44.440,jimmy,202
save,data/data/test_images/zombie/m_z_0085_n_r_s_cropped.png,business,zombie,standing,rain,night,14,120,2,480,520,600,440,1,1,2bc84ab4-8142-474f-b88d-23b116ea2544,2025-07-28 16:07:44.440,jimmy,202
save,data/data/test_images/healthy/h_0032_n_r_s_cropped.png,default,healthy,standing,rain,night,67,70,0,440,560,680,400,1,2,2bc84ab4-8142-474f-b88d-23b116ea2544,2025-07-28 16:07:44.440,jimmy,202
squish,data/data/test_images/corpse/p_c_0081_d_cropped.png,police,corpse,injured,sunny,day,65,70,1,400,600,760,360,1,2,2bc84ab4-8142-474f-b88d-23b116ea2544,2025-07-28 16:07:44.440,jimmy,202
save,data/data/test_images/corpse/m_c_0138_d_cropped.png,business,corpse,injured,sunny,day,61,70,1,400,580,760,360,1,2,2bc84ab4-8142-474f-b88d-23b116ea2544,2025-07-28 16:07:44.440,jimmy,202
skip,data/data/test_images/corpse/p_c_0179_n_r_cropped.png,police,corpse,injured,rain,night,58,70,2,400,580,760,340,1,2,2bc84ab4-8142-474f-b88d-23b116ea2544,2025-07-28 16:07:44.440,jimmy,202
save,data/data/test_images/injured/h_0004_d_i_cropped.png,default,injured,injured,sunny,day,54,70,2,380,580,760,340,1,2,2bc84ab4-8142-474f-b88d-23b116ea2544,2025-07-28 16:07:44.440,jimmy,202
skip,data/data/test_images/zombie/z_0059_n_r_s_cropped.png,default,zombie,standing,rain,night,50,70,3,340,620,840,300,1,2,2bc84ab4-8142-474f-b88d-23b116ea2544,2025-07-28 16:07:44.440,jimmy,202
squish,data/data/test_images/zombie/z_0023_n_r_s_cropped.png,default,zombie,standing,rain,night,47,70,3,320,620,840,300,1,2,2bc84ab4-8142-474f-b88d-23b116ea2544,2025-07-28 16:07:44.440,jimmy,202
save,data/data/test_images/injured/g_0199_n_r_i_cropped.png,elderly,injured,injured,rain,night,43,70,3,360,580,820,300,1,2,2bc84ab4-8142-474f-b88d-23b116ea2544,2025-07-28 16:07:44.440,jimmy,202
save,data/data/test_images/healthy/p_0088_n_r_s_cropped.png,police,healthy,standing,rain,night,40,70,4,260,620,820,360,1,2,2bc84ab4-8142-474f-b88d-23b116ea2544,2025-07-28 16:07:44.440,jimmy,202
skip,data/data/test_images/corpse/p_c_0117_d_cropped.png,police,corpse,injured,sunny,day,36,70,5,340,640,820,360,1,2,2bc84ab4-8142-474f-b88d-23b116ea2544,2025-07-28 16:07:44.440,jimmy,202
save,data/data/test_images/healthy/h_0019_d_s_cropped.png,default,healthy,standing,sunny,day,32,70,5,320,640,820,360,1,2,2bc84ab4-8142-474f-b88d-23b116ea2544,2025-07-28 16:07:44.440,jimmy,202
save,data/data/test_images/injured/g_0170_d_i_cropped.png,elderly,injured,injured,sunny,day,29,70,6,280,680,900,320,1,2,2bc84ab4-8142-474f-b88d-23b116ea2544,2025-07-28 16:07:44.440,jimmy,202
skip,data/data/test_images/zombie/p_z_0084_n_r_s_cropped.png,police,zombie,standing,rain,night,26,70,7,180,720,900,380,1,2,2bc84ab4-8142-474f-b88d-23b116ea2544,2025-07-28 16:07:44.440,jimmy,202
squish,data/data/test_images/injured/p_0022_d_i_cropped.png,police,injured,injured,sunny,day,21,70,7,160,720,900,380,1,2,2bc84ab4-8142-474f-b88d-23b116ea2544,2025-07-28 16:07:44.440,jimmy,202
save,data/data/test_images/healthy/p_0148_n_r_s_cropped.png,police,healthy,standing,rain,night,18,70,7,140,700,900,340,1,2,2bc84ab4-8142-474f-b88d-23b116ea2544,2025-07-28 16:07:44.440,jimmy,202
save,data/data/test_images/injured/do_0074_d_i_cropped.png,doctor,injured,injured,sunny,day,15,70,8,220,720,900,340,1,2,2bc84ab4-8142-474f-b88d-23b116ea2544,2025-07-28 16:07:44.440,jimmy,202
save,data/data/test_images/healthy/m_0047_d_s_cropped.png,business,healthy,standing,sunny,day,12,70,9,200,760,900,420,1,2,2bc84ab4-8142-474f-b88d-23b116ea2544,2025-07-28 16:07:44.440,jimmy,202
save,data/data/test_images/healthy/g_0107_n_r_s_cropped.png,elderly,healthy,standing,rain,night,9,70,10,240,800,920,420,1,2,2bc84ab4-8142-474f-b88d-23b116ea2544,2025-07-28 16:07:44.440,jimmy,202
skip,data/data/test_images/zombie/do_z_0060_d_s_cropped.png,doctor,zombie,standing,sunny,day,6,70,11,200,840,920,440,1,2,2bc84ab4-8142-474f-b88d-23b116ea2544,2025-07-28 16:07:44.440,jimmy,202
save,data/data/test_images/healthy/do_0018_n_r_s_cropped.png,doctor,healthy,standing,rain,night,3,70,11,180,840,920,440,1,2,2bc84ab4-8142-474f-b88d-23b116ea2544,2025-07-28 16:07:44.440,jimmy,202
save,data/data/test_images/injured/do_0136_n_r_i_cropped.png,doctor,injured,injured,rain,night,27,30,0,220,880,920,480,1,3,2bc84ab4-8142-474f-b88d-23b116ea2544,2025-07-28 16:07:44.440,jimmy,202
skip,data/data/test_images/zombie/z_do_0131_n_r_s_cropped.png,default,zombie,standing,rain,night,24,30,1,200,920,920,560,1,3,2bc84ab4-8142-474f-b88d-23b116ea2544,2025-07-28 16:07:44.440,jimmy,202
squish,data/data/test_images/corpse/c_0016_n_r_cropped.png,default,corpse,injured,rain,night,21,30,1,180,920,920,560,1,3,2bc84ab4-8142-474f-b88d-23b116ea2544,2025-07-28 16:07:44.440,jimmy,202
squish,data/data/test_images/corpse/p_c_0159_n_r_cropped.png,police,corpse,injured,rain,night,18,30,1,180,900,920,560,1,3,2bc84ab4-8142-474f-b88d-23b116ea2544,2025-07-28 16:07:44.440,jimmy,202
save,data/data/test_images/healthy/do_0015_d_s_cropped.png,doctor,healthy,standing,sunny,day,15,30,1,180,880,920,560,1,3,2bc84ab4-8142-474f-b88d-23b116ea2544,2025-07-28 16:07:44.440,jimmy,202
save,data/data/test_images/injured/g_0051_d_i_cropped.png,elderly,injured,injured,sunny,day,13,30,2,220,920,920,600,1,3,2bc84ab4-8142-474f-b88d-23b116ea2544,2025-07-28 16:07:44.440,jimmy,202
skip,data/data/test_images/corpse/g_c_0162_d_cropped.png,elderly,corpse,injured,sunny,day,9,30,3,120,960,920,660,1,3,2bc84ab4-8142-474f-b88d-23b116ea2544,2025-07-28 16:07:44.440,jimmy,202
squish,data/data/test_images/corpse/c_0061_d_cropped.png,default,corpse,injured,sunny,day,7,30,3,100,960,920,660,1,3,2bc84ab4-8142-474f-b88d-23b116ea2544,2025-07-28 16:07:44.440,jimmy,202
squish,data/data/test_images/corpse/do_c_0139_d_cropped.png,doctor,corpse,injured,sunny,day,4,30,3,100,940,920,660,1,3,2bc84ab4-8142-474f-b88d-23b116ea2544,2025-07-28 16:07:44.440,jimmy,202
skip,data/data/test_images/corpse/g_c_0193_d_cropped.png,elderly,corpse,injured,sunny,day,1,30,3,100,920,920,660,1,3,2bc84ab4-8142-474f-b88d-23b116ea2544,2025-07-28 16:07:44.440,jimmy,202
skip,data/data/test_images/injured/m_0125_n_r_i_cropped.png,business,injured,injured,rain,night,32,34,0,500,500,500,500,2,1,2bc84ab4-8142-474f-b88d-23b116ea2544,2025-07-28 16:07:44.440,jimmy,202
skip,data/data/test_images/zombie/do_z_0139_d_s_cropped.png,doctor,zombie,standing,sunny,day,29,34,0,500,500,500,460,2,1,2bc84ab4-8142-474f-b88d-23b116ea2544,2025-07-28 16:07:44.440,jimmy,202
skip,data/data/test_images/zombie/m_z_0156_d_s_cropped.png,business,zombie,standing,sunny,day,26,34,0,480,500,500,460,2,1,2bc84ab4-8142-474f-b88d-23b116ea2544,2025-07-28 16:07:44.440,jimmy,202
save,data/data/test_images/corpse/g_c_0133_n_r_cropped.png,elderly,corpse,injured,rain,night,23,34,0,460,500,500,460,2,1,2bc84ab4-8142-474f-b88d-23b116ea2544,2025-07-28 16:07:44.440,jimmy,202
squish,data/data/test_images/corpse/p_c_0183_d_cropped.png,police,corpse,injured,sunny,day,21,34,1,460,500,500,440,2,1,2bc84ab4-8142-474f-b88d-23b116ea2544,2025-07-28 16:07:44.440,jimmy,202
save,data/data/test_images/injured/do_0139_d_i_cropped.png,doctor,injured,injured,sunny,day,18,34,1,460,480,500,440,2,1,2bc84ab4-8142-474f-b88d-23b116ea2544,2025-07-28 16:07:44.440,jimmy,202
skip,data/data/test_images/zombie/z_0169_n_r_s_cropped.png,default,zombie,standing,rain,night,16,34,2,440,520,500,520,2,1,2bc84ab4-8142-474f-b88d-23b116ea2544,2025-07-28 16:07:44.440,jimmy,202
save,data/data/test_images/injured/m_0079_d_i_cropped.png,business,injured,injured,sunny,day,13,34,2,420,520,500,520,2,1,2bc84ab4-8142-474f-b88d-23b116ea2544,2025-07-28 16:07:44.440,jimmy,202
save,data/data/test_images/healthy/p_0110_n_r_s_cropped.png,police,healthy,standing,rain,night,11,34,3,400,560,520,560,2,1,2bc84ab4-8142-474f-b88d-23b116ea2544,2025-07-28 16:07:44.440,jimmy,202
save,data/data/test_images/healthy/do_0103_n_r_s_cropped.png,doctor,healthy,standing,rain,night,9,34,4,480,580,520,560,2,1,2bc84ab4-8142-474f-b88d-23b116ea2544,2025-07-28 16:07:44.440,jimmy,202
save,data/data/test_images/injured/p_0174_n_r_i_cropped.png,police,injured,injured,rain,night,7,34,5,520,620,520,600,2,1,2bc84ab4-8142-474f-b88d-23b116ea2544,2025-07-28 16:07:44.440,jimmy,202
save,data/data/test_images/healthy/do_0135_d_s_cropped.png,doctor,healthy,standing,sunny,day,6,34,6,540,640,520,640,2,1,2bc84ab4-8142-474f-b88d-23b116ea2544,2025-07-28 16:07:44.440,jimmy,202
skip,data/data/test_images/zombie/g_z_0133_n_r_s_cropped.png,elderly,zombie,standing,rain,night,2,34,7,580,680,520,680,2,1,2bc84ab4-8142-474f-b88d-23b116ea2544,2025-07-28 16:07:44.440,jimmy,202
save,data/data/test_images/healthy/p_0154_d_s_cropped.png,police,healthy,standing,sunny,day,27,30,0,560,680,520,680,2,2,2bc84ab4-8142-474f-b88d-23b116ea2544,2025-07-28 16:07:44.440,jimmy,202
save,data/data/test_images/injured/p_0177_n_r_i_cropped.png,police,injured,injured,rain,night,25,30,1,640,700,520,680,2,2,2bc84ab4-8142-474f-b88d-23b116ea2544,2025-07-28 16:07:44.440,jimmy,202
save,data/data/test_images/healthy/p_0103_n_r_s_cropped.png,police,healthy,standing,rain,night,24,30,2,660,720,520,720,2,2,2bc84ab4-8142-474f-b88d-23b116ea2544,2025-07-28 16:07:44.440,jimmy,202
skip,data/data/test_images/zombie/m_z_0110_n_r_s_cropped.png,business,zombie,standing,rain,night,21,30,3,740,740,520,720,2,2,2bc84ab4-8142-474f-b88d-23b116ea2544,2025-07-28 16:07:44.440,jimmy,202
skip,data/data/test_images/zombie/p_z_0161_d_s_cropped.png,police,zombie,standing,sunny,day,18,30,3,720,740,520,720,2,2,2bc84ab4-8142-474f-b88d-23b116ea2544,2025-07-28 16:07:44.440,jimmy,202
save,data/data/test_images/injured/p_0144_n_r_i_cropped.png,police,injured,injured,rain,night,16,30,3,700,740,520,720,2,2,2bc84ab4-8142-474f-b88d-23b116ea2544,2025-07-28 16:07:44.440,jimmy,202
save,data/data/test_images/healthy/g_0184_d_s_cropped.png,elderly,healthy,standing,sunny,day,14,30,4,720,760,520,760,2,2,2bc84ab4-8142-474f-b88d-23b116ea2544,2025-07-28 16:07:44.440,jimmy,202
save,data/data/test_images/injured/do_0026_n_r_i_cropped.png,doctor,injured,injured,rain,night,12,30,5,680,800,520,780,2,2,2bc84ab4-8142-474f-b88d-23b116ea2544,2025-07-28 16:07:44.440,jimmy,202
skip,data/data/test_images/healthy/m_0055_d_s_cropped.png,business,healthy,standing,sunny,day,9,30,6,660,840,520,860,2,2,2bc84ab4-8142-474f-b88d-23b116ea2544,2025-07-28 16:07:44.440,jimmy,202
save,data/data/test_images/injured/g_0166_n_r_i_cropped.png,elderly,injured,injured,rain,night,7,30,6,640,840,520,860,2,2,2bc84ab4-8142-474f-b88d-23b116ea2544,2025-07-28 16:07:44.440,jimmy,202
save,data/data/test_images/injured/h_0196_d_i_cropped.png,default,injured,injured,sunny,day,5,30,7,540,880,520,920,2,2,2bc84ab4-8142-474f-b88d-23b116ea2544,2025-07-28 16:07:44.440,jimmy,202
save,data/data/test_images/injured/g_0097_n_r_i_cropped.png,elderly,injured,injured,rain,night,3,30,8,500,920,600,880,2,2,2bc84ab4-8142-474f-b88d-23b116ea2544,2025-07-28 16:07:44.440,jimmy,202
skip,data/data/test_images/zombie/m_z_0109_d_s_cropped.png,business,zombie,standing,sunny,day,1,30,9,400,960,600,940,2,2,2bc84ab4-8142-474f-b88d-23b116ea2544,2025-07-28 16:07:44.440,jimmy,202
save,data/data/test_images/corpse/g_c_0169_d_cropped.png,elderly,corpse,injured,sunny,day,65,69,0,380,960,600,940,2,3,2bc84ab4-8142-474f-b88d-23b116ea2544,2025-07-28 16:07:44.440,jimmy,202
save,data/data/test_images/injured/g_0018_n_r_i_cropped.png,elderly,injured,injured,rain,night,62,69,1,380,960,600,920,2,3,2bc84ab4-8142-474f-b88d-23b116ea2544,2025-07-28 16:07:44.440,jimmy,202
skip,data/data/test_images/injured/h_0173_n_r_i_cropped.png,default,injured,injured,rain,night,59,69,2,280,1000,600,980,2,3,2bc84ab4-8142-474f-b88d-23b116ea2544,2025-07-28 16:07:44.440,jimmy,202
skip,data/data/test_images/zombie/g_z_0027_d_s_cropped.png,elderly,zombie,standing,sunny,day,56,69,2,260,1000,600,980,2,3,2bc84ab4-8142-474f-b88d-23b116ea2544,2025-07-28 16:07:44.440,jimmy,202
skip,data/data/test_images/zombie/g_z_0155_d_s_cropped.png,elderly,zombie,standing,sunny,day,53,69,2,240,1000,600,980,2,3,2bc84ab4-8142-474f-b88d-23b116ea2544,2025-07-28 16:07:44.440,jimmy,202
skip,data/data/test_images/zombie/m_z_0120_d_s_cropped.png,business,zombie,standing,sunny,day,50,69,2,220,1000,600,980,2,3,2bc84ab4-8142-474f-b88d-23b116ea2544,2025-07-28 16:07:44.440,jimmy,202
skip,data/data/test_images/zombie/p_z_0088_n_r_s_cropped.png,police,zombie,standing,rain,night,47,69,2,200,1000,600,980,2,3,2bc84ab4-8142-474f-b88d-23b116ea2544,2025-07-28 16:07:44.440,jimmy,202
squish,data/data/test_images/injured/m_0148_n_r_i_cropped.png,business,injured,injured,rain,night,43,69,2,180,1000,600,980,2,3,2bc84ab4-8142-474f-b88d-23b116ea2544,2025-07-28 16:07:44.440,jimmy,202
save,data/data/test_images/healthy/do_0078_n_r_s_cropped.png,doctor,healthy,standing,rain,night,40,69,2,180,980,660,940,2,3,2bc84ab4-8142-474f-b88d-23b116ea2544,2025-07-28 16:07:44.440,jimmy,202
skip,data/data/test_images/corpse/do_c_0113_d_cropped.png,doctor,corpse,injured,sunny,day,37,69,3,220,1000,660,980,2,3,2bc84ab4-8142-474f-b88d-23b116ea2544,2025-07-28 16:07:44.440,jimmy,202
save,data/data/test_images/healthy/p_0100_d_s_cropped.png,police,healthy,standing,sunny,day,33,69,3,200,1000,660,980,2,3,2bc84ab4-8142-474f-b88d-23b116ea2544,2025-07-28 16:07:44.440,jimmy,202
save,data/data/test_images/healthy/h_0137_d_s_cropped.png,default,healthy,standing,sunny,day,31,69,4,280,1000,660,980,2,3,2bc84ab4-8142-474f-b88d-23b116ea2544,2025-07-28 16:07:44.440,jimmy,202
skip,data/data/test_images/zombie/p_z_0013_d_s_cropped.png,police,zombie,standing,sunny,day,28,69,5,240,1000,740,940,2,3,2bc84ab4-8142-474f-b88d-23b116ea2544,2025-07-28 16:07:44.440,jimmy,202
save,data/data/test_images/healthy/do_0150_n_r_s_cropped.png,doctor,healthy,standing,rain,night,25,69,5,220,1000,740,940,2,3,2bc84ab4-8142-474f-b88d-23b116ea2544,2025-07-28 16:07:44.440,jimmy,202
skip,data/data/test_images/zombie/do_z_0136_d_s_cropped.png,doctor,zombie,standing,sunny,day,23,69,6,260,1000,740,980,2,3,2bc84ab4-8142-474f-b88d-23b116ea2544,2025-07-28 16:07:44.440,jimmy,202
save,data/data/test_images/healthy/h_0197_d_s_cropped.png,default,healthy,standing,sunny,day,20,69,6,240,1000,740,980,2,3,2bc84ab4-8142-474f-b88d-23b116ea2544,2025-07-28 16:07:44.440,jimmy,202
save,data/data/test_images/healthy/m_0039_n_r_s_cropped.png,business,healthy,standing,rain,night,17,69,7,200,1000,820,940,2,3,2bc84ab4-8142-474f-b88d-23b116ea2544,2025-07-28 16:07:44.440,jimmy,202
save,data/data/test_images/healthy/g_0048_n_r_s_cropped.png,elderly,healthy,standing,rain,night,15,69,8,240,1000,840,940,2,3,2bc84ab4-8142-474f-b88d-23b116ea2544,2025-07-28 16:07:44.440,jimmy,202
skip,data/data/test_images/corpse/p_c_0110_d_cropped.png,police,corpse,injured,sunny,day,12,69,9,200,1000,840,960,2,3,2bc84ab4-8142-474f-b88d-23b116ea2544,2025-07-28 16:07:44.440,jimmy,202
skip,data/data/test_images/corpse/g_c_0013_d_cropped.png,elderly,corpse,injured,sunny,day,8,69,9,180,1000,840,960,2,3,2bc84ab4-8142-474f-b88d-23b116ea2544,2025-07-28 16:07:44.440,jimmy,202
save,data/data/test_images/healthy/h_0185_n_r_s_cropped.png,default,healthy,standing,rain,night,5,69,9,160,1000,840,960,2,3,2bc84ab4-8142-474f-b88d-23b116ea2544,2025-07-28 16:07:44.440,jimmy,202
skip,data/data/test_images/corpse/m_c_0146_n_r_cropped.png,business,corpse,injured,rain,night,1,69,10,120,1000,920,920,2,3,2bc84ab4-8142-474f-b88d-23b116ea2544,2025-07-28 16:07:44.440,jimmy,202
save,data/data/test_images/healthy/p_0067_d_s_cropped.png,police,healthy,standing,sunny,day,74,78,0,500,500,500,500,3,1,2bc84ab4-8142-474f-b88d-23b116ea2544,2025-07-28 16:07:44.440,jimmy,202
save,data/data/test_images/healthy/h_0126_n_r_s_cropped.png,default,healthy,standing,rain,night,72,78,1,580,520,500,500,3,1,2bc84ab4-8142-474f-b88d-23b116ea2544,2025-07-28 16:07:44.440,jimmy,202
squish,data/data/test_images/zombie/m_z_0199_n_r_s_cropped.png,business,zombie,standing,rain,night,69,78,2,540,560,580,460,3,1,2bc84ab4-8142-474f-b88d-23b116ea2544,2025-07-28 16:07:44.440,jimmy,202
save,data/data/test_images/injured/g_0099_d_i_cropped.png,elderly,injured,injured,sunny,day,67,78,2,580,520,560,460,3,1,2bc84ab4-8142-474f-b88d-23b116ea2544,2025-07-28 16:07:44.440,jimmy,202
skip,data/data/test_images/zombie/m_z_0015_n_r_s_cropped.png,business,zombie,standing,rain,night,62,78,3,480,560,560,520,3,1,2bc84ab4-8142-474f-b88d-23b116ea2544,2025-07-28 16:07:44.440,jimmy,202
save,data/data/test_images/healthy/m_0187_d_s_cropped.png,business,healthy,standing,sunny,day,59,78,3,460,560,560,520,3,1,2bc84ab4-8142-474f-b88d-23b116ea2544,2025-07-28 16:07:44.440,jimmy,202
squish,data/data/test_images/zombie/p_z_0048_n_r_s_cropped.png,police,zombie,standing,rain,night,56,78,4,500,600,580,520,3,1,2bc84ab4-8142-474f-b88d-23b116ea2544,2025-07-28 16:07:44.440,jimmy,202
squish,data/data/test_images/zombie/m_z_0120_n_r_s_cropped.png,business,zombie,standing,rain,night,53,78,4,540,560,560,520,3,1,2bc84ab4-8142-474f-b88d-23b116ea2544,2025-07-28 16:07:44.440,jimmy,202
skip,data/data/test_images/corpse/do_c_0091_n_r_cropped.png,doctor,corpse,injured,rain,night,51,78,4,580,520,540,520,3,1,2bc84ab4-8142-474f-b88d-23b116ea2544,2025-07-28 16:07:44.440,jimmy,202
skip,data/data/test_images/injured/m_0018_d_i_cropped.png,business,injured,injured,sunny,day,47,78,4,560,520,540,520,3,1,2bc84ab4-8142-474f-b88d-23b116ea2544,2025-07-28 16:07:44.440,jimmy,202
skip,data/data/test_images/zombie/p_z_0001_n_r_s_cropped.png,police,zombie,standing,rain,night,44,78,4,560,520,540,480,3,1,2bc84ab4-8142-474f-b88d-23b116ea2544,2025-07-28 16:07:44.440,jimmy,202
squish,data/data/test_images/zombie/do_z_0036_d_s_cropped.png,doctor,zombie,standing,sunny,day,40,78,4,540,520,540,480,3,1,2bc84ab4-8142-474f-b88d-23b116ea2544,2025-07-28 16:07:44.440,jimmy,202
skip,data/data/test_images/zombie/m_z_0121_n_r_s_cropped.png,business,zombie,standing,rain,night,36,78,4,580,480,520,480,3,1,2bc84ab4-8142-474f-b88d-23b116ea2544,2025-07-28 16:07:44.440,jimmy,202
skip,data/data/test_images/corpse/g_c_0009_n_r_cropped.png,elderly,corpse,injured,rain,night,33,78,4,560,480,520,480,3,1,2bc84ab4-8142-474f-b88d-23b116ea2544,2025-07-28 16:07:44.440,jimmy,202
save,data/data/test_images/healthy/g_0094_n_r_s_cropped.png,elderly,healthy,standing,rain,night,30,78,4,540,480,520,480,3,1,2bc84ab4-8142-474f-b88d-23b116ea2544,2025-07-28 16:07:44.440,jimmy,202
save,data/data/test_images/zombie/g_z_0111_n_r_s_cropped.png,elderly,zombie,standing,rain,night,27,78,5,500,520,520,500,3,1,2bc84ab4-8142-474f-b88d-23b116ea2544,2025-07-28 16:07:44.440,jimmy,202
skip,data/data/test_images/injured/m_0054_n_r_i_cropped.png,business,injured,injured,rain,night,23,78,6,460,560,600,460,3,1,2bc84ab4-8142-474f-b88d-23b116ea2544,2025-07-28 16:07:44.440,jimmy,202
squish,data/data/test_images/zombie/p_z_0103_d_s_cropped.png,police,zombie,standing,sunny,day,20,78,6,460,560,600,420,3,1,2bc84ab4-8142-474f-b88d-23b116ea2544,2025-07-28 16:07:44.440,jimmy,202
squish,data/data/test_images/corpse/do_c_0149_d_cropped.png,doctor,corpse,injured,sunny,day,17,78,6,500,520,580,420,3,1,2bc84ab4-8142-474f-b88d-23b116ea2544,2025-07-28 16:07:44.440,jimmy,202
skip,data/data/test_images/zombie/m_z_0000_n_r_s_cropped.png,business,zombie,standing,rain,night,13,78,6,500,500,580,420,3,1,2bc84ab4-8142-474f-b88d-23b116ea2544,2025-07-28 16:07:44.440,jimmy,202
save,data/data/test_images/corpse/g_c_0149_d_cropped.png,elderly,corpse,injured,sunny,day,10,78,6,480,500,580,420,3,1,2bc84ab4-8142-474f-b88d-23b116ea2544,2025-07-28 16:07:44.440,jimmy,202
squish,data/data/test_images/corpse/do_c_0168_n_r_cropped.png,doctor,corpse,injured,rain,night,7,78,7,480,500,580,400,3,1,2bc84ab4-8142-474f-b88d-23b116ea2544,2025-07-28 16:07:44.440,jimmy,202
save,data/data/test_images/healthy/p_0037_d_s_cropped.png,police,healthy,standing,sunny,day,4,78,7,480,480,580,400,3,1,2bc84ab4-8142-474f-b88d-23b116ea2544,2025-07-28 16:07:44.440,jimmy,202
save,data/data/test_images/injured/do_0117_n_r_i_cropped.png,doctor,injured,injured,rain,night,1,78,8,560,500,580,400,3,1,2bc84ab4-8142-474f-b88d-23b116ea2544,2025-07-28 16:07:44.440,jimmy,202
squish,data/data/test_images/zombie/z_do_0175_n_r_s_cropped.png,default,zombie,standing,rain,night,74,78,0,540,540,580,480,3,2,2bc84ab4-8142-474f-b88d-23b116ea2544,2025-07-28 16:07:44.440,jimmy,202
skip,data/data/test_images/zombie/g_z_0029_d_s_cropped.png,elderly,zombie,standing,sunny,day,70,78,0,580,500,560,480,3,2,2bc84ab4-8142-474f-b88d-23b116ea2544,2025-07-28 16:07:44.440,jimmy,202
save,data/data/test_images/healthy/g_0010_n_r_s_cropped.png,elderly,healthy,standing,rain,night,68,78,0,560,500,560,480,3,2,2bc84ab4-8142-474f-b88d-23b116ea2544,2025-07-28 16:07:44.440,jimmy,202
save,data/data/test_images/healthy/do_0087_n_r_s_cropped.png,doctor,healthy,standing,rain,night,65,78,1,520,540,560,500,3,2,2bc84ab4-8142-474f-b88d-23b116ea2544,2025-07-28 16:07:44.440,jimmy,202
save,data/data/test_images/healthy/do_0105_n_r_s_cropped.png,doctor,healthy,standing,rain,night,63,78,2,560,580,560,540,3,2,2bc84ab4-8142-474f-b88d-23b116ea2544,2025-07-28 16:07:44.440,jimmy,202
save,data/data/test_images/corpse/do_c_0089_n_r_cropped.png,doctor,corpse,injured,rain,night,61,78,3,600,620,560,580,3,2,2bc84ab4-8142-474f-b88d-23b116ea2544,2025-07-28 16:07:44.440,jimmy,202
skip,data/data/test_images/corpse/do_c_0176_d_cropped.png,doctor,corpse,injured,sunny,day,57,78,4,600,620,560,560,3,2,2bc84ab4-8142-474f-b88d-23b116ea2544,2025-07-28 16:07:44.440,jimmy,202
save,data/data/test_images/healthy/m_0139_n_r_s_cropped.png,business,healthy,standing,rain,night,54,78,4,580,620,560,560,3,2,2bc84ab4-8142-474f-b88d-23b116ea2544,2025-07-28 16:07:44.440,jimmy,202
skip,data/data/test_images/zombie/g_z_0158_d_s_cropped.png,elderly,zombie,standing,sunny,day,50,78,5,620,660,580,560,3,2,2bc84ab4-8142-474f-b88d-23b116ea2544,2025-07-28 16:07:44.440,jimmy,202
squish,data/data/test_images/corpse/m_c_0130_d_cropped.png,business,corpse,injured,sunny,day,46,78,5,600,660,580,560,3,2,2bc84ab4-8142-474f-b88d-23b116ea2544,2025-07-28 16:07:44.440,jimmy,202
squish,data/data/test_images/corpse/c_0192_d_cropped.png,default,corpse,injured,sunny,day,43,78,5,600,640,580,560,3,2,2bc84ab4-8142-474f-b88d-23b116ea2544,2025-07-28 16:07:44.440,jimmy,202
save,data/data/test_images/healthy/p_0147_d_s_cropped.png,police,healthy,standing,sunny,day,40,78,5,600,620,580,560,3,2,2bc84ab4-8142-474f-b88d-23b116ea2544,2025-07-28 16:07:44.440,jimmy,202
skip,data/data/test_images/zombie/m_z_0159_d_s_cropped.png,business,zombie,standing,sunny,day,37,78,6,680,640,580,560,3,2,2bc84ab4-8142-474f-b88d-23b116ea2544,2025-07-28 16:07:44.440,jimmy,202
squish,data/data/test_images/corpse/c_0157_n_r_cropped.png,default,corpse,injured,rain,night,34,78,6,660,640,580,560,3,2,2bc84ab4-8142-474f-b88d-23b116ea2544,2025-07-28 16:07:44.440,jimmy,202
squish,data/data/test_images/zombie/z_0100_n_r_s_cropped.png,default,zombie,standing,rain,night,31,78,6,660,620,580,560,3,2,2bc84ab4-8142-474f-b88d-23b116ea2544,2025-07-28 16:07:44.440,jimmy,202
save,data/data/test_images/injured/do_0188_d_i_cropped.png,doctor,injured,injured,sunny,day,28,78,6,700,580,560,560,3,2,2bc84ab4-8142-474f-b88d-23b116ea2544,2025-07-28 16:07:44.440,jimmy,202
skip,data/data/test_images/corpse/m_c_0049_d_cropped.png,business,corpse,injured,sunny,day,25,78,7,680,620,560,640,3,2,2bc84ab4-8142-474f-b88d-23b116ea2544,2025-07-28 16:07:44.440,jimmy,202
skip,data/data/test_images/zombie/g_z_0111_n_r_s_cropped.png,elderly,zombie,standing,rain,night,21,78,7,660,620,560,640,3,2,2bc84ab4-8142-474f-b88d-23b116ea2544,2025-07-28 16:07:44.440,jimmy,202
save,data/data/test_images/healthy/m_0112_d_s_cropped.png,business,healthy,standing,sunny,day,19,78,7,640,620,560,640,3,2,2bc84ab4-8142-474f-b88d-23b116ea2544,2025-07-28 16:07:44.440,jimmy,202
save,data/data/test_images/healthy/h_0097_n_r_s_cropped.png,default,healthy,standing,rain,night,17,78,8,680,660,580,640,3,2,2bc84ab4-8142-474f-b88d-23b116ea2544,2025-07-28 16:07:44.440,jimmy,202
save,data/data/test_images/zombie/m_z_0011_n_r_s_cropped.png,business,zombie,standing,rain,night,15,78,9,640,700,660,600,3,2,2bc84ab4-8142-474f-b88d-23b116ea2544,2025-07-28 16:07:44.440,jimmy,202
squish,data/data/test_images/zombie/do_z_0099_d_s_cropped.png,doctor,zombie,standing,sunny,day,12,78,10,600,740,740,560,3,2,2bc84ab4-8142-474f-b88d-23b116ea2544,2025-07-28 16:07:44.440,jimmy,202
skip,data/data/test_images/zombie/m_z_0065_n_r_s_cropped.png,business,zombie,standing,rain,night,10,78,10,640,700,720,560,3,2,2bc84ab4-8142-474f-b88d-23b116ea2544,2025-07-28 16:07:44.440,jimmy,202
save,data/data/test_images/injured/do_0199_n_r_i_cropped.png,doctor,injured,injured,rain,night,6,78,10,620,700,720,560,3,2,2bc84ab4-8142-474f-b88d-23b116ea2544,2025-07-28 16:07:44.440,jimmy,202
squish,data/data/test_images/corpse/do_c_0073_d_cropped.png,doctor,corpse,injured,sunny,day,4,78,11,600,740,720,640,3,2,2bc84ab4-8142-474f-b88d-23b116ea2544,2025-07-28 16:07:44.440,jimmy,202
save,data/data/test_images/healthy/do_0121_n_r_s_cropped.png,doctor,healthy,standing,rain,night,2,78,11,600,720,720,640,3,2,2bc84ab4-8142-474f-b88d-23b116ea2544,2025-07-28 16:07:44.440,jimmy,202
skip,data/data/test_images/corpse/m_c_0079_d_cropped.png,business,corpse,injured,sunny,day,67,71,0,640,760,720,680,3,3,2bc84ab4-8142-474f-b88d-23b116ea2544,2025-07-28 16:07:44.440,jimmy,202
skip,data/data/test_images/zombie/g_z_0004_n_r_s_cropped.png,elderly,zombie,standing,rain,night,64,71,0,620,760,720,680,3,3,2bc84ab4-8142-474f-b88d-23b116ea2544,2025-07-28 16:07:44.440,jimmy,202
skip,data/data/test_images/zombie/g_z_0118_d_s_cropped.png,elderly,zombie,standing,sunny,day,62,71,0,600,760,720,680,3,3,2bc84ab4-8142-474f-b88d-23b116ea2544,2025-07-28 16:07:44.440,jimmy,202
squish,data/data/test_images/corpse/c_0146_n_r_cropped.png,default,corpse,injured,rain,night,59,71,0,580,760,720,680,3,3,2bc84ab4-8142-474f-b88d-23b116ea2544,2025-07-28 16:07:44.440,jimmy,202
save,data/data/test_images/injured/do_0153_d_i_cropped.png,doctor,injured,injured,sunny,day,56,71,0,580,740,720,680,3,3,2bc84ab4-8142-474f-b88d-23b116ea2544,2025-07-28 16:07:44.440,jimmy,202
skip,data/data/test_images/zombie/m_z_0190_d_s_cropped.png,business,zombie,standing,sunny,day,53,71,1,560,780,720,760,3,3,2bc84ab4-8142-474f-b88d-23b116ea2544,2025-07-28 16:07:44.440,jimmy,202
save,data/data/test_images/injured/p_0162_n_r_i_cropped.png,police,injured,injured,rain,night,50,71,1,540,780,720,760,3,3,2bc84ab4-8142-474f-b88d-23b116ea2544,2025-07-28 16:07:44.440,jimmy,202
save,data/data/test_images/healthy/do_0114_d_s_cropped.png,doctor,healthy,standing,sunny,day,48,71,2,560,800,720,800,3,3,2bc84ab4-8142-474f-b88d-23b116ea2544,2025-07-28 16:07:44.440,jimmy,202
save,data/data/test_images/injured/g_0088_d_i_cropped.png,elderly,injured,injured,sunny,day,46,71,3,600,840,720,840,3,3,2bc84ab4-8142-474f-b88d-23b116ea2544,2025-07-28 16:07:44.440,jimmy,202
save,data/data/test_images/injured/m_0034_n_r_i_cropped.png,business,injured,injured,rain,night,44,71,4,500,880,720,900,3,3,2bc84ab4-8142-474f-b88d-23b116ea2544,2025-07-28 16:07:44.440,jimmy,202
skip,data/data/test_images/injured/m_0145_d_i_cropped.png,business,injured,injured,sunny,day,41,71,5,480,920,740,940,3,3,2bc84ab4-8142-474f-b88d-23b116ea2544,2025-07-28 16:07:44.440,jimmy,202
save,data/data/test_images/healthy/do_0094_d_s_cropped.png,doctor,healthy,standing,sunny,day,38,71,5,480,920,740,900,3,3,2bc84ab4-8142-474f-b88d-23b116ea2544,2025-07-28 16:07:44.440,jimmy,202
skip,data/data/test_images/zombie/z_do_0033_n_r_s_cropped.png,default,zombie,standing,rain,night,36,71,6,520,960,740,940,3,3,2bc84ab4-8142-474f-b88d-23b116ea2544,2025-07-28 16:07:44.440,jimmy,202
save,data/data/test_images/healthy/p_0111_n_r_s_cropped.png,police,healthy,standing,rain,night,33,71,6,500,960,740,940,3,3,2bc84ab4-8142-474f-b88d-23b116ea2544,2025-07-28 16:07:44.440,jimmy,202
save,data/data/test_images/healthy/m_0080_n_r_s_cropped.png,business,healthy,standing,rain,night,30,71,7,580,980,740,940,3,3,2bc84ab4-8142-474f-b88d-23b116ea2544,2025-07-28 16:07:44.440,jimmy,202
save,data/data/test_images/injured/p_0015_d_i_cropped.png,police,injured,injured,sunny,day,28,71,8,620,1000,760,940,3,3,2bc84ab4-8142-474f-b88d-23b116ea2544,2025-07-28 16:07:44.440,jimmy,202
save,data/data/test_images/injured/p_0040_d_i_cropped.png,police,injured,injured,sunny,day,26,71,9,640,1000,760,980,3,3,2bc84ab4-8142-474f-b88d-23b116ea2544,2025-07-28 16:07:44.440,jimmy,202
skip,data/data/test_images/zombie/p_z_0149_n_r_s_cropped.png,police,zombie,standing,rain,night,22,71,10,660,1000,760,1000,3,3,2bc84ab4-8142-474f-b88d-23b116ea2544,2025-07-28 16:07:44.440,jimmy,202
skip,data/data/test_images/zombie/p_z_0126_n_r_s_cropped.png,police,zombie,standing,rain,night,20,71,10,640,1000,760,1000,3,3,2bc84ab4-8142-474f-b88d-23b116ea2544,2025-07-28 16:07:44.440,jimmy,202
skip,data/data/test_images/zombie/do_z_0076_d_s_cropped.png,doctor,zombie,standing,sunny,day,17,71,10,620,1000,760,1000,3,3,2bc84ab4-8142-474f-b88d-23b116ea2544,2025-07-28 16:07:44.440,jimmy,202
skip,data/data/test_images/injured/h_0053_n_r_i_cropped.png,default,injured,injured,rain,night,14,71,10,600,1000,760,1000,3,3,2bc84ab4-8142-474f-b88d-23b116ea2544,2025-07-28 16:07:44.440,jimmy,202
squish,data/data/test_images/zombie/p_z_0129_n_r_s_cropped.png,police,zombie,standing,rain,night,11,71,10,580,1000,760,1000,3,3,2bc84ab4-8142-474f-b88d-23b116ea2544,2025-07-28 16:07:44.440,jimmy,202
squish,data/data/test_images/zombie/p_z_0139_n_r_s_cropped.png,police,zombie,standing,rain,night,8,71,10,620,960,740,1000,3,3,2bc84ab4-8142-474f-b88d-23b116ea2544,2025-07-28 16:07:44.440,jimmy,202
skip,data/data/test_images/corpse/g_c_0040_n_r_cropped.png,elderly,corpse,injured,rain,night,5,71,10,660,920,720,1000,3,3,2bc84ab4-8142-474f-b88d-23b116ea2544,2025-07-28 16:07:44.440,jimmy,202
save,data/data/test_images/injured/g_0157_n_r_i_cropped.png,elderly,injured,injured,rain,night,3,71,10,640,920,720,1000,3,3,2bc84ab4-8142-474f-b88d-23b116ea2544,2025-07-28 16:07:44.440,jimmy,202
save,data/data/test_images/injured/do_0126_d_i_cropped.png,doctor,injured,injured,sunny,day,1,71,11,540,960,720,1000,3,3,2bc84ab4-8142-474f-b88d-23b116ea2544,2025-07-28 16:07:44.440,jimmy,202
save,data/data/test_images/injured/h_0014_n_r_i_cropped.png,default,injured,injured,rain,night,42,46,0,500,500,500,500,4,1,2bc84ab4-8142-474f-b88d-23b116ea2544,2025-07-28 16:07:44.440,jimmy,202
save,data/data/test_images/injured/h_0128_n_r_i_cropped.png,default,injured,injured,rain,night,40,46,1,460,540,580,460,4,1,2bc84ab4-8142-474f-b88d-23b116ea2544,2025-07-28 16:07:44.440,jimmy,202
squish,data/data/test_images/zombie/m_z_0132_n_r_s_cropped.png,business,zombie,standing,rain,night,38,46,2,420,580,660,420,4,1,2bc84ab4-8142-474f-b88d-23b116ea2544,2025-07-28 16:07:44.440,jimmy,202
save,data/data/test_images/healthy/p_0142_n_r_s_cropped.png,police,healthy,standing,rain,night,35,46,2,460,540,640,420,4,1,2bc84ab4-8142-474f-b88d-23b116ea2544,2025-07-28 16:07:44.440,jimmy,202
save,data/data/test_images/healthy/p_0020_n_r_s_cropped.png,police,healthy,standing,rain,night,33,46,3,540,560,640,420,4,1,2bc84ab4-8142-474f-b88d-23b116ea2544,2025-07-28 16:07:44.440,jimmy,202
squish,data/data/test_images/zombie/p_z_0112_n_r_s_cropped.png,police,zombie,standing,rain,night,32,46,4,620,580,640,420,4,1,2bc84ab4-8142-474f-b88d-23b116ea2544,2025-07-28 16:07:44.440,jimmy,202
save,data/data/test_images/healthy/m_0189_n_r_s_cropped.png,business,healthy,standing,rain,night,30,46,4,660,540,620,420,4,1,2bc84ab4-8142-474f-b88d-23b116ea2544,2025-07-28 16:07:44.440,jimmy,202
squish,data/data/test_images/corpse/g_c_0016_d_cropped.png,elderly,corpse,injured,sunny,day,27,46,5,700,580,640,420,4,1,2bc84ab4-8142-474f-b88d-23b116ea2544,2025-07-28 16:07:44.440,jimmy,202
squish,data/data/test_images/zombie/z_0137_n_r_s_cropped.png,default,zombie,standing,rain,night,26,46,5,700,560,640,420,4,1,2bc84ab4-8142-474f-b88d-23b116ea2544,2025-07-28 16:07:44.440,jimmy,202
squish,data/data/test_images/zombie/m_z_0147_n_r_s_cropped.png,business,zombie,standing,rain,night,23,46,5,740,520,620,420,4,1,2bc84ab4-8142-474f-b88d-23b116ea2544,2025-07-28 16:07:44.440,jimmy,202
skip,data/data/test_images/corpse/m_c_0173_d_cropped.png,business,corpse,injured,sunny,day,20,46,5,780,480,600,420,4,1,2bc84ab4-8142-474f-b88d-23b116ea2544,2025-07-28 16:07:44.440,jimmy,202
squish,data/data/test_images/corpse/p_c_0144_d_cropped.png,police,corpse,injured,sunny,day,18,46,5,760,480,600,420,4,1,2bc84ab4-8142-474f-b88d-23b116ea2544,2025-07-28 16:07:44.440,jimmy,202
save,data/data/test_images/injured/p_0175_d_i_cropped.png,police,injured,injured,sunny,day,15,46,5,760,460,600,420,4,1,2bc84ab4-8142-474f-b88d-23b116ea2544,2025-07-28 16:07:44.440,jimmy,202
skip,data/data/test_images/zombie/g_z_0191_d_s_cropped.png,elderly,zombie,standing,sunny,day,12,46,6,780,480,600,460,4,1,2bc84ab4-8142-474f-b88d-23b116ea2544,2025-07-28 16:07:44.440,jimmy,202
save,data/data/test_images/injured/do_0144_n_r_i_cropped.png,doctor,injured,injured,rain,night,9,46,6,760,480,600,460,4,1,2bc84ab4-8142-474f-b88d-23b116ea2544,2025-07-28 16:07:44.440,jimmy,202
squish,data/data/test_images/zombie/g_z_0166_d_s_cropped.png,elderly,zombie,standing,sunny,day,5,46,7,740,520,600,540,4,1,2bc84ab4-8142-474f-b88d-23b116ea2544,2025-07-28 16:07:44.440,jimmy,202
save,data/data/test_images/healthy/g_0168_n_r_s_cropped.png,elderly,healthy,standing,rain,night,3,46,7,780,480,580,540,4,1,2bc84ab4-8142-474f-b88d-23b116ea2544,2025-07-28 16:07:44.440,jimmy,202
squish,data/data/test_images/corpse/c_0029_n_r_cropped.png,default,corpse,injured,rain,night,0,46,8,740,520,580,560,4,1,2bc84ab4-8142-474f-b88d-23b116ea2544,2025-07-28 16:07:44.440,jimmy,202
skip,data/data/test_images/corpse/g_c_0148_d_cropped.png,elderly,corpse,injured,sunny,day,49,52,0,740,500,580,560,4,2,2bc84ab4-8142-474f-b88d-23b116ea2544,2025-07-28 16:07:44.440,jimmy,202
skip,data/data/test_images/zombie/g_z_0188_n_r_s_cropped.png,elderly,zombie,standing,rain,night,46,52,0,720,500,580,560,4,2,2bc84ab4-8142-474f-b88d-23b116ea2544,2025-07-28 16:07:44.440,jimmy,202
save,data/data/test_images/healthy/p_0041_n_r_s_cropped.png,police,healthy,standing,rain,night,43,52,0,700,500,580,560,4,2,2bc84ab4-8142-474f-b88d-23b116ea2544,2025-07-28 16:07:44.440,jimmy,202
squish,data/data/test_images/corpse/p_c_0084_n_r_cropped.png,police,corpse,injured,rain,night,41,52,1,780,520,580,560,4,2,2bc84ab4-8142-474f-b88d-23b116ea2544,2025-07-28 16:07:44.440,jimmy,202
squish,data/data/test_images/corpse/p_c_0123_d_cropped.png,police,corpse,injured,sunny,day,39,52,1,780,500,580,560,4,2,2bc84ab4-8142-474f-b88d-23b116ea2544,2025-07-28 16:07:44.440,jimmy,202
save,data/data/test_images/injured/h_0000_n_r_i_cropped.png,default,injured,injured,rain,night,37,52,1,780,480,580,560,4,2,2bc84ab4-8142-474f-b88d-23b116ea2544,2025-07-28 16:07:44.440,jimmy,202
skip,data/data/test_images/injured/m_0023_n_r_i_cropped.png,business,injured,injured,rain,night,34,52,2,740,520,660,520,4,2,2bc84ab4-8142-474f-b88d-23b116ea2544,2025-07-28 16:07:44.440,jimmy,202
save,data/data/test_images/injured/h_0181_n_r_i_cropped.png,default,injured,injured,rain,night,31,52,2,740,520,660,480,4,2,2bc84ab4-8142-474f-b88d-23b116ea2544,2025-07-28 16:07:44.440,jimmy,202
save,data/data/test_images/corpse/m_c_0132_n_r_cropped.png,business,corpse,injured,rain,night,28,52,3,700,560,740,440,4,2,2bc84ab4-8142-474f-b88d-23b116ea2544,2025-07-28 16:07:44.440,jimmy,202
save,data/data/test_images/healthy/g_0113_n_r_s_cropped.png,elderly,healthy,standing,rain,night,26,52,4,700,560,740,420,4,2,2bc84ab4-8142-474f-b88d-23b116ea2544,2025-07-28 16:07:44.440,jimmy,202
save,data/data/test_images/healthy/m_0084_n_r_s_cropped.png,business,healthy,standing,rain,night,23,52,5,660,600,740,440,4,2,2bc84ab4-8142-474f-b88d-23b116ea2544,2025-07-28 16:07:44.440,jimmy,202
skip,data/data/test_images/corpse/g_c_0094_d_cropped.png,elderly,corpse,injured,sunny,day,20,52,6,700,640,760,440,4,2,2bc84ab4-8142-474f-b88d-23b116ea2544,2025-07-28 16:07:44.440,jimmy,202
skip,data/data/test_images/corpse/g_c_0058_n_r_cropped.png,elderly,corpse,injured,rain,night,17,52,6,680,640,760,440,4,2,2bc84ab4-8142-474f-b88d-23b116ea2544,2025-07-28 16:07:44.440,jimmy,202
save,data/data/test_images/injured/h_0045_n_r_i_cropped.png,default,injured,injured,rain,night,13,52,6,660,640,760,440,4,2,2bc84ab4-8142-474f-b88d-23b116ea2544,2025-07-28 16:07:44.440,jimmy,202
skip,data/data/test_images/corpse/c_0003_n_r_cropped.png,default,corpse,injured,rain,night,11,52,7,620,680,840,400,4,2,2bc84ab4-8142-474f-b88d-23b116ea2544,2025-07-28 16:07:44.440,jimmy,202
save,data/data/test_images/healthy/h_0166_n_r_s_cropped.png,default,healthy,standing,rain,night,8,52,7,600,680,840,400,4,2,2bc84ab4-8142-474f-b88d-23b116ea2544,2025-07-28 16:07:44.440,jimmy,202
save,data/data/test_images/injured/p_0075_n_r_i_cropped.png,police,injured,injured,rain,night,5,52,8,560,720,920,360,4,2,2bc84ab4-8142-474f-b88d-23b116ea2544,2025-07-28 16:07:44.440,jimmy,202
save,data/data/test_images/injured/g_0124_n_r_i_cropped.png,elderly,injured,injured,rain,night,2,52,9,580,740,920,400,4,2,2bc84ab4-8142-474f-b88d-23b116ea2544,2025-07-28 16:07:44.440,jimmy,202
squish,data/data/test_images/zombie/g_z_0125_d_s_cropped.png,elderly,zombie,standing,sunny,day,0,52,10,480,780,920,460,4,2,2bc84ab4-8142-474f-b88d-23b116ea2544,2025-07-28 16:07:44.440,jimmy,202
save,data/data/test_images/healthy/g_0164_d_s_cropped.png,elderly,healthy,standing,sunny,day,60,62,0,520,740,900,460,4,3,2bc84ab4-8142-474f-b88d-23b116ea2544,2025-07-28 16:07:44.440,jimmy,202
squish,data/data/test_images/corpse/c_0035_d_cropped.png,default,corpse,injured,sunny,day,57,62,1,480,780,900,480,4,3,2bc84ab4-8142-474f-b88d-23b116ea2544,2025-07-28 16:07:44.440,jimmy,202
save,data/data/test_images/healthy/p_0008_n_r_s_cropped.png,police,healthy,standing,rain,night,55,62,1,480,760,900,480,4,3,2bc84ab4-8142-474f-b88d-23b116ea2544,2025-07-28 16:07:44.440,jimmy,202
skip,data/data/test_images/zombie/g_z_0106_d_s_cropped.png,elderly,zombie,standing,sunny,day,53,62,2,560,780,900,480,4,3,2bc84ab4-8142-474f-b88d-23b116ea2544,2025-07-28 16:07:44.440,jimmy,202
skip,data/data/test_images/zombie/g_z_0107_d_s_cropped.png,elderly,zombie,standing,sunny,day,50,62,2,540,780,900,480,4,3,2bc84ab4-8142-474f-b88d-23b116ea2544,2025-07-28 16:07:44.440,jimmy,202
save,data/data/test_images/injured/g_0076_n_r_i_cropped.png,elderly,injured,injured,rain,night,47,62,2,520,780,900,480,4,3,2bc84ab4-8142-474f-b88d-23b116ea2544,2025-07-28 16:07:44.440,jimmy,202
squish,data/data/test_images/corpse/do_c_0010_n_r_cropped.png,doctor,corpse,injured,rain,night,44,62,3,420,820,900,540,4,3,2bc84ab4-8142-474f-b88d-23b116ea2544,2025-07-28 16:07:44.440,jimmy,202
save,data/data/test_images/injured/h_0159_n_r_i_cropped.png,default,injured,injured,rain,night,41,62,3,420,800,900,540,4,3,2bc84ab4-8142-474f-b88d-23b116ea2544,2025-07-28 16:07:44.440,jimmy,202
skip,data/data/test_images/zombie/g_z_0157_n_r_s_cropped.png,elderly,zombie,standing,rain,night,38,62,4,380,840,980,500,4,3,2bc84ab4-8142-474f-b88d-23b116ea2544,2025-07-28 16:07:44.440,jimmy,202
save,data/data/test_images/healthy/p_0171_d_s_cropped.png,police,healthy,standing,sunny,day,35,62,4,360,840,980,500,4,3,2bc84ab4-8142-474f-b88d-23b116ea2544,2025-07-28 16:07:44.440,jimmy,202
save,data/data/test_images/healthy/m_0053_d_s_cropped.png,business,healthy,standing,sunny,day,33,62,5,440,860,980,500,4,3,2bc84ab4-8142-474f-b88d-23b116ea2544,2025-07-28 16:07:44.440,jimmy,202
squish,data/data/test_images/zombie/m_z_0004_d_s_cropped.png,business,zombie,standing,sunny,day,30,62,6,480,900,1000,500,4,3,2bc84ab4-8142-474f-b88d-23b116ea2544,2025-07-28 16:07:44.440,jimmy,202
save,data/data/test_images/injured/do_0120_n_r_i_cropped.png,doctor,injured,injured,rain,night,28,62,6,520,860,980,500,4,3,2bc84ab4-8142-474f-b88d-23b116ea2544,2025-07-28 16:07:44.440,jimmy,202
skip,data/data/test_images/corpse/m_c_0026_d_cropped.png,business,corpse,injured,sunny,day,25,62,7,500,900,980,580,4,3,2bc84ab4-8142-474f-b88d-23b116ea2544,2025-07-28 16:07:44.440,jimmy,202
skip,data/data/test_images/injured/g_0048_n_r_i_cropped.png,elderly,injured,injured,rain,night,22,62,7,480,900,980,580,4,3,2bc84ab4-8142-474f-b88d-23b116ea2544,2025-07-28 16:07:44.440,jimmy,202
squish,data/data/test_images/corpse/do_c_0025_d_cropped.png,doctor,corpse,injured,sunny,day,19,62,7,480,900,980,520,4,3,2bc84ab4-8142-474f-b88d-23b116ea2544,2025-07-28 16:07:44.440,jimmy,202
squish,data/data/test_images/zombie/m_z_0172_n_r_s_cropped.png,business,zombie,standing,rain,night,17,62,7,480,880,980,520,4,3,2bc84ab4-8142-474f-b88d-23b116ea2544,2025-07-28 16:07:44.440,jimmy,202
save,data/data/test_images/healthy/g_0107_n_r_s_cropped.png,elderly,healthy,standing,rain,night,14,62,7,520,840,960,520,4,3,2bc84ab4-8142-474f-b88d-23b116ea2544,2025-07-28 16:07:44.440,jimmy,202
skip,data/data/test_images/corpse/g_c_0057_n_r_cropped.png,elderly,corpse,injured,rain,night,11,62,8,480,880,960,540,4,3,2bc84ab4-8142-474f-b88d-23b116ea2544,2025-07-28 16:07:44.440,jimmy,202
save,data/data/test_images/healthy/g_0089_d_s_cropped.png,elderly,healthy,standing,sunny,day,8,62,8,460,880,960,540,4,3,2bc84ab4-8142-474f-b88d-23b116ea2544,2025-07-28 16:07:44.440,jimmy,202
squish,data/data/test_images/corpse/do_c_0143_d_cropped.png,doctor,corpse,injured,sunny,day,5,62,9,420,920,960,560,4,3,2bc84ab4-8142-474f-b88d-23b116ea2544,2025-07-28 16:07:44.440,jimmy,202
squish,data/data/test_images/corpse/p_c_0091_n_r_cropped.png,police,corpse,injured,rain,night,3,62,9,420,900,960,560,4,3,2bc84ab4-8142-474f-b88d-23b116ea2544,2025-07-28 16:07:44.440,jimmy,202
save,data/data/test_images/injured/do_0047_d_i_cropped.png,doctor,injured,injured,sunny,day,1,62,9,420,880,960,560,4,3,2bc84ab4-8142-474f-b88d-23b116ea2544,2025-07-28 16:07:44.440,jimmy,202
save,data/data/test_images/injured/p_0059_d_i_cropped.png,police,injured,injured,sunny,day,45,49,0,500,500,500,500,5,1,2bc84ab4-8142-474f-b88d-23b116ea2544,2025-07-28 16:07:44.440,jimmy,202
save,data/data/test_images/healthy/p_0086_d_s_cropped.png,police,healthy,standing,sunny,day,43,49,1,520,520,500,540,5,1,2bc84ab4-8142-474f-b88d-23b116ea2544,2025-07-28 16:07:44.440,jimmy,202
save,data/data/test_images/healthy/m_0068_d_s_cropped.png,business,healthy,standing,sunny,day,41,49,2,600,540,500,540,5,1,2bc84ab4-8142-474f-b88d-23b116ea2544,2025-07-28 16:07:44.440,jimmy,202
skip,data/data/test_images/corpse/p_c_0192_d_cropped.png,police,corpse,injured,sunny,day,38,49,3,640,580,520,540,5,1,2bc84ab4-8142-474f-b88d-23b116ea2544,2025-07-28 16:07:44.440,jimmy,202
skip,data/data/test_images/zombie/m_z_0065_n_r_s_cropped.png,business,zombie,standing,rain,night,35,49,3,620,580,520,540,5,1,2bc84ab4-8142-474f-b88d-23b116ea2544,2025-07-28 16:07:44.440,jimmy,202
save,data/data/test_images/healthy/do_0034_n_r_s_cropped.png,doctor,healthy,standing,rain,night,32,49,3,600,580,520,540,5,1,2bc84ab4-8142-474f-b88d-23b116ea2544,2025-07-28 16:07:44.440,jimmy,202
save,data/data/test_images/healthy/do_0068_d_s_cropped.png,doctor,healthy,standing,sunny,day,31,49,4,640,620,520,580,5,1,2bc84ab4-8142-474f-b88d-23b116ea2544,2025-07-28 16:07:44.440,jimmy,202
save,data/data/test_images/injured/h_0093_d_i_cropped.png,default,injured,injured,sunny,day,28,49,5,680,660,520,620,5,1,2bc84ab4-8142-474f-b88d-23b116ea2544,2025-07-28 16:07:44.440,jimmy,202
skip,data/data/test_images/injured/h_0080_d_i_cropped.png,default,injured,injured,sunny,day,25,49,6,640,700,600,580,5,1,2bc84ab4-8142-474f-b88d-23b116ea2544,2025-07-28 16:07:44.440,jimmy,202
skip,data/data/test_images/corpse/m_c_0156_d_cropped.png,business,corpse,injured,sunny,day,22,49,6,620,700,600,580,5,1,2bc84ab4-8142-474f-b88d-23b116ea2544,2025-07-28 16:07:44.440,jimmy,202
skip,data/data/test_images/injured/g_0162_d_i_cropped.png,elderly,injured,injured,sunny,day,18,49,6,600,700,600,580,5,1,2bc84ab4-8142-474f-b88d-23b116ea2544,2025-07-28 16:07:44.440,jimmy,202
skip,data/data/test_images/corpse/c_0060_n_r_cropped.png,default,corpse,injured,rain,night,15,49,6,600,700,600,520,5,1,2bc84ab4-8142-474f-b88d-23b116ea2544,2025-07-28 16:07:44.440,jimmy,202
squish,data/data/test_images/corpse/do_c_0193_n_r_cropped.png,doctor,corpse,injured,rain,night,12,49,6,580,700,600,520,5,1,2bc84ab4-8142-474f-b88d-23b116ea2544,2025-07-28 16:07:44.440,jimmy,202
squish,data/data/test_images/zombie/do_z_0062_d_s_cropped.png,doctor,zombie,standing,sunny,day,9,49,6,580,680,600,520,5,1,2bc84ab4-8142-474f-b88d-23b116ea2544,2025-07-28 16:07:44.440,jimmy,202
skip,data/data/test_images/injured/g_0071_n_r_i_cropped.png,elderly,injured,injured,rain,night,6,49,6,620,640,580,520,5,1,2bc84ab4-8142-474f-b88d-23b116ea2544,2025-07-28 16:07:44.440,jimmy,202
squish,data/data/test_images/zombie/g_z_0106_n_r_s_cropped.png,elderly,zombie,standing,rain,night,3,49,6,620,640,580,460,5,1,2bc84ab4-8142-474f-b88d-23b116ea2544,2025-07-28 16:07:44.440,jimmy,202
squish,data/data/test_images/zombie/g_z_0084_d_s_cropped.png,elderly,zombie,standing,sunny,day,1,49,6,660,600,560,460,5,1,2bc84ab4-8142-474f-b88d-23b116ea2544,2025-07-28 16:07:44.440,jimmy,202
save,data/data/test_images/injured/m_0137_n_r_i_cropped.png,business,injured,injured,rain,night,47,50,0,700,560,540,460,5,2,2bc84ab4-8142-474f-b88d-23b116ea2544,2025-07-28 16:07:44.440,jimmy,202
squish,data/data/test_images/corpse/c_0179_d_cropped.png,default,corpse,injured,sunny,day,45,50,1,680,600,560,500,5,2,2bc84ab4-8142-474f-b88d-23b116ea2544,2025-07-28 16:07:44.440,jimmy,202
save,data/data/test_images/injured/g_0113_d_i_cropped.png,elderly,injured,injured,sunny,day,42,50,1,680,580,560,500,5,2,2bc84ab4-8142-474f-b88d-23b116ea2544,2025-07-28 16:07:44.440,jimmy,202
save,data/data/test_images/healthy/m_0054_n_r_s_cropped.png,business,healthy,standing,rain,night,40,50,2,580,620,560,560,5,2,2bc84ab4-8142-474f-b88d-23b116ea2544,2025-07-28 16:07:44.440,jimmy,202
save,data/data/test_images/injured/do_0110_n_r_i_cropped.png,doctor,injured,injured,rain,night,38,50,3,620,660,580,560,5,2,2bc84ab4-8142-474f-b88d-23b116ea2544,2025-07-28 16:07:44.440,jimmy,202
skip,data/data/test_images/zombie/g_z_0041_n_r_s_cropped.png,elderly,zombie,standing,rain,night,35,50,4,600,700,580,640,5,2,2bc84ab4-8142-474f-b88d-23b116ea2544,2025-07-28 16:07:44.440,jimmy,202
save,data/data/test_images/healthy/g_0081_n_r_s_cropped.png,elderly,healthy,standing,rain,night,32,50,4,580,700,580,640,5,2,2bc84ab4-8142-474f-b88d-23b116ea2544,2025-07-28 16:07:44.440,jimmy,202
squish,data/data/test_images/corpse/m_c_0179_d_cropped.png,business,corpse,injured,sunny,day,29,50,5,540,740,580,660,5,2,2bc84ab4-8142-474f-b88d-23b116ea2544,2025-07-28 16:07:44.440,jimmy,202
save,data/data/test_images/healthy/p_0147_n_r_s_cropped.png,police,healthy,standing,rain,night,26,50,5,540,720,580,660,5,2,2bc84ab4-8142-474f-b88d-23b116ea2544,2025-07-28 16:07:44.440,jimmy,202
save,data/data/test_images/healthy/g_0034_n_r_s_cropped.png,elderly,healthy,standing,rain,night,24,50,6,620,740,580,660,5,2,2bc84ab4-8142-474f-b88d-23b116ea2544,2025-07-28 16:07:44.440,jimmy,202
save,data/data/test_images/injured/p_0128_n_r_i_cropped.png,police,injured,injured,rain,night,22,50,7,580,780,580,680,5,2,2bc84ab4-8142-474f-b88d-23b116ea2544,2025-07-28 16:07:44.440,jimmy,202
save,data/data/test_images/injured/do_0054_n_r_i_cropped.png,doctor,injured,injured,rain,night,19,50,8,600,800,580,720,5,2,2bc84ab4-8142-474f-b88d-23b116ea2544,2025-07-28 16:07:44.440,jimmy,202
squish,data/data/test_images/zombie/g_z_0195_d_s_cropped.png,elderly,zombie,standing,sunny,day,15,50,9,580,840,580,800,5,2,2bc84ab4-8142-474f-b88d-23b116ea2544,2025-07-28 16:07:44.440,jimmy,202
squish,data/data/test_images/corpse/do_c_0111_d_cropped.png,doctor,corpse,injured,sunny,day,13,50,9,620,800,560,800,5,2,2bc84ab4-8142-474f-b88d-23b116ea2544,2025-07-28 16:07:44.440,jimmy,202
squish,data/data/test_images/zombie/m_z_0019_n_r_s_cropped.png,business,zombie,standing,rain,night,10,50,9,620,780,560,800,5,2,2bc84ab4-8142-474f-b88d-23b116ea2544,2025-07-28 16:07:44.440,jimmy,202
save,data/data/test_images/healthy/do_0085_d_s_cropped.png,doctor,healthy,standing,sunny,day,7,50,9,660,740,540,800,5,2,2bc84ab4-8142-474f-b88d-23b116ea2544,2025-07-28 16:07:44.440,jimmy,202
save,data/data/test_images/injured/p_0025_d_i_cropped.png,police,injured,injured,sunny,day,5,50,10,700,780,540,840,5,2,2bc84ab4-8142-474f-b88d-23b116ea2544,2025-07-28 16:07:44.440,jimmy,202
save,data/data/test_images/healthy/do_0160_n_r_s_cropped.png,doctor,healthy,standing,rain,night,3,50,11,720,800,540,880,5,2,2bc84ab4-8142-474f-b88d-23b116ea2544,2025-07-28 16:07:44.440,jimmy,202
scram,data/data/test_images/zombie/z_0018_d_s_cropped.png,default,zombie,standing,sunny,day,1,50,12,760,840,540,920,5,2,2bc84ab4-8142-474f-b88d-23b116ea2544,2025-07-28 16:07:44.440,jimmy,202
squish,data/data/test_images/corpse/g_c_0059_n_r_cropped.png,elderly,corpse,injured,rain,night,100,120,0,500,500,500,500,1,1,2ac49c3d-4135-4e43-8b0b-8c45c7e5a54f,2025-07-28 16:42:04.948,jimmy,203
squish,data/data/test_images/zombie/p_z_0055_d_s_cropped.png,police,zombie,standing,sunny,day,95,120,0,500,480,500,500,1,1,2ac49c3d-4135-4e43-8b0b-8c45c7e5a54f,2025-07-28 16:42:04.948,jimmy,203
save,data/data/test_images/injured/g_0176_n_r_i_cropped.png,elderly,injured,injured,rain,night,88,120,0,540,440,480,500,1,1,2ac49c3d-4135-4e43-8b0b-8c45c7e5a54f,2025-07-28 16:42:04.948,jimmy,203
squish,data/data/test_images/zombie/z_0023_n_r_s_cropped.png,default,zombie,standing,rain,night,85,120,1,440,480,480,560,1,1,2ac49c3d-4135-4e43-8b0b-8c45c7e5a54f,2025-07-28 16:42:04.948,jimmy,203
skip,data/data/test_images/zombie/g_z_0004_n_r_s_cropped.png,elderly,zombie,standing,rain,night,78,120,1,480,440,460,560,1,1,2ac49c3d-4135-4e43-8b0b-8c45c7e5a54f,2025-07-28 16:42:04.948,jimmy,203
save,data/data/test_images/injured/do_0195_d_i_cropped.png,doctor,injured,injured,sunny,day,75,120,1,460,440,460,560,1,1,2ac49c3d-4135-4e43-8b0b-8c45c7e5a54f,2025-07-28 16:42:04.948,jimmy,203
save,data/data/test_images/injured/p_0105_d_i_cropped.png,police,injured,injured,sunny,day,71,120,2,440,480,460,640,1,1,2ac49c3d-4135-4e43-8b0b-8c45c7e5a54f,2025-07-28 16:42:04.948,jimmy,203
skip,data/data/test_images/injured/h_0095_n_r_i_cropped.png,default,injured,injured,rain,night,68,120,3,460,500,460,680,1,1,2ac49c3d-4135-4e43-8b0b-8c45c7e5a54f,2025-07-28 16:42:04.948,jimmy,203
save,data/data/test_images/injured/do_0155_n_r_i_cropped.png,doctor,injured,injured,rain,night,63,120,3,440,500,460,680,1,1,2ac49c3d-4135-4e43-8b0b-8c45c7e5a54f,2025-07-28 16:42:04.948,jimmy,203
squish,data/data/test_images/healthy/h_0016_n_r_s_cropped.png,default,healthy,standing,rain,night,61,120,4,420,540,460,760,1,1,2ac49c3d-4135-4e43-8b0b-8c45c7e5a54f,2025-07-28 16:42:04.948,jimmy,203
squish,data/data/test_images/corpse/c_0087_n_r_cropped.png,default,corpse,injured,rain,night,58,120,4,460,500,440,760,1,1,2ac49c3d-4135-4e43-8b0b-8c45c7e5a54f,2025-07-28 16:42:04.948,jimmy,203
skip,data/data/test_images/healthy/m_0171_d_s_cropped.png,business,healthy,standing,sunny,day,55,120,4,460,480,440,760,1,1,2ac49c3d-4135-4e43-8b0b-8c45c7e5a54f,2025-07-28 16:42:04.948,jimmy,203
skip,data/data/test_images/healthy/g_0057_n_r_s_cropped.png,elderly,healthy,standing,rain,night,51,120,4,440,480,440,760,1,1,2ac49c3d-4135-4e43-8b0b-8c45c7e5a54f,2025-07-28 16:42:04.948,jimmy,203
skip,data/data/test_images/corpse/m_c_0121_d_cropped.png,business,corpse,injured,sunny,day,40,120,4,420,480,440,740,1,1,2ac49c3d-4135-4e43-8b0b-8c45c7e5a54f,2025-07-28 16:42:04.948,jimmy,203
save,data/data/test_images/healthy/do_0007_d_s_cropped.png,doctor,healthy,standing,sunny,day,37,120,4,400,480,440,740,1,1,2ac49c3d-4135-4e43-8b0b-8c45c7e5a54f,2025-07-28 16:42:04.948,jimmy,203
squish,data/data/test_images/corpse/do_c_0113_n_r_cropped.png,doctor,corpse,injured,rain,night,34,120,5,440,520,440,780,1,1,2ac49c3d-4135-4e43-8b0b-8c45c7e5a54f,2025-07-28 16:42:04.948,jimmy,203
save,data/data/test_images/injured/g_0136_n_r_i_cropped.png,elderly,injured,injured,rain,night,29,120,5,440,500,440,780,1,1,2ac49c3d-4135-4e43-8b0b-8c45c7e5a54f,2025-07-28 16:42:04.948,jimmy,203
squish,data/data/test_images/healthy/h_0066_n_r_s_cropped.png,default,healthy,standing,rain,night,26,120,6,340,540,440,840,1,1,2ac49c3d-4135-4e43-8b0b-8c45c7e5a54f,2025-07-28 16:42:04.948,jimmy,203
save,data/data/test_images/healthy/p_0097_d_s_cropped.png,police,healthy,standing,sunny,day,23,120,6,380,500,420,840,1,1,2ac49c3d-4135-4e43-8b0b-8c45c7e5a54f,2025-07-28 16:42:04.948,jimmy,203
squish,data/data/test_images/corpse/m_c_0172_d_cropped.png,business,corpse,injured,sunny,day,19,120,7,460,520,420,840,1,1,2ac49c3d-4135-4e43-8b0b-8c45c7e5a54f,2025-07-28 16:42:04.948,jimmy,203
squish,data/data/test_images/injured/h_0118_d_i_cropped.png,default,injured,injured,sunny,day,17,120,7,460,500,420,840,1,1,2ac49c3d-4135-4e43-8b0b-8c45c7e5a54f,2025-07-28 16:42:04.948,jimmy,203
squish,data/data/test_images/corpse/do_c_0148_d_cropped.png,doctor,corpse,injured,sunny,day,14,120,7,500,460,400,840,1,1,2ac49c3d-4135-4e43-8b0b-8c45c7e5a54f,2025-07-28 16:42:04.948,jimmy,203
squish,data/data/test_images/zombie/z_0069_n_r_s_cropped.png,default,zombie,standing,rain,night,12,120,7,500,440,400,840,1,1,2ac49c3d-4135-4e43-8b0b-8c45c7e5a54f,2025-07-28 16:42:04.948,jimmy,203
skip,data/data/test_images/corpse/m_c_0140_n_r_cropped.png,business,corpse,injured,rain,night,7,120,7,540,400,380,840,1,1,2ac49c3d-4135-4e43-8b0b-8c45c7e5a54f,2025-07-28 16:42:04.948,jimmy,203
skip,data/data/test_images/injured/g_0110_n_r_i_cropped.png,elderly,injured,injured,rain,night,3,120,7,520,400,380,840,1,1,2ac49c3d-4135-4e43-8b0b-8c45c7e5a54f,2025-07-28 16:42:04.948,jimmy,203
squish,data/data/test_images/zombie/z_0138_n_r_s_cropped.png,default,zombie,standing,rain,night,82,85,0,520,400,380,780,1,2,2ac49c3d-4135-4e43-8b0b-8c45c7e5a54f,2025-07-28 16:42:04.948,jimmy,203
squish,data/data/test_images/corpse/p_c_0157_d_cropped.png,police,corpse,injured,sunny,day,79,85,0,560,360,360,780,1,2,2ac49c3d-4135-4e43-8b0b-8c45c7e5a54f,2025-07-28 16:42:04.948,jimmy,203
squish,data/data/test_images/zombie/do_z_0008_d_s_cropped.png,doctor,zombie,standing,sunny,day,77,85,0,560,340,360,780,1,2,2ac49c3d-4135-4e43-8b0b-8c45c7e5a54f,2025-07-28 16:42:04.948,jimmy,203
squish,data/data/test_images/zombie/p_z_0075_d_s_cropped.png,police,zombie,standing,sunny,day,75,85,0,600,300,340,780,1,2,2ac49c3d-4135-4e43-8b0b-8c45c7e5a54f,2025-07-28 16:42:04.948,jimmy,203
save,data/data/test_images/injured/p_0060_d_i_cropped.png,police,injured,injured,sunny,day,73,85,0,640,260,320,780,1,2,2ac49c3d-4135-4e43-8b0b-8c45c7e5a54f,2025-07-28 16:42:04.948,jimmy,203
skip,data/data/test_images/healthy/g_0188_n_r_s_cropped.png,elderly,healthy,standing,rain,night,70,85,1,660,280,320,820,1,2,2ac49c3d-4135-4e43-8b0b-8c45c7e5a54f,2025-07-28 16:42:04.948,jimmy,203
squish,data/data/test_images/zombie/g_z_0150_d_s_cropped.png,elderly,zombie,standing,sunny,day,67,85,1,640,280,320,800,1,2,2ac49c3d-4135-4e43-8b0b-8c45c7e5a54f,2025-07-28 16:42:04.948,jimmy,203
save,data/data/test_images/healthy/do_0097_d_s_cropped.png,doctor,healthy,standing,sunny,day,65,85,1,680,240,300,800,1,2,2ac49c3d-4135-4e43-8b0b-8c45c7e5a54f,2025-07-28 16:42:04.948,jimmy,203
squish,data/data/test_images/injured/g_0178_d_i_cropped.png,elderly,injured,injured,sunny,day,62,85,2,720,280,300,840,1,2,2ac49c3d-4135-4e43-8b0b-8c45c7e5a54f,2025-07-28 16:42:04.948,jimmy,203
squish,data/data/test_images/corpse/do_c_0124_d_cropped.png,doctor,corpse,injured,sunny,day,60,85,2,720,260,300,800,1,2,2ac49c3d-4135-4e43-8b0b-8c45c7e5a54f,2025-07-28 16:42:04.948,jimmy,203
squish,data/data/test_images/zombie/m_z_0123_n_r_s_cropped.png,business,zombie,standing,rain,night,57,85,2,720,240,300,800,1,2,2ac49c3d-4135-4e43-8b0b-8c45c7e5a54f,2025-07-28 16:42:04.948,jimmy,203
skip,data/data/test_images/healthy/h_0015_d_s_cropped.png,default,healthy,standing,sunny,day,53,85,2,760,200,280,800,1,2,2ac49c3d-4135-4e43-8b0b-8c45c7e5a54f,2025-07-28 16:42:04.948,jimmy,203
save,data/data/test_images/injured/do_0083_d_i_cropped.png,doctor,injured,injured,sunny,day,51,85,2,740,200,280,800,1,2,2ac49c3d-4135-4e43-8b0b-8c45c7e5a54f,2025-07-28 16:42:04.948,jimmy,203
squish,data/data/test_images/zombie/m_z_0046_d_s_cropped.png,business,zombie,standing,sunny,day,49,85,3,720,240,280,880,1,2,2ac49c3d-4135-4e43-8b0b-8c45c7e5a54f,2025-07-28 16:42:04.948,jimmy,203
skip,data/data/test_images/healthy/h_0118_n_r_s_cropped.png,default,healthy,standing,rain,night,45,85,3,760,200,260,880,1,2,2ac49c3d-4135-4e43-8b0b-8c45c7e5a54f,2025-07-28 16:42:04.948,jimmy,203
save,data/data/test_images/healthy/h_0112_d_s_cropped.png,default,healthy,standing,sunny,day,42,85,3,740,200,260,880,1,2,2ac49c3d-4135-4e43-8b0b-8c45c7e5a54f,2025-07-28 16:42:04.948,jimmy,203
save,data/data/test_images/injured/g_0125_d_i_cropped.png,elderly,injured,injured,sunny,day,39,85,4,700,240,340,840,1,2,2ac49c3d-4135-4e43-8b0b-8c45c7e5a54f,2025-07-28 16:42:04.948,jimmy,203
squish,data/data/test_images/zombie/m_z_0094_n_r_s_cropped.png,business,zombie,standing,rain,night,37,85,5,600,280,340,900,1,2,2ac49c3d-4135-4e43-8b0b-8c45c7e5a54f,2025-07-28 16:42:04.948,jimmy,203
squish,data/data/test_images/corpse/do_c_0021_d_cropped.png,doctor,corpse,injured,sunny,day,34,85,5,640,240,320,900,1,2,2ac49c3d-4135-4e43-8b0b-8c45c7e5a54f,2025-07-28 16:42:04.948,jimmy,203
save,data/data/test_images/injured/g_0012_d_i_cropped.png,elderly,injured,injured,sunny,day,31,85,5,640,220,320,900,1,2,2ac49c3d-4135-4e43-8b0b-8c45c7e5a54f,2025-07-28 16:42:04.948,jimmy,203
squish,data/data/test_images/zombie/z_0072_d_s_cropped.png,default,zombie,standing,sunny,day,28,85,6,540,260,320,960,1,2,2ac49c3d-4135-4e43-8b0b-8c45c7e5a54f,2025-07-28 16:42:04.948,jimmy,203
squish,data/data/test_images/zombie/p_z_0181_n_r_s_cropped.png,police,zombie,standing,rain,night,26,85,6,580,220,300,960,1,2,2ac49c3d-4135-4e43-8b0b-8c45c7e5a54f,2025-07-28 16:42:04.948,jimmy,203
squish,data/data/test_images/injured/m_0092_n_r_i_cropped.png,business,injured,injured,rain,night,24,85,6,620,180,280,960,1,2,2ac49c3d-4135-4e43-8b0b-8c45c7e5a54f,2025-07-28 16:42:04.948,jimmy,203
skip,data/data/test_images/corpse/m_c_0063_n_r_cropped.png,business,corpse,injured,rain,night,18,85,6,620,160,340,920,1,2,2ac49c3d-4135-4e43-8b0b-8c45c7e5a54f,2025-07-28 16:42:04.948,jimmy,203
squish,data/data/test_images/corpse/c_0046_d_cropped.png,default,corpse,injured,sunny,day,11,85,6,600,160,340,920,1,2,2ac49c3d-4135-4e43-8b0b-8c45c7e5a54f,2025-07-28 16:42:04.948,jimmy,203
squish,data/data/test_images/zombie/m_z_0013_d_s_cropped.png,business,zombie,standing,sunny,day,9,85,6,600,140,340,920,1,2,2ac49c3d-4135-4e43-8b0b-8c45c7e5a54f,2025-07-28 16:42:04.948,jimmy,203
squish,data/data/test_images/corpse/c_0153_n_r_cropped.png,default,corpse,injured,rain,night,6,85,6,640,100,320,920,1,2,2ac49c3d-4135-4e43-8b0b-8c45c7e5a54f,2025-07-28 16:42:04.948,jimmy,203
save,data/data/test_images/injured/p_0017_d_i_cropped.png,police,injured,injured,sunny,day,4,85,6,640,80,320,920,1,2,2ac49c3d-4135-4e43-8b0b-8c45c7e5a54f,2025-07-28 16:42:04.948,jimmy,203
squish,data/data/test_images/zombie/z_0051_d_s_cropped.png,default,zombie,standing,sunny,day,1,85,7,660,100,320,960,1,2,2ac49c3d-4135-4e43-8b0b-8c45c7e5a54f,2025-07-28 16:42:04.948,jimmy,203
save,data/data/test_images/corpse/g_c_0178_d_cropped.png,elderly,corpse,injured,sunny,day,35,38,0,700,60,300,960,1,3,2ac49c3d-4135-4e43-8b0b-8c45c7e5a54f,2025-07-28 16:42:04.948,jimmy,203
squish,data/data/test_images/zombie/m_z_0084_d_s_cropped.png,business,zombie,standing,sunny,day,33,38,1,700,60,300,940,1,3,2ac49c3d-4135-4e43-8b0b-8c45c7e5a54f,2025-07-28 16:42:04.948,jimmy,203
save,data/data/test_images/corpse/m_c_0148_n_r_cropped.png,business,corpse,injured,rain,night,29,38,1,740,20,280,940,1,3,2ac49c3d-4135-4e43-8b0b-8c45c7e5a54f,2025-07-28 16:42:04.948,jimmy,203
squish,data/data/test_images/zombie/z_do_0156_n_r_s_cropped.png,default,zombie,standing,rain,night,27,38,2,740,20,280,920,1,3,2ac49c3d-4135-4e43-8b0b-8c45c7e5a54f,2025-07-28 16:42:04.948,jimmy,203
save,data/data/test_images/healthy/h_0146_d_s_cropped.png,default,healthy,standing,sunny,day,25,38,2,780,0,260,920,1,3,2ac49c3d-4135-4e43-8b0b-8c45c7e5a54f,2025-07-28 16:42:04.948,jimmy,203
skip,data/data/test_images/corpse/g_c_0180_n_r_cropped.png,elderly,corpse,injured,rain,night,23,38,3,740,40,340,880,1,3,2ac49c3d-4135-4e43-8b0b-8c45c7e5a54f,2025-07-28 16:42:04.948,jimmy,203
save,data/data/test_images/healthy/h_0026_n_r_s_cropped.png,default,healthy,standing,rain,night,18,38,3,720,40,340,880,1,3,2ac49c3d-4135-4e43-8b0b-8c45c7e5a54f,2025-07-28 16:42:04.948,jimmy,203
squish,data/data/test_images/zombie/do_z_0093_d_s_cropped.png,doctor,zombie,standing,sunny,day,16,38,4,680,80,420,840,1,3,2ac49c3d-4135-4e43-8b0b-8c45c7e5a54f,2025-07-28 16:42:04.948,jimmy,203
squish,data/data/test_images/zombie/z_0175_d_s_cropped.png,default,zombie,standing,sunny,day,14,38,4,720,40,400,840,1,3,2ac49c3d-4135-4e43-8b0b-8c45c7e5a54f,2025-07-28 16:42:04.948,jimmy,203
save,data/data/test_images/zombie/m_z_0020_n_r_s_cropped.png,business,zombie,standing,rain,night,11,38,4,760,0,380,840,1,3,2ac49c3d-4135-4e43-8b0b-8c45c7e5a54f,2025-07-28 16:42:04.948,jimmy,203
save,data/data/test_images/healthy/h_0089_d_s_cropped.png,default,healthy,standing,sunny,day,9,38,5,720,40,460,800,1,3,2ac49c3d-4135-4e43-8b0b-8c45c7e5a54f,2025-07-28 16:42:04.948,jimmy,203
save,data/data/test_images/injured/do_0084_d_i_cropped.png,doctor,injured,injured,sunny,day,7,38,6,680,80,540,760,1,3,2ac49c3d-4135-4e43-8b0b-8c45c7e5a54f,2025-07-28 16:42:04.948,jimmy,203
save,data/data/test_images/healthy/p_0108_d_s_cropped.png,police,healthy,standing,sunny,day,5,38,7,660,120,540,840,1,3,2ac49c3d-4135-4e43-8b0b-8c45c7e5a54f,2025-07-28 16:42:04.948,jimmy,203
save,data/data/test_images/injured/h_0093_d_i_cropped.png,default,injured,injured,sunny,day,2,38,8,740,140,540,840,1,3,2ac49c3d-4135-4e43-8b0b-8c45c7e5a54f,2025-07-28 16:42:04.948,jimmy,203
save,data/data/test_images/corpse/do_c_0164_d_cropped.png,doctor,corpse,injured,sunny,day,72,75,0,500,500,500,500,2,1,2ac49c3d-4135-4e43-8b0b-8c45c7e5a54f,2025-07-28 16:42:04.948,jimmy,203
squish,data/data/test_images/zombie/p_z_0182_d_s_cropped.png,police,zombie,standing,sunny,day,68,75,1,500,500,500,480,2,1,2ac49c3d-4135-4e43-8b0b-8c45c7e5a54f,2025-07-28 16:42:04.948,jimmy,203
squish,data/data/test_images/injured/m_0073_n_r_i_cropped.png,business,injured,injured,rain,night,62,75,1,540,460,480,480,2,1,2ac49c3d-4135-4e43-8b0b-8c45c7e5a54f,2025-07-28 16:42:04.948,jimmy,203
save,data/data/test_images/healthy/h_0023_n_r_s_cropped.png,default,healthy,standing,rain,night,60,75,1,540,440,540,440,2,1,2ac49c3d-4135-4e43-8b0b-8c45c7e5a54f,2025-07-28 16:42:04.948,jimmy,203
squish,data/data/test_images/corpse/do_c_0010_n_r_cropped.png,doctor,corpse,injured,rain,night,57,75,2,500,480,620,400,2,1,2ac49c3d-4135-4e43-8b0b-8c45c7e5a54f,2025-07-28 16:42:04.948,jimmy,203
save,data/data/test_images/injured/h_0060_d_i_cropped.png,default,injured,injured,sunny,day,54,75,2,500,460,620,400,2,1,2ac49c3d-4135-4e43-8b0b-8c45c7e5a54f,2025-07-28 16:42:04.948,jimmy,203
save,data/data/test_images/zombie/z_0107_d_s_cropped.png,default,zombie,standing,sunny,day,51,75,3,460,500,700,360,2,1,2ac49c3d-4135-4e43-8b0b-8c45c7e5a54f,2025-07-28 16:42:04.948,jimmy,203
save,data/data/test_images/injured/p_0175_d_i_cropped.png,police,injured,injured,sunny,day,49,75,4,420,540,780,320,2,1,2ac49c3d-4135-4e43-8b0b-8c45c7e5a54f,2025-07-28 16:42:04.948,jimmy,203
squish,data/data/test_images/corpse/do_c_0013_n_r_cropped.png,doctor,corpse,injured,rain,night,47,75,5,440,560,780,360,2,1,2ac49c3d-4135-4e43-8b0b-8c45c7e5a54f,2025-07-28 16:42:04.948,jimmy,203
squish,data/data/test_images/corpse/g_c_0161_n_r_cropped.png,elderly,corpse,injured,rain,night,44,75,5,440,540,780,360,2,1,2ac49c3d-4135-4e43-8b0b-8c45c7e5a54f,2025-07-28 16:42:04.948,jimmy,203
save,data/data/test_images/injured/h_0148_n_r_i_cropped.png,default,injured,injured,rain,night,42,75,5,440,520,780,360,2,1,2ac49c3d-4135-4e43-8b0b-8c45c7e5a54f,2025-07-28 16:42:04.948,jimmy,203
skip,data/data/test_images/corpse/do_c_0029_n_r_cropped.png,doctor,corpse,injured,rain,night,38,75,6,400,560,860,320,2,1,2ac49c3d-4135-4e43-8b0b-8c45c7e5a54f,2025-07-28 16:42:04.948,jimmy,203
save,data/data/test_images/injured/m_0047_n_r_i_cropped.png,business,injured,injured,rain,night,35,75,6,380,560,860,320,2,1,2ac49c3d-4135-4e43-8b0b-8c45c7e5a54f,2025-07-28 16:42:04.948,jimmy,203
save,data/data/test_images/injured/p_0152_n_r_i_cropped.png,police,injured,injured,rain,night,33,75,7,360,600,880,360,2,1,2ac49c3d-4135-4e43-8b0b-8c45c7e5a54f,2025-07-28 16:42:04.948,jimmy,203
skip,data/data/test_images/corpse/m_c_0010_d_cropped.png,business,corpse,injured,sunny,day,29,75,8,380,620,880,400,2,1,2ac49c3d-4135-4e43-8b0b-8c45c7e5a54f,2025-07-28 16:42:04.948,jimmy,203
save,data/data/test_images/injured/m_0123_d_i_cropped.png,business,injured,injured,sunny,day,27,75,8,360,620,880,400,2,1,2ac49c3d-4135-4e43-8b0b-8c45c7e5a54f,2025-07-28 16:42:04.948,jimmy,203
save,data/data/test_images/injured/h_0049_n_r_i_cropped.png,default,injured,injured,rain,night,25,75,9,340,660,900,440,2,1,2ac49c3d-4135-4e43-8b0b-8c45c7e5a54f,2025-07-28 16:42:04.948,jimmy,203
save,data/data/test_images/injured/p_0000_n_r_i_cropped.png,police,injured,injured,rain,night,19,75,10,300,700,980,400,2,1,2ac49c3d-4135-4e43-8b0b-8c45c7e5a54f,2025-07-28 16:42:04.948,jimmy,203
squish,data/data/test_images/corpse/do_c_0086_d_cropped.png,doctor,corpse,injured,sunny,day,17,75,11,320,720,980,440,2,1,2ac49c3d-4135-4e43-8b0b-8c45c7e5a54f,2025-07-28 16:42:04.948,jimmy,203
squish,data/data/test_images/corpse/p_c_0007_d_cropped.png,police,corpse,injured,sunny,day,14,75,11,320,700,980,440,2,1,2ac49c3d-4135-4e43-8b0b-8c45c7e5a54f,2025-07-28 16:42:04.948,jimmy,203
save,data/data/test_images/healthy/p_0074_d_s_cropped.png,police,healthy,standing,sunny,day,12,75,11,320,680,980,440,2,1,2ac49c3d-4135-4e43-8b0b-8c45c7e5a54f,2025-07-28 16:42:04.948,jimmy,203
scram,data/data/test_images/corpse/p_c_0079_n_r_cropped.png,police,corpse,injured,rain,night,9,75,12,400,700,980,440,2,1,2ac49c3d-4135-4e43-8b0b-8c45c7e5a54f,2025-07-28 16:42:04.948,jimmy,203
save,data/data/test_images/injured/do_0111_d_i_cropped.png,doctor,injured,injured,sunny,day,3,75,0,400,700,980,440,2,1,2ac49c3d-4135-4e43-8b0b-8c45c7e5a54f,2025-07-28 16:42:04.948,jimmy,203
squish,data/data/test_images/corpse/c_0052_d_cropped.png,default,corpse,injured,sunny,day,1,75,1,380,740,980,520,2,1,2ac49c3d-4135-4e43-8b0b-8c45c7e5a54f,2025-07-28 16:42:04.948,jimmy,203
squish,data/data/test_images/zombie/p_z_0191_d_s_cropped.png,police,zombie,standing,sunny,day,36,38,0,380,720,980,520,2,2,2ac49c3d-4135-4e43-8b0b-8c45c7e5a54f,2025-07-28 16:42:04.948,jimmy,203
save,data/data/test_images/zombie/m_z_0079_n_r_s_cropped.png,business,zombie,standing,rain,night,33,38,0,420,680,960,520,2,2,2ac49c3d-4135-4e43-8b0b-8c45c7e5a54f,2025-07-28 16:42:04.948,jimmy,203
squish,data/data/test_images/injured/h_0148_n_r_i_cropped.png,default,injured,injured,rain,night,29,38,1,380,720,1000,480,2,2,2ac49c3d-4135-4e43-8b0b-8c45c7e5a54f,2025-07-28 16:42:04.948,jimmy,203
save,data/data/test_images/injured/m_0157_d_i_cropped.png,business,injured,injured,sunny,day,25,38,1,420,680,980,480,2,2,2ac49c3d-4135-4e43-8b0b-8c45c7e5a54f,2025-07-28 16:42:04.948,jimmy,203
squish,data/data/test_images/corpse/do_c_0086_d_cropped.png,doctor,corpse,injured,sunny,day,23,38,2,400,720,1000,520,2,2,2ac49c3d-4135-4e43-8b0b-8c45c7e5a54f,2025-07-28 16:42:04.948,jimmy,203
save,data/data/test_images/healthy/p_0149_n_r_s_cropped.png,police,healthy,standing,rain,night,20,38,2,400,700,1000,520,2,2,2ac49c3d-4135-4e43-8b0b-8c45c7e5a54f,2025-07-28 16:42:04.948,jimmy,203
squish,data/data/test_images/corpse/g_c_0087_n_r_cropped.png,elderly,corpse,injured,rain,night,15,38,3,480,720,1000,520,2,2,2ac49c3d-4135-4e43-8b0b-8c45c7e5a54f,2025-07-28 16:42:04.948,jimmy,203
save,data/data/test_images/injured/p_0134_n_r_i_cropped.png,police,injured,injured,rain,night,13,38,3,480,700,1000,520,2,2,2ac49c3d-4135-4e43-8b0b-8c45c7e5a54f,2025-07-28 16:42:04.948,jimmy,203
save,data/data/test_images/corpse/g_c_0127_n_r_cropped.png,elderly,corpse,injured,rain,night,10,38,4,500,720,1000,560,2,2,2ac49c3d-4135-4e43-8b0b-8c45c7e5a54f,2025-07-28 16:42:04.948,jimmy,203
squish,data/data/test_images/zombie/m_z_0174_d_s_cropped.png,business,zombie,standing,sunny,day,7,38,5,500,720,1000,540,2,2,2ac49c3d-4135-4e43-8b0b-8c45c7e5a54f,2025-07-28 16:42:04.948,jimmy,203
save,data/data/test_images/corpse/m_c_0175_d_cropped.png,business,corpse,injured,sunny,day,5,38,5,540,680,980,540,2,2,2ac49c3d-4135-4e43-8b0b-8c45c7e5a54f,2025-07-28 16:42:04.948,jimmy,203
squish,data/data/test_images/zombie/z_do_0045_n_r_s_cropped.png,default,zombie,standing,rain,night,3,38,6,540,680,980,520,2,2,2ac49c3d-4135-4e43-8b0b-8c45c7e5a54f,2025-07-28 16:42:04.948,jimmy,203
save,data/data/test_images/zombie/g_z_0108_n_r_s_cropped.png,elderly,zombie,standing,rain,night,0,38,6,580,640,960,520,2,2,2ac49c3d-4135-4e43-8b0b-8c45c7e5a54f,2025-07-28 16:42:04.948,jimmy,203
skip,data/data/test_images/injured/h_0086_d_i_cropped.png,default,injured,injured,sunny,day,49,51,0,540,680,1000,480,2,3,2ac49c3d-4135-4e43-8b0b-8c45c7e5a54f,2025-07-28 16:42:04.948,jimmy,203
save,data/data/test_images/injured/do_0181_d_i_cropped.png,doctor,injured,injured,sunny,day,45,51,0,520,680,1000,480,2,3,2ac49c3d-4135-4e43-8b0b-8c45c7e5a54f,2025-07-28 16:42:04.948,jimmy,203
squish,data/data/test_images/injured/m_0100_n_r_i_cropped.png,business,injured,injured,rain,night,42,51,1,500,720,1000,560,2,3,2ac49c3d-4135-4e43-8b0b-8c45c7e5a54f,2025-07-28 16:42:04.948,jimmy,203
save,data/data/test_images/healthy/p_0051_d_s_cropped.png,police,healthy,standing,sunny,day,39,51,1,500,700,1000,520,2,3,2ac49c3d-4135-4e43-8b0b-8c45c7e5a54f,2025-07-28 16:42:04.948,jimmy,203
squish,data/data/test_images/zombie/g_z_0162_d_s_cropped.png,elderly,zombie,standing,sunny,day,38,51,2,580,720,1000,520,2,3,2ac49c3d-4135-4e43-8b0b-8c45c7e5a54f,2025-07-28 16:42:04.948,jimmy,203
save,data/data/test_images/healthy/p_0143_n_r_s_cropped.png,police,healthy,standing,rain,night,36,51,2,620,680,980,520,2,3,2ac49c3d-4135-4e43-8b0b-8c45c7e5a54f,2025-07-28 16:42:04.948,jimmy,203
skip,data/data/test_images/corpse/g_c_0048_n_r_cropped.png,elderly,corpse,injured,rain,night,33,51,3,700,700,980,520,2,3,2ac49c3d-4135-4e43-8b0b-8c45c7e5a54f,2025-07-28 16:42:04.948,jimmy,203
save,data/data/test_images/corpse/g_c_0169_n_r_cropped.png,elderly,corpse,injured,rain,night,30,51,3,680,700,980,520,2,3,2ac49c3d-4135-4e43-8b0b-8c45c7e5a54f,2025-07-28 16:42:04.948,jimmy,203
save,data/data/test_images/injured/p_0155_d_i_cropped.png,police,injured,injured,sunny,day,27,51,4,680,700,980,500,2,3,2ac49c3d-4135-4e43-8b0b-8c45c7e5a54f,2025-07-28 16:42:04.948,jimmy,203
save,data/data/test_images/injured/m_0189_n_r_i_cropped.png,business,injured,injured,rain,night,23,51,5,700,720,980,540,2,3,2ac49c3d-4135-4e43-8b0b-8c45c7e5a54f,2025-07-28 16:42:04.948,jimmy,203
squish,data/data/test_images/corpse/do_c_0043_d_cropped.png,doctor,corpse,injured,sunny,day,22,51,6,680,760,1000,580,2,3,2ac49c3d-4135-4e43-8b0b-8c45c7e5a54f,2025-07-28 16:42:04.948,jimmy,203
squish,data/data/test_images/corpse/g_c_0056_d_cropped.png,elderly,corpse,injured,sunny,day,19,51,6,680,740,1000,580,2,3,2ac49c3d-4135-4e43-8b0b-8c45c7e5a54f,2025-07-28 16:42:04.948,jimmy,203
save,data/data/test_images/healthy/h_0093_d_s_cropped.png,default,healthy,standing,sunny,day,16,51,6,680,720,1000,580,2,3,2ac49c3d-4135-4e43-8b0b-8c45c7e5a54f,2025-07-28 16:42:04.948,jimmy,203
squish,data/data/test_images/zombie/z_do_0084_n_r_s_cropped.png,default,zombie,standing,rain,night,14,51,7,640,760,1000,540,2,3,2ac49c3d-4135-4e43-8b0b-8c45c7e5a54f,2025-07-28 16:42:04.948,jimmy,203
save,data/data/test_images/healthy/do_0047_n_r_s_cropped.png,doctor,healthy,standing,rain,night,11,51,7,680,720,980,540,2,3,2ac49c3d-4135-4e43-8b0b-8c45c7e5a54f,2025-07-28 16:42:04.948,jimmy,203
skip,data/data/test_images/injured/g_0090_d_i_cropped.png,elderly,injured,injured,sunny,day,9,51,8,720,760,980,580,2,3,2ac49c3d-4135-4e43-8b0b-8c45c7e5a54f,2025-07-28 16:42:04.948,jimmy,203
squish,data/data/test_images/zombie/do_z_0143_d_s_cropped.png,doctor,zombie,standing,sunny,day,6,51,8,720,760,980,520,2,3,2ac49c3d-4135-4e43-8b0b-8c45c7e5a54f,2025-07-28 16:42:04.948,jimmy,203
squish,data/data/test_images/corpse/c_0040_n_r_cropped.png,default,corpse,injured,rain,night,3,51,8,760,720,960,520,2,3,2ac49c3d-4135-4e43-8b0b-8c45c7e5a54f,2025-07-28 16:42:04.948,jimmy,203
squish,data/data/test_images/zombie/p_z_0117_n_r_s_cropped.png,police,zombie,standing,rain,night,1,51,8,760,700,960,520,2,3,2ac49c3d-4135-4e43-8b0b-8c45c7e5a54f,2025-07-28 16:42:04.948,jimmy,203
save,data/data/test_images/healthy/do_0088_d_s_cropped.png,doctor,healthy,standing,sunny,day,0,51,8,800,660,940,520,2,3,2ac49c3d-4135-4e43-8b0b-8c45c7e5a54f,2025-07-28 16:42:04.948,jimmy,203
squish,data/data/test_images/corpse/p_c_0152_d_cropped.png,police,corpse,injured,sunny,day,110,120,0,500,500,500,500,1,1,308432a4-ec29-4045-9ca0-1c38bb771e2f,2025-07-28 17:08:44.258,jimmy,204
save,data/data/test_images/injured/m_0003_d_i_cropped.png,business,injured,injured,sunny,day,87,120,0,500,480,500,500,1,1,308432a4-ec29-4045-9ca0-1c38bb771e2f,2025-07-28 17:08:44.258,jimmy,204
save,data/data/test_images/healthy/p_0086_n_r_s_cropped.png,police,healthy,standing,rain,night,83,120,1,480,520,520,540,1,1,308432a4-ec29-4045-9ca0-1c38bb771e2f,2025-07-28 17:08:44.258,jimmy,204
squish,data/data/test_images/injured/g_0018_d_i_cropped.png,elderly,injured,injured,sunny,day,79,120,2,560,540,520,540,1,1,308432a4-ec29-4045-9ca0-1c38bb771e2f,2025-07-28 17:08:44.258,jimmy,204
squish,data/data/test_images/healthy/m_0088_n_r_s_cropped.png,business,healthy,standing,rain,night,76,120,2,560,520,520,500,1,1,308432a4-ec29-4045-9ca0-1c38bb771e2f,2025-07-28 17:08:44.258,jimmy,204
save,data/data/test_images/healthy/g_0009_n_r_s_cropped.png,elderly,healthy,standing,rain,night,70,120,2,540,480,580,460,1,1,308432a4-ec29-4045-9ca0-1c38bb771e2f,2025-07-28 17:08:44.258,jimmy,204
squish,data/data/test_images/healthy/g_0007_d_s_cropped.png,elderly,healthy,standing,sunny,day,67,120,3,500,520,580,480,1,1,308432a4-ec29-4045-9ca0-1c38bb771e2f,2025-07-28 17:08:44.258,jimmy,204
save,data/data/test_images/healthy/p_0182_d_s_cropped.png,police,healthy,standing,sunny,day,64,120,3,480,480,580,440,1,1,308432a4-ec29-4045-9ca0-1c38bb771e2f,2025-07-28 17:08:44.258,jimmy,204
squish,data/data/test_images/corpse/do_c_0144_n_r_cropped.png,doctor,corpse,injured,rain,night,62,120,4,560,500,580,440,1,1,308432a4-ec29-4045-9ca0-1c38bb771e2f,2025-07-28 17:08:44.258,jimmy,204
squish,data/data/test_images/zombie/g_z_0158_d_s_cropped.png,elderly,zombie,standing,sunny,day,60,120,4,560,480,580,440,1,1,308432a4-ec29-4045-9ca0-1c38bb771e2f,2025-07-28 17:08:44.258,jimmy,204
squish,data/data/test_images/corpse/g_c_0112_d_cropped.png,elderly,corpse,injured,sunny,day,56,120,4,600,440,560,440,1,1,308432a4-ec29-4045-9ca0-1c38bb771e2f,2025-07-28 17:08:44.258,jimmy,204
squish,data/data/test_images/zombie/p_z_0192_d_s_cropped.png,police,zombie,standing,sunny,day,54,120,4,600,420,560,440,1,1,308432a4-ec29-4045-9ca0-1c38bb771e2f,2025-07-28 17:08:44.258,jimmy,204
squish,data/data/test_images/zombie/g_z_0062_n_r_s_cropped.png,elderly,zombie,standing,rain,night,50,120,4,640,380,540,440,1,1,308432a4-ec29-4045-9ca0-1c38bb771e2f,2025-07-28 17:08:44.258,jimmy,204
squish,data/data/test_images/zombie/z_0006_n_r_s_cropped.png,default,zombie,standing,rain,night,43,120,4,680,340,520,440,1,1,308432a4-ec29-4045-9ca0-1c38bb771e2f,2025-07-28 17:08:44.258,jimmy,204
squish,data/data/test_images/zombie/z_0133_d_s_cropped.png,default,zombie,standing,sunny,day,41,120,4,720,300,500,440,1,1,308432a4-ec29-4045-9ca0-1c38bb771e2f,2025-07-28 17:08:44.258,jimmy,204
squish,data/data/test_images/injured/m_0186_d_i_cropped.png,business,injured,injured,sunny,day,38,120,4,760,260,480,440,1,1,308432a4-ec29-4045-9ca0-1c38bb771e2f,2025-07-28 17:08:44.258,jimmy,204
skip,data/data/test_images/healthy/g_0034_n_r_s_cropped.png,elderly,healthy,standing,rain,night,31,120,4,760,240,540,400,1,1,308432a4-ec29-4045-9ca0-1c38bb771e2f,2025-07-28 17:08:44.258,jimmy,204
squish,data/data/test_images/corpse/p_c_0076_d_cropped.png,police,corpse,injured,sunny,day,27,120,4,740,240,540,380,1,1,308432a4-ec29-4045-9ca0-1c38bb771e2f,2025-07-28 17:08:44.258,jimmy,204
skip,data/data/test_images/corpse/g_c_0125_d_cropped.png,elderly,corpse,injured,sunny,day,23,120,4,740,220,540,380,1,1,308432a4-ec29-4045-9ca0-1c38bb771e2f,2025-07-28 17:08:44.258,jimmy,204
save,data/data/test_images/healthy/g_0136_d_s_cropped.png,elderly,healthy,standing,sunny,day,21,120,4,720,220,540,380,1,1,308432a4-ec29-4045-9ca0-1c38bb771e2f,2025-07-28 17:08:44.258,jimmy,204
save,data/data/test_images/healthy/h_0121_n_r_s_cropped.png,default,healthy,standing,rain,night,18,120,5,680,260,540,400,1,1,308432a4-ec29-4045-9ca0-1c38bb771e2f,2025-07-28 17:08:44.258,jimmy,204
squish,data/data/test_images/zombie/p_z_0118_d_s_cropped.png,police,zombie,standing,sunny,day,15,120,6,640,300,620,360,1,1,308432a4-ec29-4045-9ca0-1c38bb771e2f,2025-07-28 17:08:44.258,jimmy,204
skip,data/data/test_images/corpse/g_c_0099_n_r_cropped.png,elderly,corpse,injured,rain,night,12,120,6,680,260,600,360,1,1,308432a4-ec29-4045-9ca0-1c38bb771e2f,2025-07-28 17:08:44.258,jimmy,204
save,data/data/test_images/healthy/p_0056_d_s_cropped.png,police,healthy,standing,sunny,day,10,120,6,660,260,600,360,1,1,308432a4-ec29-4045-9ca0-1c38bb771e2f,2025-07-28 17:08:44.258,jimmy,204
skip,data/data/test_images/injured/g_0076_d_i_cropped.png,elderly,injured,injured,sunny,day,7,120,7,740,280,600,360,1,1,308432a4-ec29-4045-9ca0-1c38bb771e2f,2025-07-28 17:08:44.258,jimmy,204
skip,data/data/test_images/healthy/g_0091_n_r_s_cropped.png,elderly,healthy,standing,rain,night,2,120,7,740,280,600,300,1,1,308432a4-ec29-4045-9ca0-1c38bb771e2f,2025-07-28 17:08:44.258,jimmy,204
squish,data/data/test_images/zombie/z_0137_d_s_cropped.png,default,zombie,standing,sunny,day,0,120,7,720,280,600,280,1,1,308432a4-ec29-4045-9ca0-1c38bb771e2f,2025-07-28 17:08:44.258,jimmy,204
skip,data/data/test_images/corpse/m_c_0196_d_cropped.png,business,corpse,injured,sunny,day,58,61,0,760,240,580,280,1,2,308432a4-ec29-4045-9ca0-1c38bb771e2f,2025-07-28 17:08:44.258,jimmy,204
save,data/data/test_images/corpse/g_c_0172_n_r_cropped.png,elderly,corpse,injured,rain,night,56,61,0,740,240,580,280,1,2,308432a4-ec29-4045-9ca0-1c38bb771e2f,2025-07-28 17:08:44.258,jimmy,204
squish,data/data/test_images/corpse/do_c_0195_d_cropped.png,doctor,corpse,injured,sunny,day,53,61,1,740,240,580,260,1,2,308432a4-ec29-4045-9ca0-1c38bb771e2f,2025-07-28 17:08:44.258,jimmy,204
save,data/data/test_images/healthy/h_0016_d_s_cropped.png,default,healthy,standing,sunny,day,51,61,1,740,220,580,260,1,2,308432a4-ec29-4045-9ca0-1c38bb771e2f,2025-07-28 17:08:44.258,jimmy,204
squish,data/data/test_images/corpse/c_0123_d_cropped.png,default,corpse,injured,sunny,day,48,61,2,700,260,660,220,1,2,308432a4-ec29-4045-9ca0-1c38bb771e2f,2025-07-28 17:08:44.258,jimmy,204
save,data/data/test_images/healthy/g_0128_d_s_cropped.png,elderly,healthy,standing,sunny,day,44,61,2,700,240,660,220,1,2,308432a4-ec29-4045-9ca0-1c38bb771e2f,2025-07-28 17:08:44.258,jimmy,204
squish,data/data/test_images/corpse/m_c_0105_d_cropped.png,business,corpse,injured,sunny,day,42,61,3,660,280,660,240,1,2,308432a4-ec29-4045-9ca0-1c38bb771e2f,2025-07-28 17:08:44.258,jimmy,204
skip,data/data/test_images/healthy/m_0044_n_r_s_cropped.png,business,healthy,standing,rain,night,38,61,3,660,260,660,240,1,2,308432a4-ec29-4045-9ca0-1c38bb771e2f,2025-07-28 17:08:44.258,jimmy,204
skip,data/data/test_images/corpse/g_c_0146_d_cropped.png,elderly,corpse,injured,sunny,day,35,61,3,640,260,660,240,1,2,308432a4-ec29-4045-9ca0-1c38bb771e2f,2025-07-28 17:08:44.258,jimmy,204
squish,data/data/test_images/zombie/z_do_0089_n_r_s_cropped.png,default,zombie,standing,rain,night,33,61,3,620,260,660,240,1,2,308432a4-ec29-4045-9ca0-1c38bb771e2f,2025-07-28 17:08:44.258,jimmy,204
save,data/data/test_images/injured/do_0139_n_r_i_cropped.png,doctor,injured,injured,rain,night,30,61,3,660,220,640,240,1,2,308432a4-ec29-4045-9ca0-1c38bb771e2f,2025-07-28 17:08:44.258,jimmy,204
save,data/data/test_images/healthy/p_0187_n_r_s_cropped.png,police,healthy,standing,rain,night,27,61,4,640,260,640,320,1,2,308432a4-ec29-4045-9ca0-1c38bb771e2f,2025-07-28 17:08:44.258,jimmy,204
squish,data/data/test_images/corpse/c_0057_d_cropped.png,default,corpse,injured,sunny,day,25,61,5,720,280,640,320,1,2,308432a4-ec29-4045-9ca0-1c38bb771e2f,2025-07-28 17:08:44.258,jimmy,204
skip,data/data/test_images/injured/g_0066_d_i_cropped.png,elderly,injured,injured,sunny,day,20,61,5,720,260,640,320,1,2,308432a4-ec29-4045-9ca0-1c38bb771e2f,2025-07-28 17:08:44.258,jimmy,204
squish,data/data/test_images/corpse/do_c_0180_n_r_cropped.png,doctor,corpse,injured,rain,night,17,61,5,720,260,640,260,1,2,308432a4-ec29-4045-9ca0-1c38bb771e2f,2025-07-28 17:08:44.258,jimmy,204
skip,data/data/test_images/injured/g_0071_d_i_cropped.png,elderly,injured,injured,sunny,day,14,61,5,720,240,640,260,1,2,308432a4-ec29-4045-9ca0-1c38bb771e2f,2025-07-28 17:08:44.258,jimmy,204
save,data/data/test_images/corpse/g_c_0070_d_cropped.png,elderly,corpse,injured,sunny,day,11,61,5,720,240,640,200,1,2,308432a4-ec29-4045-9ca0-1c38bb771e2f,2025-07-28 17:08:44.258,jimmy,204
save,data/data/test_images/healthy/do_0186_d_s_cropped.png,doctor,healthy,standing,sunny,day,9,61,6,720,240,640,180,1,2,308432a4-ec29-4045-9ca0-1c38bb771e2f,2025-07-28 17:08:44.258,jimmy,204
skip,data/data/test_images/healthy/m_0183_n_r_s_cropped.png,business,healthy,standing,rain,night,5,61,7,760,280,640,220,1,2,308432a4-ec29-4045-9ca0-1c38bb771e2f,2025-07-28 17:08:44.258,jimmy,204
save,data/data/test_images/healthy/do_0158_n_r_s_cropped.png,doctor,healthy,standing,rain,night,2,61,7,740,280,640,220,1,2,308432a4-ec29-4045-9ca0-1c38bb771e2f,2025-07-28 17:08:44.258,jimmy,204
squish,data/data/test_images/corpse/do_c_0136_d_cropped.png,doctor,corpse,injured,sunny,day,0,61,8,780,320,640,260,1,2,308432a4-ec29-4045-9ca0-1c38bb771e2f,2025-07-28 17:08:44.258,jimmy,204
save,data/data/test_images/healthy/p_0024_n_r_s_cropped.png,police,healthy,standing,rain,night,48,50,0,780,300,640,260,1,3,308432a4-ec29-4045-9ca0-1c38bb771e2f,2025-07-28 17:08:44.258,jimmy,204
skip,data/data/test_images/injured/h_0104_n_r_i_cropped.png,default,injured,injured,rain,night,45,50,1,860,320,640,260,1,3,308432a4-ec29-4045-9ca0-1c38bb771e2f,2025-07-28 17:08:44.258,jimmy,204
skip,data/data/test_images/injured/g_0182_d_i_cropped.png,elderly,injured,injured,sunny,day,42,50,1,840,320,640,260,1,3,308432a4-ec29-4045-9ca0-1c38bb771e2f,2025-07-28 17:08:44.258,jimmy,204
squish,data/data/test_images/zombie/z_0179_d_s_cropped.png,default,zombie,standing,sunny,day,40,50,1,840,320,640,200,1,3,308432a4-ec29-4045-9ca0-1c38bb771e2f,2025-07-28 17:08:44.258,jimmy,204
squish,data/data/test_images/zombie/m_z_0187_n_r_s_cropped.png,business,zombie,standing,rain,night,37,50,1,880,280,620,200,1,3,308432a4-ec29-4045-9ca0-1c38bb771e2f,2025-07-28 17:08:44.258,jimmy,204
skip,data/data/test_images/corpse/do_c_0056_n_r_cropped.png,doctor,corpse,injured,rain,night,35,50,1,920,240,600,200,1,3,308432a4-ec29-4045-9ca0-1c38bb771e2f,2025-07-28 17:08:44.258,jimmy,204
squish,data/data/test_images/zombie/g_z_0149_d_s_cropped.png,elderly,zombie,standing,sunny,day,31,50,1,900,240,600,200,1,3,308432a4-ec29-4045-9ca0-1c38bb771e2f,2025-07-28 17:08:44.258,jimmy,204
skip,data/data/test_images/injured/h_0092_d_i_cropped.png,default,injured,injured,sunny,day,28,50,1,940,200,580,200,1,3,308432a4-ec29-4045-9ca0-1c38bb771e2f,2025-07-28 17:08:44.258,jimmy,204
squish,data/data/test_images/zombie/z_0030_d_s_cropped.png,default,zombie,standing,sunny,day,26,50,1,920,200,580,200,1,3,308432a4-ec29-4045-9ca0-1c38bb771e2f,2025-07-28 17:08:44.258,jimmy,204
skip,data/data/test_images/injured/p_0014_n_r_i_cropped.png,police,injured,injured,rain,night,23,50,1,960,160,560,200,1,3,308432a4-ec29-4045-9ca0-1c38bb771e2f,2025-07-28 17:08:44.258,jimmy,204
save,data/data/test_images/healthy/h_0069_d_s_cropped.png,default,healthy,standing,sunny,day,21,50,1,960,140,560,160,1,3,308432a4-ec29-4045-9ca0-1c38bb771e2f,2025-07-28 17:08:44.258,jimmy,204
skip,data/data/test_images/corpse/g_c_0179_d_cropped.png,elderly,corpse,injured,sunny,day,17,50,2,920,180,640,120,1,3,308432a4-ec29-4045-9ca0-1c38bb771e2f,2025-07-28 17:08:44.258,jimmy,204
skip,data/data/test_images/injured/do_0080_d_i_cropped.png,doctor,injured,injured,sunny,day,15,50,2,900,180,640,120,1,3,308432a4-ec29-4045-9ca0-1c38bb771e2f,2025-07-28 17:08:44.258,jimmy,204
skip,data/data/test_images/injured/g_0045_d_i_cropped.png,elderly,injured,injured,sunny,day,13,50,2,900,180,640,80,1,3,308432a4-ec29-4045-9ca0-1c38bb771e2f,2025-07-28 17:08:44.258,jimmy,204
squish,data/data/test_images/zombie/z_0105_d_s_cropped.png,default,zombie,standing,sunny,day,11,50,2,900,180,640,20,1,3,308432a4-ec29-4045-9ca0-1c38bb771e2f,2025-07-28 17:08:44.258,jimmy,204
save,data/data/test_images/healthy/h_0158_d_s_cropped.png,default,healthy,standing,sunny,day,8,50,2,940,140,620,20,1,3,308432a4-ec29-4045-9ca0-1c38bb771e2f,2025-07-28 17:08:44.258,jimmy,204
save,data/data/test_images/healthy/g_0117_n_r_s_cropped.png,elderly,healthy,standing,rain,night,6,50,3,900,180,700,0,1,3,308432a4-ec29-4045-9ca0-1c38bb771e2f,2025-07-28 17:08:44.258,jimmy,204
skip,data/data/test_images/corpse/g_c_0082_d_cropped.png,elderly,corpse,injured,sunny,day,4,50,4,860,220,700,20,1,3,308432a4-ec29-4045-9ca0-1c38bb771e2f,2025-07-28 17:08:44.258,jimmy,204
skip,data/data/test_images/injured/g_0171_d_i_cropped.png,elderly,injured,injured,sunny,day,2,50,4,840,220,700,20,1,3,308432a4-ec29-4045-9ca0-1c38bb771e2f,2025-07-28 17:08:44.258,jimmy,204
squish,data/data/test_images/zombie/z_do_0067_n_r_s_cropped.png,default,zombie,standing,rain,night,39,41,0,500,500,500,500,2,1,308432a4-ec29-4045-9ca0-1c38bb771e2f,2025-07-28 17:08:44.258,jimmy,204
squish,data/data/test_images/zombie/z_do_0191_n_r_s_cropped.png,default,zombie,standing,rain,night,37,41,0,540,460,480,500,2,1,308432a4-ec29-4045-9ca0-1c38bb771e2f,2025-07-28 17:08:44.258,jimmy,204
save,data/data/test_images/zombie/g_z_0076_n_r_s_cropped.png,elderly,zombie,standing,rain,night,34,41,0,580,420,460,500,2,1,308432a4-ec29-4045-9ca0-1c38bb771e2f,2025-07-28 17:08:44.258,jimmy,204
save,data/data/test_images/injured/do_0031_n_r_i_cropped.png,doctor,injured,injured,rain,night,32,41,1,540,460,540,460,2,1,308432a4-ec29-4045-9ca0-1c38bb771e2f,2025-07-28 17:08:44.258,jimmy,204
save,data/data/test_images/healthy/h_0130_n_r_s_cropped.png,default,healthy,standing,rain,night,30,41,2,520,500,540,540,2,1,308432a4-ec29-4045-9ca0-1c38bb771e2f,2025-07-28 17:08:44.258,jimmy,204
skip,data/data/test_images/zombie/g_z_0074_n_r_s_cropped.png,elderly,zombie,standing,rain,night,26,41,3,480,540,620,500,2,1,308432a4-ec29-4045-9ca0-1c38bb771e2f,2025-07-28 17:08:44.258,jimmy,204
squish,data/data/test_images/corpse/m_c_0164_d_cropped.png,business,corpse,injured,sunny,day,24,41,3,460,540,620,500,2,1,308432a4-ec29-4045-9ca0-1c38bb771e2f,2025-07-28 17:08:44.258,jimmy,204
save,data/data/test_images/healthy/p_0198_n_r_s_cropped.png,police,healthy,standing,rain,night,21,41,3,460,520,620,500,2,1,308432a4-ec29-4045-9ca0-1c38bb771e2f,2025-07-28 17:08:44.258,jimmy,204
squish,data/data/test_images/zombie/do_z_0042_d_s_cropped.png,doctor,zombie,standing,sunny,day,19,41,4,540,540,620,500,2,1,308432a4-ec29-4045-9ca0-1c38bb771e2f,2025-07-28 17:08:44.258,jimmy,204
save,data/data/test_images/healthy/m_0134_d_s_cropped.png,business,healthy,standing,sunny,day,17,41,4,580,500,600,500,2,1,308432a4-ec29-4045-9ca0-1c38bb771e2f,2025-07-28 17:08:44.258,jimmy,204
skip,data/data/test_images/corpse/m_c_0135_d_cropped.png,business,corpse,injured,sunny,day,13,41,5,620,540,620,500,2,1,308432a4-ec29-4045-9ca0-1c38bb771e2f,2025-07-28 17:08:44.258,jimmy,204
save,data/data/test_images/healthy/g_0132_d_s_cropped.png,elderly,healthy,standing,sunny,day,10,41,5,600,540,620,500,2,1,308432a4-ec29-4045-9ca0-1c38bb771e2f,2025-07-28 17:08:44.258,jimmy,204
squish,data/data/test_images/corpse/do_c_0063_n_r_cropped.png,doctor,corpse,injured,rain,night,7,41,6,560,580,620,520,2,1,308432a4-ec29-4045-9ca0-1c38bb771e2f,2025-07-28 17:08:44.258,jimmy,204
skip,data/data/test_images/corpse/m_c_0010_d_cropped.png,business,corpse,injured,sunny,day,4,41,6,560,560,620,520,2,1,308432a4-ec29-4045-9ca0-1c38bb771e2f,2025-07-28 17:08:44.258,jimmy,204
save,data/data/test_images/injured/p_0036_d_i_cropped.png,police,injured,injured,sunny,day,2,41,6,540,560,620,520,2,1,308432a4-ec29-4045-9ca0-1c38bb771e2f,2025-07-28 17:08:44.258,jimmy,204
save,data/data/test_images/healthy/h_0004_n_r_s_cropped.png,default,healthy,standing,rain,night,33,35,0,560,580,620,560,2,2,308432a4-ec29-4045-9ca0-1c38bb771e2f,2025-07-28 17:08:44.258,jimmy,204
skip,data/data/test_images/injured/p_0091_d_i_cropped.png,police,injured,injured,sunny,day,29,35,1,520,620,700,520,2,2,308432a4-ec29-4045-9ca0-1c38bb771e2f,2025-07-28 17:08:44.258,jimmy,204
squish,data/data/test_images/corpse/p_c_0087_d_cropped.png,police,corpse,injured,sunny,day,26,35,1,520,600,700,480,2,2,308432a4-ec29-4045-9ca0-1c38bb771e2f,2025-07-28 17:08:44.258,jimmy,204
save,data/data/test_images/injured/p_0090_d_i_cropped.png,police,injured,injured,sunny,day,24,35,1,520,580,700,480,2,2,308432a4-ec29-4045-9ca0-1c38bb771e2f,2025-07-28 17:08:44.258,jimmy,204
save,data/data/test_images/healthy/m_0199_d_s_cropped.png,business,healthy,standing,sunny,day,23,35,2,540,600,700,520,2,2,308432a4-ec29-4045-9ca0-1c38bb771e2f,2025-07-28 17:08:44.258,jimmy,204
squish,data/data/test_images/zombie/p_z_0127_n_r_s_cropped.png,police,zombie,standing,rain,night,20,35,3,580,640,720,520,2,2,308432a4-ec29-4045-9ca0-1c38bb771e2f,2025-07-28 17:08:44.258,jimmy,204
squish,data/data/test_images/healthy/h_0008_n_r_s_cropped.png,default,healthy,standing,rain,night,18,35,3,620,600,700,520,2,2,308432a4-ec29-4045-9ca0-1c38bb771e2f,2025-07-28 17:08:44.258,jimmy,204
squish,data/data/test_images/zombie/do_z_0087_d_s_cropped.png,doctor,zombie,standing,sunny,day,15,35,3,660,560,680,520,2,2,308432a4-ec29-4045-9ca0-1c38bb771e2f,2025-07-28 17:08:44.258,jimmy,204
skip,data/data/test_images/injured/h_0154_n_r_i_cropped.png,default,injured,injured,rain,night,13,35,3,700,520,660,520,2,2,308432a4-ec29-4045-9ca0-1c38bb771e2f,2025-07-28 17:08:44.258,jimmy,204
squish,data/data/test_images/corpse/c_0142_d_cropped.png,default,corpse,injured,sunny,day,10,35,3,680,520,660,520,2,2,308432a4-ec29-4045-9ca0-1c38bb771e2f,2025-07-28 17:08:44.258,jimmy,204
save,data/data/test_images/zombie/m_z_0038_n_r_s_cropped.png,business,zombie,standing,rain,night,8,35,3,680,500,660,520,2,2,308432a4-ec29-4045-9ca0-1c38bb771e2f,2025-07-28 17:08:44.258,jimmy,204
squish,data/data/test_images/corpse/c_0091_d_cropped.png,default,corpse,injured,sunny,day,4,35,4,640,540,740,480,2,2,308432a4-ec29-4045-9ca0-1c38bb771e2f,2025-07-28 17:08:44.258,jimmy,204
skip,data/data/test_images/injured/g_0158_d_i_cropped.png,elderly,injured,injured,sunny,day,1,35,4,640,520,740,480,2,2,308432a4-ec29-4045-9ca0-1c38bb771e2f,2025-07-28 17:08:44.258,jimmy,204
squish,data/data/test_images/zombie/z_do_0093_n_r_s_cropped.png,default,zombie,standing,rain,night,48,51,0,640,520,740,420,2,3,308432a4-ec29-4045-9ca0-1c38bb771e2f,2025-07-28 17:08:44.258,jimmy,204
save,data/data/test_images/healthy/do_0119_d_s_cropped.png,doctor,healthy,standing,sunny,day,46,51,0,680,480,720,420,2,3,308432a4-ec29-4045-9ca0-1c38bb771e2f,2025-07-28 17:08:44.258,jimmy,204
save,data/data/test_images/healthy/m_0114_d_s_cropped.png,business,healthy,standing,sunny,day,45,51,1,720,520,720,460,2,3,308432a4-ec29-4045-9ca0-1c38bb771e2f,2025-07-28 17:08:44.258,jimmy,204
save,data/data/test_images/healthy/g_0164_n_r_s_cropped.png,elderly,healthy,standing,rain,night,43,51,2,760,560,740,460,2,3,308432a4-ec29-4045-9ca0-1c38bb771e2f,2025-07-28 17:08:44.258,jimmy,204
skip,data/data/test_images/injured/g_0118_n_r_i_cropped.png,elderly,injured,injured,rain,night,41,51,3,720,600,740,480,2,3,308432a4-ec29-4045-9ca0-1c38bb771e2f,2025-07-28 17:08:44.258,jimmy,204
save,data/data/test_images/healthy/p_0011_n_r_s_cropped.png,police,healthy,standing,rain,night,37,51,3,720,600,740,420,2,3,308432a4-ec29-4045-9ca0-1c38bb771e2f,2025-07-28 17:08:44.258,jimmy,204
save,data/data/test_images/healthy/g_0118_d_s_cropped.png,elderly,healthy,standing,sunny,day,35,51,4,800,620,740,420,2,3,308432a4-ec29-4045-9ca0-1c38bb771e2f,2025-07-28 17:08:44.258,jimmy,204
squish,data/data/test_images/healthy/g_0147_d_s_cropped.png,elderly,healthy,standing,sunny,day,32,51,5,760,660,740,440,2,3,308432a4-ec29-4045-9ca0-1c38bb771e2f,2025-07-28 17:08:44.258,jimmy,204
save,data/data/test_images/healthy/do_0077_d_s_cropped.png,doctor,healthy,standing,sunny,day,30,51,5,740,620,740,400,2,3,308432a4-ec29-4045-9ca0-1c38bb771e2f,2025-07-28 17:08:44.258,jimmy,204
skip,data/data/test_images/corpse/p_c_0183_n_r_cropped.png,police,corpse,injured,rain,night,28,51,6,780,660,740,440,2,3,308432a4-ec29-4045-9ca0-1c38bb771e2f,2025-07-28 17:08:44.258,jimmy,204
skip,data/data/test_images/corpse/m_c_0057_n_r_cropped.png,business,corpse,injured,rain,night,25,51,6,760,660,740,440,2,3,308432a4-ec29-4045-9ca0-1c38bb771e2f,2025-07-28 17:08:44.258,jimmy,204
squish,data/data/test_images/zombie/do_z_0176_d_s_cropped.png,doctor,zombie,standing,sunny,day,23,51,6,740,660,740,440,2,3,308432a4-ec29-4045-9ca0-1c38bb771e2f,2025-07-28 17:08:44.258,jimmy,204
squish,data/data/test_images/zombie/z_do_0160_n_r_s_cropped.png,default,zombie,standing,rain,night,21,51,6,780,620,720,440,2,3,308432a4-ec29-4045-9ca0-1c38bb771e2f,2025-07-28 17:08:44.258,jimmy,204
save,data/data/test_images/injured/p_0190_d_i_cropped.png,police,injured,injured,sunny,day,18,51,6,820,580,700,440,2,3,308432a4-ec29-4045-9ca0-1c38bb771e2f,2025-07-28 17:08:44.258,jimmy,204
skip,data/data/test_images/corpse/do_c_0142_n_r_cropped.png,doctor,corpse,injured,rain,night,15,51,7,840,600,700,480,2,3,308432a4-ec29-4045-9ca0-1c38bb771e2f,2025-07-28 17:08:44.258,jimmy,204
skip,data/data/test_images/injured/do_0117_n_r_i_cropped.png,doctor,injured,injured,rain,night,12,51,7,820,600,700,480,2,3,308432a4-ec29-4045-9ca0-1c38bb771e2f,2025-07-28 17:08:44.258,jimmy,204
skip,data/data/test_images/injured/m_0163_n_r_i_cropped.png,business,injured,injured,rain,night,10,51,7,820,600,700,440,2,3,308432a4-ec29-4045-9ca0-1c38bb771e2f,2025-07-28 17:08:44.258,jimmy,204
squish,data/data/test_images/zombie/g_z_0099_d_s_cropped.png,elderly,zombie,standing,sunny,day,8,51,7,820,600,700,400,2,3,308432a4-ec29-4045-9ca0-1c38bb771e2f,2025-07-28 17:08:44.258,jimmy,204
skip,data/data/test_images/healthy/g_0113_d_s_cropped.png,elderly,healthy,standing,sunny,day,5,51,7,860,560,680,400,2,3,308432a4-ec29-4045-9ca0-1c38bb771e2f,2025-07-28 17:08:44.258,jimmy,204
skip,data/data/test_images/injured/g_0141_d_i_cropped.png,elderly,injured,injured,sunny,day,1,51,7,840,560,680,380,2,3,308432a4-ec29-4045-9ca0-1c38bb771e2f,2025-07-28 17:08:44.258,jimmy,204
skip,data/data/test_images/injured/m_0006_d_i_cropped.png,business,injured,injured,sunny,day,38,41,0,500,500,500,500,3,1,308432a4-ec29-4045-9ca0-1c38bb771e2f,2025-07-28 17:08:44.258,jimmy,204
skip,data/data/test_images/corpse/m_c_0055_d_cropped.png,business,corpse,injured,sunny,day,36,41,0,500,500,500,460,3,1,308432a4-ec29-4045-9ca0-1c38bb771e2f,2025-07-28 17:08:44.258,jimmy,204
save,data/data/test_images/corpse/g_c_0021_n_r_cropped.png,elderly,corpse,injured,rain,night,33,41,0,480,500,500,460,3,1,308432a4-ec29-4045-9ca0-1c38bb771e2f,2025-07-28 17:08:44.258,jimmy,204
skip,data/data/test_images/healthy/g_0085_n_r_s_cropped.png,elderly,healthy,standing,rain,night,30,41,1,480,500,500,440,3,1,308432a4-ec29-4045-9ca0-1c38bb771e2f,2025-07-28 17:08:44.258,jimmy,204
skip,data/data/test_images/injured/m_0048_d_i_cropped.png,business,injured,injured,sunny,day,27,41,1,460,500,500,420,3,1,308432a4-ec29-4045-9ca0-1c38bb771e2f,2025-07-28 17:08:44.258,jimmy,204
save,data/data/test_images/injured/g_0050_n_r_i_cropped.png,elderly,injured,injured,rain,night,25,41,1,460,500,500,380,3,1,308432a4-ec29-4045-9ca0-1c38bb771e2f,2025-07-28 17:08:44.258,jimmy,204
save,data/data/test_images/healthy/h_0100_n_r_s_cropped.png,default,healthy,standing,rain,night,23,41,2,360,540,500,440,3,1,308432a4-ec29-4045-9ca0-1c38bb771e2f,2025-07-28 17:08:44.258,jimmy,204
save,data/data/test_images/corpse/do_c_0146_n_r_cropped.png,doctor,corpse,injured,rain,night,20,41,3,320,580,580,400,3,1,308432a4-ec29-4045-9ca0-1c38bb771e2f,2025-07-28 17:08:44.258,jimmy,204
save,data/data/test_images/healthy/m_0101_d_s_cropped.png,business,healthy,standing,sunny,day,16,41,4,320,580,580,380,3,1,308432a4-ec29-4045-9ca0-1c38bb771e2f,2025-07-28 17:08:44.258,jimmy,204
squish,data/data/test_images/injured/g_0086_n_r_i_cropped.png,elderly,injured,injured,rain,night,13,41,5,360,620,600,380,3,1,308432a4-ec29-4045-9ca0-1c38bb771e2f,2025-07-28 17:08:44.258,jimmy,204
skip,data/data/test_images/corpse/do_c_0129_d_cropped.png,doctor,corpse,injured,sunny,day,9,41,5,360,600,600,340,3,1,308432a4-ec29-4045-9ca0-1c38bb771e2f,2025-07-28 17:08:44.258,jimmy,204
save,data/data/test_images/injured/h_0079_d_i_cropped.png,default,injured,injured,sunny,day,7,41,5,340,600,600,340,3,1,308432a4-ec29-4045-9ca0-1c38bb771e2f,2025-07-28 17:08:44.258,jimmy,204
squish,data/data/test_images/zombie/m_z_0039_n_r_s_cropped.png,business,zombie,standing,rain,night,4,41,6,300,640,680,300,3,1,308432a4-ec29-4045-9ca0-1c38bb771e2f,2025-07-28 17:08:44.258,jimmy,204
save,data/data/test_images/injured/do_0178_n_r_i_cropped.png,doctor,injured,injured,rain,night,1,41,6,340,600,660,300,3,1,308432a4-ec29-4045-9ca0-1c38bb771e2f,2025-07-28 17:08:44.258,jimmy,204
skip,data/data/test_images/corpse/do_c_0129_d_cropped.png,doctor,corpse,injured,sunny,day,73,77,0,320,640,660,380,3,2,308432a4-ec29-4045-9ca0-1c38bb771e2f,2025-07-28 17:08:44.258,jimmy,204
save,data/data/test_images/healthy/p_0152_d_s_cropped.png,police,healthy,standing,sunny,day,70,77,0,300,640,660,380,3,2,308432a4-ec29-4045-9ca0-1c38bb771e2f,2025-07-28 17:08:44.258,jimmy,204
squish,data/data/test_images/zombie/m_z_0113_d_s_cropped.png,business,zombie,standing,sunny,day,67,77,1,380,660,660,380,3,2,308432a4-ec29-4045-9ca0-1c38bb771e2f,2025-07-28 17:08:44.258,jimmy,204
skip,data/data/test_images/injured/m_0018_d_i_cropped.png,business,injured,injured,sunny,day,64,77,1,420,620,640,380,3,2,308432a4-ec29-4045-9ca0-1c38bb771e2f,2025-07-28 17:08:44.258,jimmy,204
squish,data/data/test_images/zombie/m_z_0005_d_s_cropped.png,business,zombie,standing,sunny,day,62,77,1,420,620,640,340,3,2,308432a4-ec29-4045-9ca0-1c38bb771e2f,2025-07-28 17:08:44.258,jimmy,204
save,data/data/test_images/healthy/p_0165_d_s_cropped.png,police,healthy,standing,sunny,day,59,77,1,460,580,620,340,3,2,308432a4-ec29-4045-9ca0-1c38bb771e2f,2025-07-28 17:08:44.258,jimmy,204
skip,data/data/test_images/injured/do_0030_n_r_i_cropped.png,doctor,injured,injured,rain,night,56,77,2,540,600,620,340,3,2,308432a4-ec29-4045-9ca0-1c38bb771e2f,2025-07-28 17:08:44.258,jimmy,204
save,data/data/test_images/healthy/p_0170_n_r_s_cropped.png,police,healthy,standing,rain,night,54,77,2,540,600,620,300,3,2,308432a4-ec29-4045-9ca0-1c38bb771e2f,2025-07-28 17:08:44.258,jimmy,204
skip,data/data/test_images/corpse/m_c_0072_n_r_cropped.png,business,corpse,injured,rain,night,50,77,3,620,620,620,300,3,2,308432a4-ec29-4045-9ca0-1c38bb771e2f,2025-07-28 17:08:44.258,jimmy,204
squish,data/data/test_images/zombie/z_0134_d_s_cropped.png,default,zombie,standing,sunny,day,46,77,3,600,620,620,300,3,2,308432a4-ec29-4045-9ca0-1c38bb771e2f,2025-07-28 17:08:44.258,jimmy,204
save,data/data/test_images/healthy/p_0065_d_s_cropped.png,police,healthy,standing,sunny,day,44,77,3,640,580,600,300,3,2,308432a4-ec29-4045-9ca0-1c38bb771e2f,2025-07-28 17:08:44.258,jimmy,204
skip,data/data/test_images/corpse/do_c_0133_d_cropped.png,doctor,corpse,injured,sunny,day,41,77,4,720,600,600,300,3,2,308432a4-ec29-4045-9ca0-1c38bb771e2f,2025-07-28 17:08:44.258,jimmy,204
save,data/data/test_images/healthy/h_0022_d_s_cropped.png,default,healthy,standing,sunny,day,38,77,4,700,600,600,300,3,2,308432a4-ec29-4045-9ca0-1c38bb771e2f,2025-07-28 17:08:44.258,jimmy,204
save,data/data/test_images/injured/h_0198_n_r_i_cropped.png,default,injured,injured,rain,night,36,77,5,660,640,680,260,3,2,308432a4-ec29-4045-9ca0-1c38bb771e2f,2025-07-28 17:08:44.258,jimmy,204
save,data/data/test_images/healthy/h_0070_n_r_s_cropped.png,default,healthy,standing,rain,night,34,77,6,620,680,760,220,3,2,308432a4-ec29-4045-9ca0-1c38bb771e2f,2025-07-28 17:08:44.258,jimmy,204
squish,data/data/test_images/zombie/do_z_0018_d_s_cropped.png,doctor,zombie,standing,sunny,day,32,77,7,580,720,840,180,3,2,308432a4-ec29-4045-9ca0-1c38bb771e2f,2025-07-28 17:08:44.258,jimmy,204
save,data/data/test_images/healthy/p_0178_n_r_s_cropped.png,police,healthy,standing,rain,night,30,77,7,620,680,820,180,3,2,308432a4-ec29-4045-9ca0-1c38bb771e2f,2025-07-28 17:08:44.258,jimmy,204
save,data/data/test_images/healthy/m_0186_n_r_s_cropped.png,business,healthy,standing,rain,night,28,77,8,700,700,820,180,3,2,308432a4-ec29-4045-9ca0-1c38bb771e2f,2025-07-28 17:08:44.258,jimmy,204
squish,data/data/test_images/zombie/m_z_0198_n_r_s_cropped.png,business,zombie,standing,rain,night,25,77,9,740,740,840,180,3,2,308432a4-ec29-4045-9ca0-1c38bb771e2f,2025-07-28 17:08:44.258,jimmy,204
skip,data/data/test_images/injured/do_0094_n_r_i_cropped.png,doctor,injured,injured,rain,night,22,77,9,780,700,820,180,3,2,308432a4-ec29-4045-9ca0-1c38bb771e2f,2025-07-28 17:08:44.258,jimmy,204
squish,data/data/test_images/zombie/m_z_0170_n_r_s_cropped.png,business,zombie,standing,rain,night,19,77,9,780,700,820,140,3,2,308432a4-ec29-4045-9ca0-1c38bb771e2f,2025-07-28 17:08:44.258,jimmy,204
skip,data/data/test_images/zombie/g_z_0015_d_s_cropped.png,elderly,zombie,standing,sunny,day,16,77,9,820,660,800,140,3,2,308432a4-ec29-4045-9ca0-1c38bb771e2f,2025-07-28 17:08:44.258,jimmy,204
save,data/data/test_images/healthy/p_0070_n_r_s_cropped.png,police,healthy,standing,rain,night,14,77,9,800,660,800,140,3,2,308432a4-ec29-4045-9ca0-1c38bb771e2f,2025-07-28 17:08:44.258,jimmy,204
skip,data/data/test_images/corpse/do_c_0010_d_cropped.png,doctor,corpse,injured,sunny,day,11,77,10,880,680,800,140,3,2,308432a4-ec29-4045-9ca0-1c38bb771e2f,2025-07-28 17:08:44.258,jimmy,204
skip,data/data/test_images/zombie/z_0069_n_r_s_cropped.png,default,zombie,standing,rain,night,8,77,10,860,680,800,140,3,2,308432a4-ec29-4045-9ca0-1c38bb771e2f,2025-07-28 17:08:44.258,jimmy,204
squish,data/data/test_images/zombie/z_0080_n_r_s_cropped.png,default,zombie,standing,rain,night,6,77,10,840,680,800,140,3,2,308432a4-ec29-4045-9ca0-1c38bb771e2f,2025-07-28 17:08:44.258,jimmy,204
skip,data/data/test_images/corpse/p_c_0109_d_cropped.png,police,corpse,injured,sunny,day,3,77,10,880,640,780,140,3,2,308432a4-ec29-4045-9ca0-1c38bb771e2f,2025-07-28 17:08:44.258,jimmy,204
skip,data/data/test_images/corpse/c_0195_n_r_cropped.png,default,corpse,injured,rain,night,0,77,10,860,640,780,140,3,2,308432a4-ec29-4045-9ca0-1c38bb771e2f,2025-07-28 17:08:44.258,jimmy,204
skip,data/data/test_images/zombie/m_z_0189_d_s_cropped.png,business,zombie,standing,sunny,day,52,56,0,840,640,780,140,3,3,308432a4-ec29-4045-9ca0-1c38bb771e2f,2025-07-28 17:08:44.258,jimmy,204
skip,data/data/test_images/injured/p_0154_d_i_cropped.png,police,injured,injured,sunny,day,50,56,0,820,640,780,140,3,3,308432a4-ec29-4045-9ca0-1c38bb771e2f,2025-07-28 17:08:44.258,jimmy,204
skip,data/data/test_images/corpse/m_c_0101_n_r_cropped.png,business,corpse,injured,rain,night,46,56,0,820,620,780,100,3,3,308432a4-ec29-4045-9ca0-1c38bb771e2f,2025-07-28 17:08:44.258,jimmy,204
skip,data/data/test_images/injured/m_0170_d_i_cropped.png,business,injured,injured,sunny,day,45,56,0,800,620,780,100,3,3,308432a4-ec29-4045-9ca0-1c38bb771e2f,2025-07-28 17:08:44.258,jimmy,204
squish,data/data/test_images/zombie/g_z_0020_n_r_s_cropped.png,elderly,zombie,standing,rain,night,42,56,0,800,620,780,60,3,3,308432a4-ec29-4045-9ca0-1c38bb771e2f,2025-07-28 17:08:44.258,jimmy,204
save,data/data/test_images/healthy/p_0138_d_s_cropped.png,police,healthy,standing,sunny,day,40,56,0,840,580,760,60,3,3,308432a4-ec29-4045-9ca0-1c38bb771e2f,2025-07-28 17:08:44.258,jimmy,204
skip,data/data/test_images/zombie/m_z_0063_d_s_cropped.png,business,zombie,standing,sunny,day,38,56,1,920,600,760,60,3,3,308432a4-ec29-4045-9ca0-1c38bb771e2f,2025-07-28 17:08:44.258,jimmy,204
skip,data/data/test_images/injured/h_0164_n_r_i_cropped.png,default,injured,injured,rain,night,35,56,1,900,600,760,60,3,3,308432a4-ec29-4045-9ca0-1c38bb771e2f,2025-07-28 17:08:44.258,jimmy,204
skip,data/data/test_images/corpse/p_c_0098_n_r_cropped.png,police,corpse,injured,rain,night,32,56,1,880,600,760,60,3,3,308432a4-ec29-4045-9ca0-1c38bb771e2f,2025-07-28 17:08:44.258,jimmy,204
squish,data/data/test_images/zombie/g_z_0150_n_r_s_cropped.png,elderly,zombie,standing,rain,night,30,56,1,860,600,760,60,3,3,308432a4-ec29-4045-9ca0-1c38bb771e2f,2025-07-28 17:08:44.258,jimmy,204
save,data/data/test_images/healthy/m_0142_d_s_cropped.png,business,healthy,standing,sunny,day,28,56,1,900,560,740,60,3,3,308432a4-ec29-4045-9ca0-1c38bb771e2f,2025-07-28 17:08:44.258,jimmy,204
save,data/data/test_images/healthy/p_0123_n_r_s_cropped.png,police,healthy,standing,rain,night,26,56,2,940,600,760,60,3,3,308432a4-ec29-4045-9ca0-1c38bb771e2f,2025-07-28 17:08:44.258,jimmy,204
squish,data/data/test_images/zombie/z_do_0180_n_r_s_cropped.png,default,zombie,standing,rain,night,23,56,3,1000,620,760,60,3,3,308432a4-ec29-4045-9ca0-1c38bb771e2f,2025-07-28 17:08:44.258,jimmy,204
save,data/data/test_images/healthy/g_0082_n_r_s_cropped.png,elderly,healthy,standing,rain,night,21,56,3,1000,580,740,60,3,3,308432a4-ec29-4045-9ca0-1c38bb771e2f,2025-07-28 17:08:44.258,jimmy,204
squish,data/data/test_images/zombie/z_0060_n_r_s_cropped.png,default,zombie,standing,rain,night,18,56,4,960,620,740,80,3,3,308432a4-ec29-4045-9ca0-1c38bb771e2f,2025-07-28 17:08:44.258,jimmy,204
save,data/data/test_images/injured/g_0089_n_r_i_cropped.png,elderly,injured,injured,rain,night,16,56,4,1000,580,720,80,3,3,308432a4-ec29-4045-9ca0-1c38bb771e2f,2025-07-28 17:08:44.258,jimmy,204
squish,data/data/test_images/corpse/p_c_0064_n_r_cropped.png,police,corpse,injured,rain,night,14,56,5,900,620,720,140,3,3,308432a4-ec29-4045-9ca0-1c38bb771e2f,2025-07-28 17:08:44.258,jimmy,204
save,data/data/test_images/healthy/m_0160_d_s_cropped.png,business,healthy,standing,sunny,day,12,56,5,900,600,720,140,3,3,308432a4-ec29-4045-9ca0-1c38bb771e2f,2025-07-28 17:08:44.258,jimmy,204
save,data/data/test_images/healthy/do_0078_n_r_s_cropped.png,doctor,healthy,standing,rain,night,9,56,6,940,640,740,140,3,3,308432a4-ec29-4045-9ca0-1c38bb771e2f,2025-07-28 17:08:44.258,jimmy,204
skip,data/data/test_images/corpse/c_0113_n_r_cropped.png,default,corpse,injured,rain,night,7,56,7,980,680,740,180,3,3,308432a4-ec29-4045-9ca0-1c38bb771e2f,2025-07-28 17:08:44.258,jimmy,204
skip,data/data/test_images/zombie/m_z_0187_d_s_cropped.png,business,zombie,standing,sunny,day,5,56,7,960,680,740,180,3,3,308432a4-ec29-4045-9ca0-1c38bb771e2f,2025-07-28 17:08:44.258,jimmy,204
save,data/data/test_images/healthy/do_0046_n_r_s_cropped.png,doctor,healthy,standing,rain,night,2,56,7,940,680,740,180,3,3,308432a4-ec29-4045-9ca0-1c38bb771e2f,2025-07-28 17:08:44.258,jimmy,204
skip,data/data/test_images/corpse/g_c_0030_n_r_cropped.png,elderly,corpse,injured,rain,night,62,65,0,500,500,500,500,4,1,308432a4-ec29-4045-9ca0-1c38bb771e2f,2025-07-28 17:08:44.258,jimmy,204
save,data/data/test_images/healthy/m_0187_n_r_s_cropped.png,business,healthy,standing,rain,night,60,65,0,480,500,500,500,4,1,308432a4-ec29-4045-9ca0-1c38bb771e2f,2025-07-28 17:08:44.258,jimmy,204
skip,data/data/test_images/corpse/g_c_0160_d_cropped.png,elderly,corpse,injured,sunny,day,56,65,1,520,540,520,500,4,1,308432a4-ec29-4045-9ca0-1c38bb771e2f,2025-07-28 17:08:44.258,jimmy,204
squish,data/data/test_images/zombie/do_z_0192_d_s_cropped.png,doctor,zombie,standing,sunny,day,54,65,1,500,540,520,500,4,1,308432a4-ec29-4045-9ca0-1c38bb771e2f,2025-07-28 17:08:44.258,jimmy,204
save,data/data/test_images/injured/p_0031_n_r_i_cropped.png,police,injured,injured,rain,night,51,65,1,540,500,500,500,4,1,308432a4-ec29-4045-9ca0-1c38bb771e2f,2025-07-28 17:08:44.258,jimmy,204
squish,data/data/test_images/zombie/do_z_0143_d_s_cropped.png,doctor,zombie,standing,sunny,day,49,65,2,560,520,500,540,4,1,308432a4-ec29-4045-9ca0-1c38bb771e2f,2025-07-28 17:08:44.258,jimmy,204
squish,data/data/test_images/zombie/z_0105_n_r_s_cropped.png,default,zombie,standing,rain,night,47,65,2,600,480,480,540,4,1,308432a4-ec29-4045-9ca0-1c38bb771e2f,2025-07-28 17:08:44.258,jimmy,204
squish,data/data/test_images/corpse/p_c_0177_n_r_cropped.png,police,corpse,injured,rain,night,45,65,2,640,440,460,540,4,1,308432a4-ec29-4045-9ca0-1c38bb771e2f,2025-07-28 17:08:44.258,jimmy,204
save,data/data/test_images/injured/g_0068_d_i_cropped.png,elderly,injured,injured,sunny,day,43,65,2,640,420,460,540,4,1,308432a4-ec29-4045-9ca0-1c38bb771e2f,2025-07-28 17:08:44.258,jimmy,204
squish,data/data/test_images/zombie/g_z_0172_n_r_s_cropped.png,elderly,zombie,standing,rain,night,38,65,3,540,460,460,600,4,1,308432a4-ec29-4045-9ca0-1c38bb771e2f,2025-07-28 17:08:44.258,jimmy,204
squish,data/data/test_images/corpse/do_c_0132_n_r_cropped.png,doctor,corpse,injured,rain,night,36,65,3,580,420,440,600,4,1,308432a4-ec29-4045-9ca0-1c38bb771e2f,2025-07-28 17:08:44.258,jimmy,204
save,data/data/test_images/injured/m_0139_d_i_cropped.png,business,injured,injured,sunny,day,34,65,3,580,400,440,600,4,1,308432a4-ec29-4045-9ca0-1c38bb771e2f,2025-07-28 17:08:44.258,jimmy,204
skip,data/data/test_images/zombie/g_z_0170_n_r_s_cropped.png,elderly,zombie,standing,rain,night,31,65,4,560,440,460,640,4,1,308432a4-ec29-4045-9ca0-1c38bb771e2f,2025-07-28 17:08:44.258,jimmy,204
save,data/data/test_images/injured/h_0068_d_i_cropped.png,default,injured,injured,sunny,day,28,65,4,540,440,460,640,4,1,308432a4-ec29-4045-9ca0-1c38bb771e2f,2025-07-28 17:08:44.258,jimmy,204
squish,data/data/test_images/corpse/c_0132_n_r_cropped.png,default,corpse,injured,rain,night,25,65,5,500,480,540,600,4,1,308432a4-ec29-4045-9ca0-1c38bb771e2f,2025-07-28 17:08:44.258,jimmy,204
squish,data/data/test_images/corpse/p_c_0056_n_r_cropped.png,police,corpse,injured,rain,night,22,65,5,500,460,540,600,4,1,308432a4-ec29-4045-9ca0-1c38bb771e2f,2025-07-28 17:08:44.258,jimmy,204
skip,data/data/test_images/injured/m_0016_n_r_i_cropped.png,business,injured,injured,rain,night,17,65,5,500,440,540,600,4,1,308432a4-ec29-4045-9ca0-1c38bb771e2f,2025-07-28 17:08:44.258,jimmy,204
skip,data/data/test_images/zombie/g_z_0136_n_r_s_cropped.png,elderly,zombie,standing,rain,night,15,65,5,500,440,540,560,4,1,308432a4-ec29-4045-9ca0-1c38bb771e2f,2025-07-28 17:08:44.258,jimmy,204
save,data/data/test_images/injured/p_0142_n_r_i_cropped.png,police,injured,injured,rain,night,12,65,5,480,440,540,560,4,1,308432a4-ec29-4045-9ca0-1c38bb771e2f,2025-07-28 17:08:44.258,jimmy,204
save,data/data/test_images/healthy/do_0118_d_s_cropped.png,doctor,healthy,standing,sunny,day,10,65,6,500,460,540,600,4,1,308432a4-ec29-4045-9ca0-1c38bb771e2f,2025-07-28 17:08:44.258,jimmy,204
save,data/data/test_images/healthy/m_0059_d_s_cropped.png,business,healthy,standing,sunny,day,8,65,7,540,500,540,640,4,1,308432a4-ec29-4045-9ca0-1c38bb771e2f,2025-07-28 17:08:44.258,jimmy,204
save,data/data/test_images/healthy/m_0187_d_s_cropped.png,business,healthy,standing,sunny,day,7,65,8,580,540,560,640,4,1,308432a4-ec29-4045-9ca0-1c38bb771e2f,2025-07-28 17:08:44.258,jimmy,204
skip,data/data/test_images/healthy/h_0124_n_r_s_cropped.png,default,healthy,standing,rain,night,4,65,9,620,580,580,640,4,1,308432a4-ec29-4045-9ca0-1c38bb771e2f,2025-07-28 17:08:44.258,jimmy,204
skip,data/data/test_images/corpse/p_c_0093_n_r_cropped.png,police,corpse,injured,rain,night,1,65,9,600,580,580,640,4,1,308432a4-ec29-4045-9ca0-1c38bb771e2f,2025-07-28 17:08:44.258,jimmy,204
save,data/data/test_images/healthy/m_0136_d_s_cropped.png,business,healthy,standing,sunny,day,46,49,0,580,580,580,640,4,2,308432a4-ec29-4045-9ca0-1c38bb771e2f,2025-07-28 17:08:44.258,jimmy,204
squish,data/data/test_images/zombie/m_z_0074_n_r_s_cropped.png,business,zombie,standing,rain,night,44,49,1,620,620,600,640,4,2,308432a4-ec29-4045-9ca0-1c38bb771e2f,2025-07-28 17:08:44.258,jimmy,204
save,data/data/test_images/injured/p_0066_d_i_cropped.png,police,injured,injured,sunny,day,42,49,1,660,580,580,640,4,2,308432a4-ec29-4045-9ca0-1c38bb771e2f,2025-07-28 17:08:44.258,jimmy,204
squish,data/data/test_images/zombie/z_0164_d_s_cropped.png,default,zombie,standing,sunny,day,40,49,2,680,600,580,680,4,2,308432a4-ec29-4045-9ca0-1c38bb771e2f,2025-07-28 17:08:44.258,jimmy,204
save,data/data/test_images/healthy/g_0108_d_s_cropped.png,elderly,healthy,standing,sunny,day,38,49,2,720,560,560,680,4,2,308432a4-ec29-4045-9ca0-1c38bb771e2f,2025-07-28 17:08:44.258,jimmy,204
save,data/data/test_images/injured/g_0118_d_i_cropped.png,elderly,injured,injured,sunny,day,35,49,3,680,600,560,700,4,2,308432a4-ec29-4045-9ca0-1c38bb771e2f,2025-07-28 17:08:44.258,jimmy,204
squish,data/data/test_images/corpse/c_0068_n_r_cropped.png,default,corpse,injured,rain,night,34,49,4,580,640,560,760,4,2,308432a4-ec29-4045-9ca0-1c38bb771e2f,2025-07-28 17:08:44.258,jimmy,204
squish,data/data/test_images/zombie/z_0056_d_s_cropped.png,default,zombie,standing,sunny,day,32,49,4,580,620,560,760,4,2,308432a4-ec29-4045-9ca0-1c38bb771e2f,2025-07-28 17:08:44.258,jimmy,204
skip,data/data/test_images/zombie/g_z_0054_n_r_s_cropped.png,elderly,zombie,standing,rain,night,30,49,4,620,580,540,760,4,2,308432a4-ec29-4045-9ca0-1c38bb771e2f,2025-07-28 17:08:44.258,jimmy,204
skip,data/data/test_images/zombie/g_z_0123_n_r_s_cropped.png,elderly,zombie,standing,rain,night,27,49,4,600,580,540,760,4,2,308432a4-ec29-4045-9ca0-1c38bb771e2f,2025-07-28 17:08:44.258,jimmy,204
save,data/data/test_images/injured/do_0022_n_r_i_cropped.png,doctor,injured,injured,rain,night,24,49,4,580,580,540,760,4,2,308432a4-ec29-4045-9ca0-1c38bb771e2f,2025-07-28 17:08:44.258,jimmy,204
squish,data/data/test_images/corpse/p_c_0147_d_cropped.png,police,corpse,injured,sunny,day,22,49,5,560,620,540,840,4,2,308432a4-ec29-4045-9ca0-1c38bb771e2f,2025-07-28 17:08:44.258,jimmy,204
save,data/data/test_images/injured/h_0119_n_r_i_cropped.png,default,injured,injured,rain,night,19,49,5,560,600,540,840,4,2,308432a4-ec29-4045-9ca0-1c38bb771e2f,2025-07-28 17:08:44.258,jimmy,204
save,data/data/test_images/injured/m_0023_d_i_cropped.png,business,injured,injured,sunny,day,16,49,6,520,640,620,800,4,2,308432a4-ec29-4045-9ca0-1c38bb771e2f,2025-07-28 17:08:44.258,jimmy,204
skip,data/data/test_images/corpse/c_0009_d_cropped.png,default,corpse,injured,sunny,day,12,49,7,500,680,640,840,4,2,308432a4-ec29-4045-9ca0-1c38bb771e2f,2025-07-28 17:08:44.258,jimmy,204
skip,data/data/test_images/injured/do_0119_n_r_i_cropped.png,doctor,injured,injured,rain,night,10,49,7,480,680,640,840,4,2,308432a4-ec29-4045-9ca0-1c38bb771e2f,2025-07-28 17:08:44.258,jimmy,204
save,data/data/test_images/healthy/m_0079_n_r_s_cropped.png,business,healthy,standing,rain,night,7,49,7,480,680,640,800,4,2,308432a4-ec29-4045-9ca0-1c38bb771e2f,2025-07-28 17:08:44.258,jimmy,204
squish,data/data/test_images/zombie/m_z_0182_n_r_s_cropped.png,business,zombie,standing,rain,night,5,49,8,520,720,660,800,4,2,308432a4-ec29-4045-9ca0-1c38bb771e2f,2025-07-28 17:08:44.258,jimmy,204
save,data/data/test_images/injured/do_0174_d_i_cropped.png,doctor,injured,injured,sunny,day,2,49,8,560,680,640,800,4,2,308432a4-ec29-4045-9ca0-1c38bb771e2f,2025-07-28 17:08:44.258,jimmy,204
squish,data/data/test_images/zombie/do_z_0045_d_s_cropped.png,doctor,zombie,standing,sunny,day,51,54,0,540,720,640,880,4,3,308432a4-ec29-4045-9ca0-1c38bb771e2f,2025-07-28 17:08:44.258,jimmy,204
squish,data/data/test_images/corpse/p_c_0188_d_cropped.png,police,corpse,injured,sunny,day,50,54,0,580,680,620,880,4,3,308432a4-ec29-4045-9ca0-1c38bb771e2f,2025-07-28 17:08:44.258,jimmy,204
save,data/data/test_images/injured/do_0020_d_i_cropped.png,doctor,injured,injured,sunny,day,48,54,0,580,660,620,880,4,3,308432a4-ec29-4045-9ca0-1c38bb771e2f,2025-07-28 17:08:44.258,jimmy,204
skip,data/data/test_images/corpse/do_c_0062_n_r_cropped.png,doctor,corpse,injured,rain,night,45,54,1,560,700,620,960,4,3,308432a4-ec29-4045-9ca0-1c38bb771e2f,2025-07-28 17:08:44.258,jimmy,204
save,data/data/test_images/healthy/m_0010_d_s_cropped.png,business,healthy,standing,sunny,day,43,54,1,540,700,620,960,4,3,308432a4-ec29-4045-9ca0-1c38bb771e2f,2025-07-28 17:08:44.258,jimmy,204
squish,data/data/test_images/zombie/m_z_0131_n_r_s_cropped.png,business,zombie,standing,rain,night,40,54,2,580,740,640,960,4,3,308432a4-ec29-4045-9ca0-1c38bb771e2f,2025-07-28 17:08:44.258,jimmy,204
skip,data/data/test_images/zombie/g_z_0198_d_s_cropped.png,elderly,zombie,standing,sunny,day,38,54,2,620,700,620,960,4,3,308432a4-ec29-4045-9ca0-1c38bb771e2f,2025-07-28 17:08:44.258,jimmy,204
save,data/data/test_images/healthy/p_0106_d_s_cropped.png,police,healthy,standing,sunny,day,35,54,2,600,700,620,960,4,3,308432a4-ec29-4045-9ca0-1c38bb771e2f,2025-07-28 17:08:44.258,jimmy,204
save,data/data/test_images/injured/h_0031_d_i_cropped.png,default,injured,injured,sunny,day,33,54,3,680,720,620,960,4,3,308432a4-ec29-4045-9ca0-1c38bb771e2f,2025-07-28 17:08:44.258,jimmy,204
squish,data/data/test_images/zombie/m_z_0091_n_r_s_cropped.png,business,zombie,standing,rain,night,30,54,4,640,760,700,920,4,3,308432a4-ec29-4045-9ca0-1c38bb771e2f,2025-07-28 17:08:44.258,jimmy,204
save,data/data/test_images/injured/p_0095_n_r_i_cropped.png,police,injured,injured,rain,night,28,54,4,680,720,680,920,4,3,308432a4-ec29-4045-9ca0-1c38bb771e2f,2025-07-28 17:08:44.258,jimmy,204
save,data/data/test_images/healthy/p_0034_n_r_s_cropped.png,police,healthy,standing,rain,night,26,54,5,700,740,680,960,4,3,308432a4-ec29-4045-9ca0-1c38bb771e2f,2025-07-28 17:08:44.258,jimmy,204
skip,data/data/test_images/corpse/c_0123_n_r_cropped.png,default,corpse,injured,rain,night,22,54,6,780,760,680,960,4,3,308432a4-ec29-4045-9ca0-1c38bb771e2f,2025-07-28 17:08:44.258,jimmy,204
squish,data/data/test_images/zombie/do_z_0043_d_s_cropped.png,doctor,zombie,standing,sunny,day,20,54,6,760,760,680,960,4,3,308432a4-ec29-4045-9ca0-1c38bb771e2f,2025-07-28 17:08:44.258,jimmy,204
skip,data/data/test_images/injured/m_0047_d_i_cropped.png,business,injured,injured,sunny,day,16,54,6,800,720,660,960,4,3,308432a4-ec29-4045-9ca0-1c38bb771e2f,2025-07-28 17:08:44.258,jimmy,204
save,data/data/test_images/healthy/h_0018_n_r_s_cropped.png,default,healthy,standing,rain,night,12,54,6,800,720,660,920,4,3,308432a4-ec29-4045-9ca0-1c38bb771e2f,2025-07-28 17:08:44.258,jimmy,204
save,data/data/test_images/healthy/do_0126_d_s_cropped.png,doctor,healthy,standing,sunny,day,10,54,7,760,760,740,880,4,3,308432a4-ec29-4045-9ca0-1c38bb771e2f,2025-07-28 17:08:44.258,jimmy,204
save,data/data/test_images/healthy/m_0109_d_s_cropped.png,business,healthy,standing,sunny,day,8,54,8,800,800,740,920,4,3,308432a4-ec29-4045-9ca0-1c38bb771e2f,2025-07-28 17:08:44.258,jimmy,204
save,data/data/test_images/injured/do_0095_n_r_i_cropped.png,doctor,injured,injured,rain,night,6,54,9,840,840,760,920,4,3,308432a4-ec29-4045-9ca0-1c38bb771e2f,2025-07-28 17:08:44.258,jimmy,204
skip,data/data/test_images/injured/do_0020_n_r_i_cropped.png,doctor,injured,injured,rain,night,4,54,10,820,880,760,1000,4,3,308432a4-ec29-4045-9ca0-1c38bb771e2f,2025-07-28 17:08:44.258,jimmy,204
squish,data/data/test_images/zombie/p_z_0038_n_r_s_cropped.png,police,zombie,standing,rain,night,1,54,10,820,880,760,960,4,3,308432a4-ec29-4045-9ca0-1c38bb771e2f,2025-07-28 17:08:44.258,jimmy,204
squish,data/data/test_images/zombie/z_do_0102_n_r_s_cropped.png,default,zombie,standing,rain,night,113,120,0,500,500,500,500,1,1,e03f2eb1-366a-41a4-b473-e9aedcc0bd9c,2025-07-28 17:34:38.973,jimmy,205
save,data/data/test_images/healthy/g_0154_d_s_cropped.png,elderly,healthy,standing,sunny,day,110,120,0,540,460,480,500,1,1,e03f2eb1-366a-41a4-b473-e9aedcc0bd9c,2025-07-28 17:34:38.973,jimmy,205
save,data/data/test_images/injured/p_0035_d_i_cropped.png,police,injured,injured,sunny,day,86,120,1,500,500,480,520,1,1,e03f2eb1-366a-41a4-b473-e9aedcc0bd9c,2025-07-28 17:34:38.973,jimmy,205
squish,data/data/test_images/corpse/m_c_0155_d_cropped.png,business,corpse,injured,sunny,day,82,120,2,520,520,480,560,1,1,e03f2eb1-366a-41a4-b473-e9aedcc0bd9c,2025-07-28 17:34:38.973,jimmy,205
skip,data/data/test_images/injured/m_0054_d_i_cropped.png,business,injured,injured,sunny,day,78,120,2,520,500,480,560,1,1,e03f2eb1-366a-41a4-b473-e9aedcc0bd9c,2025-07-28 17:34:38.973,jimmy,205
save,data/data/test_images/injured/p_0082_n_r_i_cropped.png,police,injured,injured,rain,night,74,120,2,520,500,480,520,1,1,e03f2eb1-366a-41a4-b473-e9aedcc0bd9c,2025-07-28 17:34:38.973,jimmy,205
squish,data/data/test_images/corpse/c_0111_d_cropped.png,default,corpse,injured,sunny,day,70,120,3,540,520,480,560,1,1,e03f2eb1-366a-41a4-b473-e9aedcc0bd9c,2025-07-28 17:34:38.973,jimmy,205
squish,data/data/test_images/zombie/g_z_0159_n_r_s_cropped.png,elderly,zombie,standing,rain,night,68,120,3,540,500,480,560,1,1,e03f2eb1-366a-41a4-b473-e9aedcc0bd9c,2025-07-28 17:34:38.973,jimmy,205
squish,data/data/test_images/injured/h_0037_d_i_cropped.png,default,injured,injured,sunny,day,66,120,3,580,460,460,560,1,1,e03f2eb1-366a-41a4-b473-e9aedcc0bd9c,2025-07-28 17:34:38.973,jimmy,205
squish,data/data/test_images/corpse/do_c_0188_n_r_cropped.png,doctor,corpse,injured,rain,night,64,120,3,620,420,440,560,1,1,e03f2eb1-366a-41a4-b473-e9aedcc0bd9c,2025-07-28 17:34:38.973,jimmy,205
squish,data/data/test_images/corpse/c_0187_d_cropped.png,default,corpse,injured,sunny,day,62,120,3,620,400,440,560,1,1,e03f2eb1-366a-41a4-b473-e9aedcc0bd9c,2025-07-28 17:34:38.973,jimmy,205
save,data/data/test_images/healthy/h_0182_n_r_s_cropped.png,default,healthy,standing,rain,night,60,120,3,620,380,440,560,1,1,e03f2eb1-366a-41a4-b473-e9aedcc0bd9c,2025-07-28 17:34:38.973,jimmy,205
save,data/data/test_images/healthy/p_0156_d_s_cropped.png,police,healthy,standing,sunny,day,58,120,4,580,420,520,520,1,1,e03f2eb1-366a-41a4-b473-e9aedcc0bd9c,2025-07-28 17:34:38.973,jimmy,205
save,data/data/test_images/healthy/g_0159_d_s_cropped.png,elderly,healthy,standing,sunny,day,56,120,5,660,440,520,520,1,1,e03f2eb1-366a-41a4-b473-e9aedcc0bd9c,2025-07-28 17:34:38.973,jimmy,205
save,data/data/test_images/healthy/do_0139_d_s_cropped.png,doctor,healthy,standing,sunny,day,53,120,6,620,480,520,540,1,1,e03f2eb1-366a-41a4-b473-e9aedcc0bd9c,2025-07-28 17:34:38.973,jimmy,205
scram,data/data/test_images/injured/g_0005_n_r_i_cropped.png,elderly,injured,injured,rain,night,48,120,7,660,520,520,580,1,1,e03f2eb1-366a-41a4-b473-e9aedcc0bd9c,2025-07-28 17:34:38.973,jimmy,205
squish,data/data/test_images/injured/g_0006_d_i_cropped.png,elderly,injured,injured,sunny,day,42,120,0,660,520,520,580,1,1,e03f2eb1-366a-41a4-b473-e9aedcc0bd9c,2025-07-28 17:34:38.973,jimmy,205
save,data/data/test_images/injured/h_0117_d_i_cropped.png,default,injured,injured,sunny,day,39,120,0,660,500,520,540,1,1,e03f2eb1-366a-41a4-b473-e9aedcc0bd9c,2025-07-28 17:34:38.973,jimmy,205
save,data/data/test_images/healthy/g_0173_d_s_cropped.png,elderly,healthy,standing,sunny,day,37,120,1,620,540,600,500,1,1,e03f2eb1-366a-41a4-b473-e9aedcc0bd9c,2025-07-28 17:34:38.973,jimmy,205
save,data/data/test_images/injured/h_0136_d_i_cropped.png,default,injured,injured,sunny,day,36,120,2,580,580,600,520,1,1,e03f2eb1-366a-41a4-b473-e9aedcc0bd9c,2025-07-28 17:34:38.973,jimmy,205
squish,data/data/test_images/injured/m_0033_d_i_cropped.png,business,injured,injured,sunny,day,33,120,3,540,620,680,480,1,1,e03f2eb1-366a-41a4-b473-e9aedcc0bd9c,2025-07-28 17:34:38.973,jimmy,205
save,data/data/test_images/healthy/g_0110_d_s_cropped.png,elderly,healthy,standing,sunny,day,31,120,3,540,600,740,440,1,1,e03f2eb1-366a-41a4-b473-e9aedcc0bd9c,2025-07-28 17:34:38.973,jimmy,205
squish,data/data/test_images/corpse/g_c_0161_n_r_cropped.png,elderly,corpse,injured,rain,night,28,120,4,500,640,740,460,1,1,e03f2eb1-366a-41a4-b473-e9aedcc0bd9c,2025-07-28 17:34:38.973,jimmy,205
save,data/data/test_images/healthy/p_0136_d_s_cropped.png,police,healthy,standing,sunny,day,26,120,4,500,620,740,460,1,1,e03f2eb1-366a-41a4-b473-e9aedcc0bd9c,2025-07-28 17:34:38.973,jimmy,205
save,data/data/test_images/healthy/h_0087_n_r_s_cropped.png,default,healthy,standing,rain,night,24,120,5,580,640,740,460,1,1,e03f2eb1-366a-41a4-b473-e9aedcc0bd9c,2025-07-28 17:34:38.973,jimmy,205
save,data/data/test_images/injured/g_0041_n_r_i_cropped.png,elderly,injured,injured,rain,night,21,120,6,540,680,820,420,1,1,e03f2eb1-366a-41a4-b473-e9aedcc0bd9c,2025-07-28 17:34:38.973,jimmy,205
save,data/data/test_images/healthy/do_0053_d_s_cropped.png,doctor,healthy,standing,sunny,day,20,120,7,440,720,820,480,1,1,e03f2eb1-366a-41a4-b473-e9aedcc0bd9c,2025-07-28 17:34:38.973,jimmy,205
save,data/data/test_images/healthy/m_0031_d_s_cropped.png,business,healthy,standing,sunny,day,18,120,8,480,760,820,520,1,1,e03f2eb1-366a-41a4-b473-e9aedcc0bd9c,2025-07-28 17:34:38.973,jimmy,205
squish,data/data/test_images/corpse/do_c_0046_d_cropped.png,doctor,corpse,injured,sunny,day,15,120,9,520,800,840,520,1,1,e03f2eb1-366a-41a4-b473-e9aedcc0bd9c,2025-07-28 17:34:38.973,jimmy,205
scram,data/data/test_images/corpse/do_c_0097_n_r_cropped.png,doctor,corpse,injured,rain,night,12,120,9,520,780,840,520,1,1,e03f2eb1-366a-41a4-b473-e9aedcc0bd9c,2025-07-28 17:34:38.973,jimmy,205
save,data/data/test_images/injured/g_0016_d_i_cropped.png,elderly,injured,injured,sunny,day,8,120,0,520,780,840,520,1,1,e03f2eb1-366a-41a4-b473-e9aedcc0bd9c,2025-07-28 17:34:38.973,jimmy,205
squish,data/data/test_images/corpse/c_0151_n_r_cropped.png,default,corpse,injured,rain,night,6,120,1,420,820,840,580,1,1,e03f2eb1-366a-41a4-b473-e9aedcc0bd9c,2025-07-28 17:34:38.973,jimmy,205
squish,data/data/test_images/zombie/g_z_0191_n_r_s_cropped.png,elderly,zombie,standing,rain,night,4,120,1,420,800,840,580,1,1,e03f2eb1-366a-41a4-b473-e9aedcc0bd9c,2025-07-28 17:34:38.973,jimmy,205
skip,data/data/test_images/injured/h_0166_n_r_i_cropped.png,default,injured,injured,rain,night,1,120,1,460,760,820,580,1,1,e03f2eb1-366a-41a4-b473-e9aedcc0bd9c,2025-07-28 17:34:38.973,jimmy,205
save,data/data/test_images/healthy/m_0014_n_r_s_cropped.png,business,healthy,standing,rain,night,64,67,0,440,760,820,580,1,2,e03f2eb1-366a-41a4-b473-e9aedcc0bd9c,2025-07-28 17:34:38.973,jimmy,205
squish,data/data/test_images/corpse/g_c_0161_n_r_cropped.png,elderly,corpse,injured,rain,night,62,67,1,480,800,840,580,1,2,e03f2eb1-366a-41a4-b473-e9aedcc0bd9c,2025-07-28 17:34:38.973,jimmy,205
skip,data/data/test_images/corpse/g_c_0049_n_r_cropped.png,elderly,corpse,injured,rain,night,59,67,1,480,780,840,580,1,2,e03f2eb1-366a-41a4-b473-e9aedcc0bd9c,2025-07-28 17:34:38.973,jimmy,205
squish,data/data/test_images/zombie/do_z_0140_d_s_cropped.png,doctor,zombie,standing,sunny,day,57,67,1,460,780,840,580,1,2,e03f2eb1-366a-41a4-b473-e9aedcc0bd9c,2025-07-28 17:34:38.973,jimmy,205
skip,data/data/test_images/corpse/g_c_0015_d_cropped.png,elderly,corpse,injured,sunny,day,54,67,1,500,740,820,580,1,2,e03f2eb1-366a-41a4-b473-e9aedcc0bd9c,2025-07-28 17:34:38.973,jimmy,205
squish,data/data/test_images/zombie/z_0027_d_s_cropped.png,default,zombie,standing,sunny,day,51,67,1,480,740,820,580,1,2,e03f2eb1-366a-41a4-b473-e9aedcc0bd9c,2025-07-28 17:34:38.973,jimmy,205
skip,data/data/test_images/injured/m_0166_d_i_cropped.png,business,injured,injured,sunny,day,48,67,1,520,700,800,580,1,2,e03f2eb1-366a-41a4-b473-e9aedcc0bd9c,2025-07-28 17:34:38.973,jimmy,205
squish,data/data/test_images/healthy/g_0119_n_r_s_cropped.png,elderly,healthy,standing,rain,night,46,67,1,520,700,800,540,1,2,e03f2eb1-366a-41a4-b473-e9aedcc0bd9c,2025-07-28 17:34:38.973,jimmy,205
skip,data/data/test_images/zombie/g_z_0128_n_r_s_cropped.png,elderly,zombie,standing,rain,night,43,67,1,500,660,800,500,1,2,e03f2eb1-366a-41a4-b473-e9aedcc0bd9c,2025-07-28 17:34:38.973,jimmy,205
squish,data/data/test_images/zombie/z_do_0001_n_r_s_cropped.png,default,zombie,standing,rain,night,40,67,1,480,660,800,500,1,2,e03f2eb1-366a-41a4-b473-e9aedcc0bd9c,2025-07-28 17:34:38.973,jimmy,205
save,data/data/test_images/healthy/h_0120_n_r_s_cropped.png,default,healthy,standing,rain,night,37,67,1,520,620,780,500,1,2,e03f2eb1-366a-41a4-b473-e9aedcc0bd9c,2025-07-28 17:34:38.973,jimmy,205
save,data/data/test_images/healthy/h_0024_n_r_s_cropped.png,default,healthy,standing,rain,night,35,67,2,480,660,860,460,1,2,e03f2eb1-366a-41a4-b473-e9aedcc0bd9c,2025-07-28 17:34:38.973,jimmy,205
squish,data/data/test_images/corpse/do_c_0057_d_cropped.png,doctor,corpse,injured,sunny,day,33,67,3,440,700,940,420,1,2,e03f2eb1-366a-41a4-b473-e9aedcc0bd9c,2025-07-28 17:34:38.973,jimmy,205
skip,data/data/test_images/injured/m_0008_n_r_i_cropped.png,business,injured,injured,rain,night,29,67,3,440,680,940,420,1,2,e03f2eb1-366a-41a4-b473-e9aedcc0bd9c,2025-07-28 17:34:38.973,jimmy,205
save,data/data/test_images/healthy/do_0108_n_r_s_cropped.png,doctor,healthy,standing,rain,night,27,67,3,440,680,940,380,1,2,e03f2eb1-366a-41a4-b473-e9aedcc0bd9c,2025-07-28 17:34:38.973,jimmy,205
save,data/data/test_images/zombie/z_0188_n_r_s_cropped.png,default,zombie,standing,rain,night,24,67,4,480,720,940,420,1,2,e03f2eb1-366a-41a4-b473-e9aedcc0bd9c,2025-07-28 17:34:38.973,jimmy,205
squish,data/data/test_images/corpse/m_c_0055_d_cropped.png,business,corpse,injured,sunny,day,21,67,5,440,760,1000,380,1,2,e03f2eb1-366a-41a4-b473-e9aedcc0bd9c,2025-07-28 17:34:38.973,jimmy,205
save,data/data/test_images/healthy/g_0152_n_r_s_cropped.png,elderly,healthy,standing,rain,night,18,67,5,440,740,1000,380,1,2,e03f2eb1-366a-41a4-b473-e9aedcc0bd9c,2025-07-28 17:34:38.973,jimmy,205
squish,data/data/test_images/zombie/do_z_0150_d_s_cropped.png,doctor,zombie,standing,sunny,day,15,67,6,400,780,1000,400,1,2,e03f2eb1-366a-41a4-b473-e9aedcc0bd9c,2025-07-28 17:34:38.973,jimmy,205
squish,data/data/test_images/corpse/c_0073_d_cropped.png,default,corpse,injured,sunny,day,14,67,6,440,740,980,400,1,2,e03f2eb1-366a-41a4-b473-e9aedcc0bd9c,2025-07-28 17:34:38.973,jimmy,205
skip,data/data/test_images/injured/m_0182_d_i_cropped.png,business,injured,injured,sunny,day,10,67,6,440,720,980,400,1,2,e03f2eb1-366a-41a4-b473-e9aedcc0bd9c,2025-07-28 17:34:38.973,jimmy,205
scram,data/data/test_images/healthy/h_0108_d_s_cropped.png,default,healthy,standing,sunny,day,8,67,6,440,720,980,360,1,2,e03f2eb1-366a-41a4-b473-e9aedcc0bd9c,2025-07-28 17:34:38.973,jimmy,205
skip,data/data/test_images/injured/g_0039_n_r_i_cropped.png,elderly,injured,injured,rain,night,5,67,0,440,720,980,360,1,2,e03f2eb1-366a-41a4-b473-e9aedcc0bd9c,2025-07-28 17:34:38.973,jimmy,205
save,data/data/test_images/injured/h_0141_n_r_i_cropped.png,default,injured,injured,rain,night,1,67,0,440,720,980,300,1,2,e03f2eb1-366a-41a4-b473-e9aedcc0bd9c,2025-07-28 17:34:38.973,jimmy,205
scram,data/data/test_images/zombie/z_0004_n_r_s_cropped.png,default,zombie,standing,rain,night,0,67,1,400,760,1000,260,1,2,e03f2eb1-366a-41a4-b473-e9aedcc0bd9c,2025-07-28 17:34:38.973,jimmy,205
save,data/data/test_images/healthy/g_0006_n_r_s_cropped.png,elderly,healthy,standing,rain,night,42,45,0,400,760,1000,260,1,3,e03f2eb1-366a-41a4-b473-e9aedcc0bd9c,2025-07-28 17:34:38.973,jimmy,205
squish,data/data/test_images/corpse/do_c_0146_d_cropped.png,doctor,corpse,injured,sunny,day,40,45,1,360,800,1000,280,1,3,e03f2eb1-366a-41a4-b473-e9aedcc0bd9c,2025-07-28 17:34:38.973,jimmy,205
save,data/data/test_images/injured/p_0172_d_i_cropped.png,police,injured,injured,sunny,day,38,45,1,360,780,1000,280,1,3,e03f2eb1-366a-41a4-b473-e9aedcc0bd9c,2025-07-28 17:34:38.973,jimmy,205
skip,data/data/test_images/injured/m_0150_n_r_i_cropped.png,business,injured,injured,rain,night,36,45,2,380,800,1000,320,1,3,e03f2eb1-366a-41a4-b473-e9aedcc0bd9c,2025-07-28 17:34:38.973,jimmy,205
squish,data/data/test_images/zombie/p_z_0170_n_r_s_cropped.png,police,zombie,standing,rain,night,33,45,2,380,800,1000,280,1,3,e03f2eb1-366a-41a4-b473-e9aedcc0bd9c,2025-07-28 17:34:38.973,jimmy,205
save,data/data/test_images/healthy/m_0162_n_r_s_cropped.png,business,healthy,standing,rain,night,30,45,2,420,760,980,280,1,3,e03f2eb1-366a-41a4-b473-e9aedcc0bd9c,2025-07-28 17:34:38.973,jimmy,205
skip,data/data/test_images/injured/h_0129_n_r_i_cropped.png,default,injured,injured,rain,night,28,45,3,460,800,1000,280,1,3,e03f2eb1-366a-41a4-b473-e9aedcc0bd9c,2025-07-28 17:34:38.973,jimmy,205
squish,data/data/test_images/zombie/z_0164_n_r_s_cropped.png,default,zombie,standing,rain,night,25,45,3,440,800,1000,280,1,3,e03f2eb1-366a-41a4-b473-e9aedcc0bd9c,2025-07-28 17:34:38.973,jimmy,205
squish,data/data/test_images/corpse/c_0003_d_cropped.png,default,corpse,injured,sunny,day,23,45,3,480,760,980,280,1,3,e03f2eb1-366a-41a4-b473-e9aedcc0bd9c,2025-07-28 17:34:38.973,jimmy,205
squish,data/data/test_images/zombie/p_z_0023_n_r_s_cropped.png,police,zombie,standing,rain,night,21,45,3,480,740,980,280,1,3,e03f2eb1-366a-41a4-b473-e9aedcc0bd9c,2025-07-28 17:34:38.973,jimmy,205
skip,data/data/test_images/corpse/c_0150_n_r_cropped.png,default,corpse,injured,rain,night,19,45,3,520,700,960,280,1,3,e03f2eb1-366a-41a4-b473-e9aedcc0bd9c,2025-07-28 17:34:38.973,jimmy,205
skip,data/data/test_images/injured/h_0179_n_r_i_cropped.png,default,injured,injured,rain,night,16,45,3,500,700,960,280,1,3,e03f2eb1-366a-41a4-b473-e9aedcc0bd9c,2025-07-28 17:34:38.973,jimmy,205
skip,data/data/test_images/injured/m_0088_n_r_i_cropped.png,business,injured,injured,rain,night,13,45,3,480,700,960,280,1,3,e03f2eb1-366a-41a4-b473-e9aedcc0bd9c,2025-07-28 17:34:38.973,jimmy,205
squish,data/data/test_images/zombie/z_0178_n_r_s_cropped.png,default,zombie,standing,rain,night,11,45,3,480,700,960,240,1,3,e03f2eb1-366a-41a4-b473-e9aedcc0bd9c,2025-07-28 17:34:38.973,jimmy,205
save,data/data/test_images/healthy/h_0028_n_r_s_cropped.png,default,healthy,standing,rain,night,8,45,3,520,660,940,240,1,3,e03f2eb1-366a-41a4-b473-e9aedcc0bd9c,2025-07-28 17:34:38.973,jimmy,205
save,data/data/test_images/healthy/p_0198_d_s_cropped.png,police,healthy,standing,sunny,day,7,45,4,480,700,1000,200,1,3,e03f2eb1-366a-41a4-b473-e9aedcc0bd9c,2025-07-28 17:34:38.973,jimmy,205
scram,data/data/test_images/zombie/p_z_0064_n_r_s_cropped.png,police,zombie,standing,rain,night,4,45,5,560,720,1000,200,1,3,e03f2eb1-366a-41a4-b473-e9aedcc0bd9c,2025-07-28 17:34:38.973,jimmy,205
save,data/data/test_images/injured/g_0182_d_i_cropped.png,elderly,injured,injured,sunny,day,1,45,0,560,720,1000,200,1,3,e03f2eb1-366a-41a4-b473-e9aedcc0bd9c,2025-07-28 17:34:38.973,jimmy,205
save,data/data/test_images/healthy/p_0077_n_r_s_cropped.png,police,healthy,standing,rain,night,68,71,0,500,500,500,500,2,1,e03f2eb1-366a-41a4-b473-e9aedcc0bd9c,2025-07-28 17:34:38.973,jimmy,205
save,data/data/test_images/healthy/g_0087_d_s_cropped.png,elderly,healthy,standing,sunny,day,67,71,1,580,520,500,500,2,1,e03f2eb1-366a-41a4-b473-e9aedcc0bd9c,2025-07-28 17:34:38.973,jimmy,205
squish,data/data/test_images/zombie/z_0129_d_s_cropped.png,default,zombie,standing,sunny,day,65,71,2,540,560,500,520,2,1,e03f2eb1-366a-41a4-b473-e9aedcc0bd9c,2025-07-28 17:34:38.973,jimmy,205
squish,data/data/test_images/zombie/p_z_0156_d_s_cropped.png,police,zombie,standing,sunny,day,64,71,2,580,520,480,520,2,1,e03f2eb1-366a-41a4-b473-e9aedcc0bd9c,2025-07-28 17:34:38.973,jimmy,205
save,data/data/test_images/injured/h_0190_n_r_i_cropped.png,default,injured,injured,rain,night,61,71,2,620,480,460,520,2,1,e03f2eb1-366a-41a4-b473-e9aedcc0bd9c,2025-07-28 17:34:38.973,jimmy,205
save,data/data/test_images/zombie/m_z_0139_n_r_s_cropped.png,business,zombie,standing,rain,night,60,71,3,580,520,540,480,2,1,e03f2eb1-366a-41a4-b473-e9aedcc0bd9c,2025-07-28 17:34:38.973,jimmy,205
save,data/data/test_images/corpse/m_c_0060_n_r_cropped.png,business,corpse,injured,rain,night,57,71,4,540,560,620,440,2,1,e03f2eb1-366a-41a4-b473-e9aedcc0bd9c,2025-07-28 17:34:38.973,jimmy,205
save,data/data/test_images/healthy/m_0065_d_s_cropped.png,business,healthy,standing,sunny,day,55,71,5,540,560,620,420,2,1,e03f2eb1-366a-41a4-b473-e9aedcc0bd9c,2025-07-28 17:34:38.973,jimmy,205
save,data/data/test_images/corpse/m_c_0171_n_r_cropped.png,business,corpse,injured,rain,night,53,71,6,580,600,640,420,2,1,e03f2eb1-366a-41a4-b473-e9aedcc0bd9c,2025-07-28 17:34:38.973,jimmy,205
save,data/data/test_images/injured/p_0098_d_i_cropped.png,police,injured,injured,sunny,day,52,71,7,580,600,640,400,2,1,e03f2eb1-366a-41a4-b473-e9aedcc0bd9c,2025-07-28 17:34:38.973,jimmy,205
squish,data/data/test_images/zombie/g_z_0130_d_s_cropped.png,elderly,zombie,standing,sunny,day,50,71,8,600,620,640,440,2,1,e03f2eb1-366a-41a4-b473-e9aedcc0bd9c,2025-07-28 17:34:38.973,jimmy,205
save,data/data/test_images/healthy/p_0085_n_r_s_cropped.png,police,healthy,standing,rain,night,48,71,8,640,580,620,440,2,1,e03f2eb1-366a-41a4-b473-e9aedcc0bd9c,2025-07-28 17:34:38.973,jimmy,205
squish,data/data/test_images/zombie/g_z_0037_d_s_cropped.png,elderly,zombie,standing,sunny,day,45,71,9,720,600,620,440,2,1,e03f2eb1-366a-41a4-b473-e9aedcc0bd9c,2025-07-28 17:34:38.973,jimmy,205
save,data/data/test_images/injured/m_0109_n_r_i_cropped.png,business,injured,injured,rain,night,43,71,9,760,560,600,440,2,1,e03f2eb1-366a-41a4-b473-e9aedcc0bd9c,2025-07-28 17:34:38.973,jimmy,205
save,data/data/test_images/healthy/h_0118_d_s_cropped.png,default,healthy,standing,sunny,day,41,71,10,740,600,620,480,2,1,e03f2eb1-366a-41a4-b473-e9aedcc0bd9c,2025-07-28 17:34:38.973,jimmy,205
save,data/data/test_images/healthy/m_0178_d_s_cropped.png,business,healthy,standing,sunny,day,38,71,11,700,640,700,440,2,1,e03f2eb1-366a-41a4-b473-e9aedcc0bd9c,2025-07-28 17:34:38.973,jimmy,205
scram,data/data/test_images/healthy/p_0177_d_s_cropped.png,police,healthy,standing,sunny,day,35,71,12,740,680,720,440,2,1,e03f2eb1-366a-41a4-b473-e9aedcc0bd9c,2025-07-28 17:34:38.973,jimmy,205
save,data/data/test_images/injured/do_0096_n_r_i_cropped.png,doctor,injured,injured,rain,night,33,71,0,740,680,720,440,2,1,e03f2eb1-366a-41a4-b473-e9aedcc0bd9c,2025-07-28 17:34:38.973,jimmy,205
save,data/data/test_images/corpse/do_c_0080_n_r_cropped.png,doctor,corpse,injured,rain,night,31,71,1,720,720,720,520,2,1,e03f2eb1-366a-41a4-b473-e9aedcc0bd9c,2025-07-28 17:34:38.973,jimmy,205
save,data/data/test_images/healthy/g_0197_n_r_s_cropped.png,elderly,healthy,standing,rain,night,28,71,2,720,720,720,500,2,1,e03f2eb1-366a-41a4-b473-e9aedcc0bd9c,2025-07-28 17:34:38.973,jimmy,205
save,data/data/test_images/injured/do_0111_n_r_i_cropped.png,doctor,injured,injured,rain,night,26,71,3,680,760,720,520,2,1,e03f2eb1-366a-41a4-b473-e9aedcc0bd9c,2025-07-28 17:34:38.973,jimmy,205
squish,data/data/test_images/corpse/p_c_0016_d_cropped.png,police,corpse,injured,sunny,day,24,71,4,660,800,720,600,2,1,e03f2eb1-366a-41a4-b473-e9aedcc0bd9c,2025-07-28 17:34:38.973,jimmy,205
squish,data/data/test_images/corpse/p_c_0022_n_r_cropped.png,police,corpse,injured,rain,night,22,71,4,660,780,720,600,2,1,e03f2eb1-366a-41a4-b473-e9aedcc0bd9c,2025-07-28 17:34:38.973,jimmy,205
squish,data/data/test_images/zombie/p_z_0146_d_s_cropped.png,police,zombie,standing,sunny,day,21,71,4,660,760,720,600,2,1,e03f2eb1-366a-41a4-b473-e9aedcc0bd9c,2025-07-28 17:34:38.973,jimmy,205
save,data/data/test_images/healthy/g_0080_d_s_cropped.png,elderly,healthy,standing,sunny,day,19,71,4,700,720,700,600,2,1,e03f2eb1-366a-41a4-b473-e9aedcc0bd9c,2025-07-28 17:34:38.973,jimmy,205
squish,data/data/test_images/zombie/z_do_0106_n_r_s_cropped.png,default,zombie,standing,rain,night,17,71,5,660,760,700,620,2,1,e03f2eb1-366a-41a4-b473-e9aedcc0bd9c,2025-07-28 17:34:38.973,jimmy,205
squish,data/data/test_images/zombie/z_do_0187_n_r_s_cropped.png,default,zombie,standing,rain,night,15,71,5,700,720,680,620,2,1,e03f2eb1-366a-41a4-b473-e9aedcc0bd9c,2025-07-28 17:34:38.973,jimmy,205
save,data/data/test_images/injured/h_0087_d_i_cropped.png,default,injured,injured,sunny,day,13,71,5,740,680,660,620,2,1,e03f2eb1-366a-41a4-b473-e9aedcc0bd9c,2025-07-28 17:34:38.973,jimmy,205
save,data/data/test_images/healthy/m_0002_d_s_cropped.png,business,healthy,standing,sunny,day,11,71,6,700,720,740,580,2,1,e03f2eb1-366a-41a4-b473-e9aedcc0bd9c,2025-07-28 17:34:38.973,jimmy,205
save,data/data/test_images/injured/m_0051_n_r_i_cropped.png,business,injured,injured,rain,night,9,71,7,740,760,760,580,2,1,e03f2eb1-366a-41a4-b473-e9aedcc0bd9c,2025-07-28 17:34:38.973,jimmy,205
save,data/data/test_images/healthy/g_0009_d_s_cropped.png,elderly,healthy,standing,sunny,day,8,71,8,720,800,780,620,2,1,e03f2eb1-366a-41a4-b473-e9aedcc0bd9c,2025-07-28 17:34:38.973,jimmy,205
skip,data/data/test_images/injured/g_0112_n_r_i_cropped.png,elderly,injured,injured,rain,night,5,71,9,680,840,780,640,2,1,e03f2eb1-366a-41a4-b473-e9aedcc0bd9c,2025-07-28 17:34:38.973,jimmy,205
scram,data/data/test_images/healthy/p_0089_d_s_cropped.png,police,healthy,standing,sunny,day,3,71,9,680,840,780,580,2,1,e03f2eb1-366a-41a4-b473-e9aedcc0bd9c,2025-07-28 17:34:38.973,jimmy,205
save,data/data/test_images/injured/p_0106_n_r_i_cropped.png,police,injured,injured,rain,night,66,69,0,680,840,780,580,2,2,e03f2eb1-366a-41a4-b473-e9aedcc0bd9c,2025-07-28 17:34:38.973,jimmy,205
skip,data/data/test_images/healthy/m_0062_n_r_s_cropped.png,business,healthy,standing,rain,night,63,69,1,700,860,780,620,2,2,e03f2eb1-366a-41a4-b473-e9aedcc0bd9c,2025-07-28 17:34:38.973,jimmy,205
save,data/data/test_images/injured/g_0087_n_r_i_cropped.png,elderly,injured,injured,rain,night,59,69,1,680,860,780,620,2,2,e03f2eb1-366a-41a4-b473-e9aedcc0bd9c,2025-07-28 17:34:38.973,jimmy,205
save,data/data/test_images/healthy/m_0034_n_r_s_cropped.png,business,healthy,standing,rain,night,58,69,2,580,900,780,680,2,2,e03f2eb1-366a-41a4-b473-e9aedcc0bd9c,2025-07-28 17:34:38.973,jimmy,205
save,data/data/test_images/injured/p_0034_n_r_i_cropped.png,police,injured,injured,rain,night,55,69,3,620,940,800,680,2,2,e03f2eb1-366a-41a4-b473-e9aedcc0bd9c,2025-07-28 17:34:38.973,jimmy,205
save,data/data/test_images/injured/h_0102_n_r_i_cropped.png,default,injured,injured,rain,night,54,69,4,640,960,800,720,2,2,e03f2eb1-366a-41a4-b473-e9aedcc0bd9c,2025-07-28 17:34:38.973,jimmy,205
save,data/data/test_images/injured/do_0094_d_i_cropped.png,doctor,injured,injured,sunny,day,52,69,5,600,1000,880,680,2,2,e03f2eb1-366a-41a4-b473-e9aedcc0bd9c,2025-07-28 17:34:38.973,jimmy,205
save,data/data/test_images/healthy/p_0196_n_r_s_cropped.png,police,healthy,standing,rain,night,51,69,6,580,1000,880,760,2,2,e03f2eb1-366a-41a4-b473-e9aedcc0bd9c,2025-07-28 17:34:38.973,jimmy,205
squish,data/data/test_images/corpse/do_c_0018_d_cropped.png,doctor,corpse,injured,sunny,day,48,69,7,660,1000,880,760,2,2,e03f2eb1-366a-41a4-b473-e9aedcc0bd9c,2025-07-28 17:34:38.973,jimmy,205
squish,data/data/test_images/corpse/c_0003_d_cropped.png,default,corpse,injured,sunny,day,46,69,7,660,980,880,760,2,2,e03f2eb1-366a-41a4-b473-e9aedcc0bd9c,2025-07-28 17:34:38.973,jimmy,205
save,data/data/test_images/healthy/p_0093_n_r_s_cropped.png,police,healthy,standing,rain,night,43,69,7,660,960,880,760,2,2,e03f2eb1-366a-41a4-b473-e9aedcc0bd9c,2025-07-28 17:34:38.973,jimmy,205
skip,data/data/test_images/injured/h_0164_n_r_i_cropped.png,default,injured,injured,rain,night,40,69,8,740,980,880,760,2,2,e03f2eb1-366a-41a4-b473-e9aedcc0bd9c,2025-07-28 17:34:38.973,jimmy,205
squish,data/data/test_images/zombie/p_z_0172_d_s_cropped.png,police,zombie,standing,sunny,day,37,69,8,720,980,880,760,2,2,e03f2eb1-366a-41a4-b473-e9aedcc0bd9c,2025-07-28 17:34:38.973,jimmy,205
save,data/data/test_images/healthy/g_0024_d_s_cropped.png,elderly,healthy,standing,sunny,day,35,69,8,760,940,860,760,2,2,e03f2eb1-366a-41a4-b473-e9aedcc0bd9c,2025-07-28 17:34:38.973,jimmy,205
save,data/data/test_images/healthy/h_0170_d_s_cropped.png,default,healthy,standing,sunny,day,34,69,9,720,980,860,780,2,2,e03f2eb1-366a-41a4-b473-e9aedcc0bd9c,2025-07-28 17:34:38.973,jimmy,205
squish,data/data/test_images/injured/m_0007_d_i_cropped.png,business,injured,injured,sunny,day,32,69,10,680,1000,940,740,2,2,e03f2eb1-366a-41a4-b473-e9aedcc0bd9c,2025-07-28 17:34:38.973,jimmy,205
save,data/data/test_images/injured/h_0115_n_r_i_cropped.png,default,injured,injured,rain,night,29,69,10,680,980,1000,700,2,2,e03f2eb1-366a-41a4-b473-e9aedcc0bd9c,2025-07-28 17:34:38.973,jimmy,205
save,data/data/test_images/healthy/m_0032_d_s_cropped.png,business,healthy,standing,sunny,day,27,69,11,640,1000,1000,660,2,2,e03f2eb1-366a-41a4-b473-e9aedcc0bd9c,2025-07-28 17:34:38.973,jimmy,205
scram,data/data/test_images/injured/do_0129_d_i_cropped.png,doctor,injured,injured,sunny,day,26,69,12,680,1000,1000,660,2,2,e03f2eb1-366a-41a4-b473-e9aedcc0bd9c,2025-07-28 17:34:38.973,jimmy,205
save,data/data/test_images/healthy/h_0027_n_r_s_cropped.png,default,healthy,standing,rain,night,24,69,0,680,1000,1000,660,2,2,e03f2eb1-366a-41a4-b473-e9aedcc0bd9c,2025-07-28 17:34:38.973,jimmy,205
save,data/data/test_images/healthy/g_0129_d_s_cropped.png,elderly,healthy,standing,sunny,day,23,69,1,640,1000,1000,620,2,2,e03f2eb1-366a-41a4-b473-e9aedcc0bd9c,2025-07-28 17:34:38.973,jimmy,205
squish,data/data/test_images/injured/p_0022_d_i_cropped.png,police,injured,injured,sunny,day,21,69,2,600,1000,1000,640,2,2,e03f2eb1-366a-41a4-b473-e9aedcc0bd9c,2025-07-28 17:34:38.973,jimmy,205
save,data/data/test_images/healthy/p_0078_n_r_s_cropped.png,police,healthy,standing,rain,night,19,69,2,580,980,1000,600,2,2,e03f2eb1-366a-41a4-b473-e9aedcc0bd9c,2025-07-28 17:34:38.973,jimmy,205
save,data/data/test_images/injured/p_0198_d_i_cropped.png,police,injured,injured,sunny,day,18,69,3,660,1000,1000,600,2,2,e03f2eb1-366a-41a4-b473-e9aedcc0bd9c,2025-07-28 17:34:38.973,jimmy,205
skip,data/data/test_images/corpse/m_c_0143_d_cropped.png,business,corpse,injured,sunny,day,15,69,4,680,1000,1000,640,2,2,e03f2eb1-366a-41a4-b473-e9aedcc0bd9c,2025-07-28 17:34:38.973,jimmy,205
skip,data/data/test_images/corpse/g_c_0018_d_cropped.png,elderly,corpse,injured,sunny,day,12,69,4,660,1000,1000,640,2,2,e03f2eb1-366a-41a4-b473-e9aedcc0bd9c,2025-07-28 17:34:38.973,jimmy,205
save,data/data/test_images/corpse/m_c_0039_d_cropped.png,business,corpse,injured,sunny,day,10,69,4,640,1000,1000,640,2,2,e03f2eb1-366a-41a4-b473-e9aedcc0bd9c,2025-07-28 17:34:38.973,jimmy,205
skip,data/data/test_images/corpse/m_c_0120_d_cropped.png,business,corpse,injured,sunny,day,7,69,5,640,1000,1000,620,2,2,e03f2eb1-366a-41a4-b473-e9aedcc0bd9c,2025-07-28 17:34:38.973,jimmy,205
skip,data/data/test_images/injured/g_0060_n_r_i_cropped.png,elderly,injured,injured,rain,night,5,69,5,620,1000,1000,620,2,2,e03f2eb1-366a-41a4-b473-e9aedcc0bd9c,2025-07-28 17:34:38.973,jimmy,205
skip,data/data/test_images/injured/m_0036_n_r_i_cropped.png,business,injured,injured,rain,night,3,69,5,620,1000,1000,560,2,2,e03f2eb1-366a-41a4-b473-e9aedcc0bd9c,2025-07-28 17:34:38.973,jimmy,205
scram,data/data/test_images/injured/do_0137_d_i_cropped.png,doctor,injured,injured,sunny,day,2,69,5,620,1000,1000,520,2,2,e03f2eb1-366a-41a4-b473-e9aedcc0bd9c,2025-07-28 17:34:38.973,jimmy,205
save,data/data/test_images/healthy/g_0014_n_r_s_cropped.png,elderly,healthy,standing,rain,night,38,40,0,620,1000,1000,520,2,3,e03f2eb1-366a-41a4-b473-e9aedcc0bd9c,2025-07-28 17:34:38.973,jimmy,205
save,data/data/test_images/healthy/p_0135_n_r_s_cropped.png,police,healthy,standing,rain,night,37,40,1,580,1000,1000,540,2,3,e03f2eb1-366a-41a4-b473-e9aedcc0bd9c,2025-07-28 17:34:38.973,jimmy,205
save,data/data/test_images/injured/g_0006_n_r_i_cropped.png,elderly,injured,injured,rain,night,35,40,2,660,1000,1000,540,2,3,e03f2eb1-366a-41a4-b473-e9aedcc0bd9c,2025-07-28 17:34:38.973,jimmy,205
skip,data/data/test_images/corpse/g_c_0180_n_r_cropped.png,elderly,corpse,injured,rain,night,33,40,3,560,1000,1000,600,2,3,e03f2eb1-366a-41a4-b473-e9aedcc0bd9c,2025-07-28 17:34:38.973,jimmy,205
squish,data/data/test_images/corpse/m_c_0153_n_r_cropped.png,business,corpse,injured,rain,night,29,40,3,540,1000,1000,600,2,3,e03f2eb1-366a-41a4-b473-e9aedcc0bd9c,2025-07-28 17:34:38.973,jimmy,205
skip,data/data/test_images/corpse/c_0022_d_cropped.png,default,corpse,injured,sunny,day,27,40,3,540,980,1000,600,2,3,e03f2eb1-366a-41a4-b473-e9aedcc0bd9c,2025-07-28 17:34:38.973,jimmy,205
squish,data/data/test_images/corpse/m_c_0064_d_cropped.png,business,corpse,injured,sunny,day,25,40,3,520,980,1000,600,2,3,e03f2eb1-366a-41a4-b473-e9aedcc0bd9c,2025-07-28 17:34:38.973,jimmy,205
squish,data/data/test_images/corpse/p_c_0045_d_cropped.png,police,corpse,injured,sunny,day,23,40,3,520,960,1000,600,2,3,e03f2eb1-366a-41a4-b473-e9aedcc0bd9c,2025-07-28 17:34:38.973,jimmy,205
save,data/data/test_images/healthy/h_0145_d_s_cropped.png,default,healthy,standing,sunny,day,19,40,3,520,940,1000,600,2,3,e03f2eb1-366a-41a4-b473-e9aedcc0bd9c,2025-07-28 17:34:38.973,jimmy,205
squish,data/data/test_images/zombie/g_z_0182_d_s_cropped.png,elderly,zombie,standing,sunny,day,17,40,4,480,980,1000,560,2,3,e03f2eb1-366a-41a4-b473-e9aedcc0bd9c,2025-07-28 17:34:38.973,jimmy,205
save,data/data/test_images/healthy/m_0122_d_s_cropped.png,business,healthy,standing,sunny,day,15,40,4,520,940,980,560,2,3,e03f2eb1-366a-41a4-b473-e9aedcc0bd9c,2025-07-28 17:34:38.973,jimmy,205
squish,data/data/test_images/zombie/z_0019_d_s_cropped.png,default,zombie,standing,sunny,day,12,40,5,560,980,1000,560,2,3,e03f2eb1-366a-41a4-b473-e9aedcc0bd9c,2025-07-28 17:34:38.973,jimmy,205
save,data/data/test_images/healthy/g_0075_d_s_cropped.png,elderly,healthy,standing,sunny,day,10,40,5,600,940,980,560,2,3,e03f2eb1-366a-41a4-b473-e9aedcc0bd9c,2025-07-28 17:34:38.973,jimmy,205
squish,data/data/test_images/zombie/m_z_0166_n_r_s_cropped.png,business,zombie,standing,rain,night,8,40,6,560,980,980,580,2,3,e03f2eb1-366a-41a4-b473-e9aedcc0bd9c,2025-07-28 17:34:38.973,jimmy,205
skip,data/data/test_images/injured/g_0144_d_i_cropped.png,elderly,injured,injured,sunny,day,6,40,6,600,940,960,580,2,3,e03f2eb1-366a-41a4-b473-e9aedcc0bd9c,2025-07-28 17:34:38.973,jimmy,205
squish,data/data/test_images/corpse/p_c_0024_d_cropped.png,police,corpse,injured,sunny,day,4,40,6,600,940,960,520,2,3,e03f2eb1-366a-41a4-b473-e9aedcc0bd9c,2025-07-28 17:34:38.973,jimmy,205
squish,data/data/test_images/corpse/c_0056_d_cropped.png,default,corpse,injured,sunny,day,2,40,6,600,920,960,520,2,3,e03f2eb1-366a-41a4-b473-e9aedcc0bd9c,2025-07-28 17:34:38.973,jimmy,205
